vm_id,samples,days_observed,cpu_cores,cpu_mean,cpu_last_3_days_mean,cpu_p95,cpu_max,cpu_below_5_pct,memory_mean,disk_mean,network_mean,outbound_network_mean,low_cpu_mean,low_recent_cpu,low_cpu_p95,mostly_idle_cpu,low_memory,low_disk,low_outbound_network,low_secondary_resource_count,possible_bursty,core_low_cpu,consistently_low_usage,reference_label,baseline_label,baseline_agrees
1,8634,29.99944444444445,4,4.022632241416988,11.556509038800709,1.0666666666666669,97.86666666666666,95.7493629835534,0.5913256734816683,421.5392942745618,15.530891670294034,2.982650497521936,False,False,True,True,True,False,False,1,True,False,False,False,False,True
10,16140,29.99944444444445,0,0.2375038354871068,0.0,0.0,92.3,99.68401486988849,2.020929239778351,15.517451466336226,1.1840334572490707,0.2263341594382487,True,True,True,True,True,False,True,2,True,True,True,False,True,False
100,20255,29.99944444444445,2,0.2880575903977533,0.0,2.1,4.8,100.0,13.230098104626736,0.5689139072069213,0.0201626876373852,0.0058156128410386,True,True,True,True,False,True,True,2,False,True,True,True,True,True
1000,8640,29.99944444444445,4,3.372503858024692,3.3658564814814813,17.766666666666666,24.966666666666665,78.66898148148148,13.322768096285769,164.27065586419752,6.126543209876543,4.281481481481482,False,False,False,False,False,False,False,0,False,False,False,False,False,True
1001,8640,29.99944444444445,1,0.2606944444444444,0.2747685185185184,0.5333333333333333,16.2,99.7800925925926,2.8756621908871787,2.674861111111111,4.402839506172839,3.9792206790123457,True,True,True,True,True,True,False,2,False,True,True,True,False,False
1002,8640,29.99944444444445,2,1.881304012345679,1.8832175925925927,2.3,8.066666666666666,99.9537037037037,3.567984149399592,12.069583333333332,0.6607947530864198,0.6318287037037037,True,True,True,True,True,False,True,2,False,True,True,True,True,True
1003,3791,13.160960648148148,0,1.4343850096092248,4.020138888888889,2.4,105.33333333333334,98.07438670535478,7.782761242434673,35.664250391011144,283.1585111772662,6.44195379198017,True,False,True,True,False,False,False,0,True,False,False,False,False,True
1004,3787,13.150543981481482,0,1.2081114203110506,1.07042517158392,2.0,55.93333333333333,99.6831264853446,8.96408376121287,4.878817361818418,0.3313792799929583,0.1884927969955696,True,True,True,True,False,True,True,2,False,True,True,True,True,True
1005,8640,29.99944444444445,4,18.970083636463844,18.02577160493827,29.15,31.55,0.0,36.365520923298,4.791460707502374,1783.3390058167142,46.158658000949664,False,False,False,False,False,True,False,1,False,False,False,False,False,True
1006,8640,29.99944444444445,4,7.634315200617284,7.40673225308642,13.434166666666654,33.583333333333336,4.398148148148148,19.31324048338728,3.847615740740741,1078.9246450617284,8.795516975308642,False,False,False,False,False,True,False,1,False,False,False,False,False,True
1007,8640,29.99944444444445,8,17.87559895833333,16.968557098765434,29.175,30.1,0.0,9.89150295636536,5.203819444444444,38.203773148148144,6.067893518518519,False,False,False,False,False,True,False,1,False,False,False,False,False,True
1008,8612,29.99944444444445,1,0.235129312422624,0.2565586419753086,0.5333333333333333,15.066666666666668,99.96516488620529,4.238495977249194,1.682229307566047,1.644641382318461,0.8181254941966739,True,True,True,True,True,True,True,3,False,True,True,True,True,True
1009,8616,29.99944444444445,2,0.0053118079885141,0.0202746509959719,0.0,5.5,99.98839368616528,6.905431105145391,0.0837148253582793,0.5811320024760136,0.2912836583101207,True,True,True,True,False,True,True,2,False,True,True,True,True,True
101,20255,29.99944444444445,2,0.016936910630443,0.0,0.2,1.1875,100.0,1.0416171686081497,0.1393906462445094,0.0475062007029422,0.0156565104442171,True,True,True,True,True,True,True,3,False,True,True,True,True,True
1010,8614,29.99944444444445,1,0.1740031116627355,0.1400077160493827,0.4,14.866666666666667,99.98839099140932,5.4486882459028125,1.2602876037488295,1.46287041841372,0.6500273331652481,True,True,True,True,True,True,True,3,False,True,True,True,True,True
1011,8636,29.99944444444445,1,0.1322467044560606,0.1344907407407407,0.4,2.1333333333333333,100.0,25.0318023458469,1.1168159798746875,0.1593021460552725,0.0793963254593175,True,True,True,True,False,True,True,2,False,True,True,True,True,True
1012,8633,29.99944444444445,1,0.1173029545843168,0.1371141975308642,0.4,0.75,100.0,24.93336819590192,0.3839755637363652,4.952174128045783,2.4741092838973064,True,True,True,True,False,True,False,1,False,True,False,False,False,True
1013,8635,29.99944444444445,1,0.0,0.0,0.0,0.0,100.0,6.337480051849987,0.0,0.0001775718973171,0.0,True,True,True,True,False,True,True,2,False,True,True,True,True,True
1014,8636,29.99944444444445,1,0.1312424182271333,0.1364969135802469,0.4,1.0,100.0,23.522055262158588,0.0530308081604978,0.0,0.0,True,True,True,True,False,True,True,2,False,True,True,True,True,True
1015,8636,29.99944444444445,1,0.0,0.0,0.0,0.0,100.0,0.8252571987958208,0.0,0.0,0.0,True,True,True,True,True,True,True,3,False,True,True,True,True,True
1016,8635,29.99944444444445,1,0.0,0.0,0.0,0.0,100.0,0.4710433268006236,0.0,0.0,0.0,True,True,True,True,True,True,True,3,False,True,True,True,True,True
1017,8634,29.99944444444445,1,1.6110344485257622,1.9065000275892512,3.0,11.866666666666667,99.9073430623118,15.479292963745028,0.8382187382534846,109.36822062193848,54.63651820343968,True,True,True,True,False,True,False,1,False,True,False,False,False,True
1018,8636,29.99944444444445,1,0.1313844292190749,0.1363425925925926,0.4,2.0,100.0,19.37576181499267,0.0495518412291223,0.0,0.0,True,True,True,True,False,True,True,2,False,True,True,True,True,True
1019,8636,29.99944444444445,1,0.132878533000117,0.1382003798670465,0.4,1.2857142857142858,100.0,26.76423366275042,1.1162530704332465,5.111874419389473,2.589725291948544,True,True,True,True,False,True,False,1,False,True,False,False,False,True
102,8617,29.99944444444445,2,1.5744670118799746,5.539285714285715,2.6333333333333333,73.26666666666667,97.47011721016597,2.32965599506135,23.18050786267103,2.443965799135812,1.2338297950808106,True,False,True,True,True,False,False,1,False,False,False,False,False,True
1020,8633,29.99944444444445,1,0.1312469317623956,0.1366898148148148,0.4,2.0,100.0,22.057530106335467,1.1435629871370634,7.72230588053592e-06,0.0,True,True,True,True,False,True,True,2,False,True,True,True,True,True
1021,8632,29.99944444444445,1,0.1313203362902158,0.1361000881834215,0.4,0.5333333333333333,100.0,26.0433050590373,1.08857102119382,0.0,0.0,True,True,True,True,False,True,True,2,False,True,True,True,True,True
1022,8636,29.99944444444445,1,0.0881464760343871,0.0785493827160493,0.4,0.7,100.0,19.092723330328823,0.0372148122321813,7.719623282383811e-06,0.0,True,True,True,True,False,True,True,2,False,True,True,True,True,True
1023,8633,29.99944444444445,1,0.1085132906400136,0.1164707829829498,0.4,0.6666666666666667,100.0,23.110136968008845,0.0546651001417594,0.0001621684234912,0.0,True,True,True,True,False,True,True,2,False,True,True,True,True,True
1024,8615,29.99944444444445,1,0.0,0.0,0.0,0.0,100.0,6.741417083146149,0.0,0.0001470303733797,1.5476881408396206e-05,True,True,True,True,False,True,True,2,False,True,True,True,True,True
1025,8615,29.99944444444445,1,7.000211106363168,24.205550044091712,42.87999999999981,101.06666666666666,76.07661056297155,54.151613617772455,0.2254567487068937,6052.448013006533,3026.185240561335,False,False,False,False,False,True,False,1,False,False,False,False,False,True
1026,8616,29.99944444444445,1,0.9173659789606864,0.9185185185185186,1.0666666666666669,4.533333333333333,100.0,45.40157579882302,0.2284390825825366,7.760827089448258,3.909999356621919,True,True,True,True,False,True,False,1,False,True,False,False,False,True
1027,8636,29.99944444444445,1,0.1243617776387577,0.1193672839506172,0.4,1.5,100.0,21.61650926286436,1.4658431665987246,0.1391134012660182,0.0676373173941492,True,True,True,True,False,True,True,2,False,True,True,True,True,True
1028,8633,29.99944444444445,1,0.0840396485247637,0.0651234567901234,0.4,5.066666666666666,99.9884165411792,15.00675144990512,0.0326105204884308,0.0,0.0,True,True,True,True,False,True,True,2,False,True,True,True,True,True
1029,8635,29.99944444444445,1,0.1321140430694571,0.1380070546737213,0.4,0.8,100.0,19.881704824807805,1.1328751156197594,3.72223520544308,1.9101412272344525,True,True,True,True,False,True,False,1,False,True,False,False,True,False
103,20258,29.99944444444445,2,0.0269469870417644,0.0,0.2,1.2333333333333334,100.0,1.0556943199289368,0.3012069305953204,0.0467996182578076,0.0152935465824201,True,True,True,True,True,True,True,3,False,True,True,True,True,True
1030,8636,29.99944444444445,1,0.13165707227773,0.1367283950617283,0.4,2.0,100.0,23.57462659715484,0.0418669633207613,0.0,0.0,True,True,True,True,False,True,True,2,False,True,True,True,True,True
1031,8636,29.99944444444445,1,0.1313827711581301,0.1367173721340388,0.4,1.6666666666666663,100.0,19.19789133771092,0.0342700587200355,0.0,0.0,True,True,True,True,False,True,True,2,False,True,True,True,True,True
1032,8636,29.99944444444445,1,0.1314694781056522,0.1371847928047233,0.4,0.8571428571428571,100.0,20.81086812166476,1.0862864623025577,1.1472499931363989,0.5912244280730848,True,True,True,True,False,True,True,2,False,True,True,True,True,True
1033,8636,29.99944444444445,1,0.1122362391352664,0.1354344729344729,0.4,2.0,100.0,26.42612754910547,0.0509783562122607,0.0,0.0,True,True,True,True,False,True,True,2,False,True,True,True,True,True
1035,8636,29.99944444444445,1,0.0849596925384326,0.0756393298059964,0.4,4.333333333333333,100.0,19.382300634910333,0.0351239684611615,0.0,0.0,True,True,True,True,False,True,True,2,False,True,True,True,True,True
1036,8635,29.99944444444445,1,1.228371967735025,1.4994174806674807,1.2666666666666666,70.06666666666666,97.44064852345107,20.279689567199927,1.1158363736244454,941.0510695018164,473.48674262814967,True,True,True,True,False,True,False,1,False,True,False,False,False,True
1037,8634,29.99944444444445,1,0.8258595585558755,0.382390873015873,1.2666666666666666,83.6,98.21635394950196,19.155300711277345,1.1346156391674111,654.458718162966,329.14223294946885,True,True,True,True,False,True,False,1,False,True,False,False,False,True
1038,8632,29.99944444444445,1,0.1311542874795886,0.1365299823633156,0.4,0.5333333333333333,100.0,20.203894383866302,1.0929258878285757,0.0001235712079085,0.0,True,True,True,True,False,True,True,2,False,True,True,True,True,True
1039,8617,29.99944444444445,1,0.9145075863365292,0.914090057319224,1.0666666666666669,1.8,100.0,34.81364358189416,0.2108883212515567,2.9264620168298947,1.47593875893168,True,True,True,True,False,True,False,1,False,True,False,False,True,False
104,20259,29.99944444444445,2,0.2938035770110403,0.0,2.2,5.566666666666666,99.99506392220742,12.30418845400834,0.4086019382332132,0.0542112970367079,0.0220050347993484,True,True,True,True,False,True,True,2,False,True,True,True,True,True
1040,8615,29.99944444444445,1,0.916447948453172,0.9140434603976272,1.0666666666666669,3.0,100.0,34.61137074364882,0.2105663750063053,1.0302408644428378,0.5168768028257291,True,True,True,True,False,True,True,2,False,True,True,True,True,True
1041,8636,29.99944444444445,1,0.1595116362717104,0.160785934744268,0.4,8.866666666666667,99.81472904122278,26.57708604143898,1.1160253376904603,19.526819325366105,9.8166873352318,True,True,True,True,False,True,False,1,False,True,False,False,False,True
1042,8617,29.99944444444445,1,0.9104296126809764,0.9125,1.0666666666666669,1.8666666666666665,100.0,53.960119991825806,0.3278781087647282,1.1608714554693431,0.5750067885642911,True,True,True,True,False,True,True,2,False,True,True,True,True,True
1043,8634,29.99944444444445,1,0.1434423155409951,0.1465002204585538,0.4,2.4,100.0,24.923253793667293,1.1353017417298166,9.15151256935482,4.609581582227517,True,True,True,True,False,True,False,1,False,True,False,False,False,True
1044,8632,29.99944444444445,1,0.1519935511275872,0.1544684193121693,0.4,3.8,100.0,26.16178778042528,1.108426563396443,15.970789582675588,8.021186309057022,True,True,True,True,False,True,False,1,False,True,False,False,False,True
1045,8634,29.99944444444445,1,0.1598133624540851,0.1679040989945862,0.4,8.0,99.79152189020152,24.96383806829448,1.0904034981953674,21.09243638956982,10.590182532894485,True,True,True,True,False,True,False,1,False,True,False,False,False,True
1046,8635,29.99944444444445,1,0.0,0.0,0.0,0.0,100.0,6.520766107418575,0.0,0.0001235282763945,0.0,True,True,True,True,False,True,True,2,False,True,True,True,True,True
1047,8635,29.99944444444445,1,0.1376623376623376,0.1390652557319224,0.4,4.066666666666666,100.0,17.124569348050386,1.1061565263533994,12.924911822398794,6.414173651093165,True,True,True,True,False,True,False,1,False,True,False,False,False,True
1048,8613,29.99944444444445,1,0.9740884488010924,1.1031635802469135,1.3333333333333337,3.333333333333333,100.0,38.446269760443,0.3358281777822008,0.1932272920778668,0.0973412283757111,True,True,True,True,False,True,True,2,False,True,True,True,True,True
1049,8617,29.99944444444445,1,0.9117483711599992,0.911474867724868,1.0666666666666669,1.6666666666666663,100.0,52.48272156427137,0.2198173021516412,0.3013732544195582,0.1492708212448261,True,True,True,True,False,True,True,2,False,True,True,True,True,True
105,8618,29.99944444444445,0,0.3786357759205287,1.1587962962962963,1.1333333333333333,91.73333333333332,99.72151311209096,5.116804684829207,10.842071893708004,0.6266553294053874,0.3828794745132642,True,True,True,True,True,False,True,2,True,True,True,False,True,False
1050,8618,29.99944444444445,1,0.9166383357494986,0.9173500881834216,1.0666666666666669,1.8666666666666665,100.0,28.57085096311417,0.2279902203724436,2.717376152250833,1.3585666100228642,True,True,True,True,False,True,False,1,False,True,False,False,True,False
1051,8613,29.99944444444445,1,0.9144782710613432,0.9138001434641064,1.0666666666666669,3.0,100.0,42.123698190525374,0.245642907990522,0.357978802806389,0.1797747590851038,True,True,True,True,False,True,True,2,False,True,True,True,True,True
1053,8617,29.99944444444445,1,0.92398563295047,0.9237433862433864,1.0666666666666669,2.666666666666667,100.0,52.82700979353456,0.2229628510439697,11.97941584062914,6.207323475140001,True,True,True,True,False,True,False,1,False,True,False,False,False,True
1054,8537,29.72164351851852,1,0.9116918993309998,0.9127865961199296,1.0666666666666669,1.8666666666666665,100.0,52.329692983765625,0.2378869519844101,0.1322556713911991,0.0665807660770762,True,True,True,True,False,True,True,2,False,True,True,True,True,True
1055,8632,29.99944444444445,1,0.0895992889563325,0.076168404789494,0.4,1.5,100.0,15.412222370630856,1.0901137375650811,0.0001235712079085,0.0,True,True,True,True,False,True,True,2,False,True,True,True,True,True
1056,8631,29.99944444444445,1,0.130477996301771,0.1343942901234568,0.4,1.3333333333333337,100.0,20.11916204416259,1.1059804727514149,0.0001235855250453,0.0,True,True,True,True,False,True,True,2,False,True,True,True,True,True
1057,6608,23.03348379629629,1,0.9232000797830098,0.9138227513227514,1.0666666666666669,40.53333333333333,99.9546004842615,32.87626239296371,0.2198476916545924,6.825101840250147,3.435921221635508,True,True,True,True,False,True,False,1,False,True,False,False,False,True
1058,8615,29.99944444444445,1,0.9096157779152556,0.9102797550074492,1.0666666666666669,2.666666666666667,100.0,48.166226413065466,0.1937613853226157,0.0001470303733797,1.5476881408396206e-05,True,True,True,True,False,True,True,2,False,True,True,True,True,True
1059,8615,29.99944444444445,1,0.9128944531962524,4.31008111239861,7.4866666666666175,32.2,93.99883923389436,7.312720713581904,0.0,978.0615262373532,489.6946432557575,True,False,False,False,False,True,False,1,False,False,False,False,False,True
106,8611,29.99944444444445,8,1.5283553216451544,1.5398637290564372,1.6416666666666666,5.825,99.9535477877134,0.985094027183958,45.49595105664668,7.470102239339262,2.8082408333482545,True,True,True,True,True,False,False,1,False,True,False,False,False,True
1060,8619,29.99944444444445,1,0.9117186232570847,0.9139715608465612,1.0666666666666669,3.0,100.0,50.567253875733634,0.2192058218946488,0.0001392272885485,0.0,True,True,True,True,False,True,True,2,False,True,True,True,True,True
1061,8635,29.99944444444445,1,0.1312851903934706,0.136518959435626,0.4,0.5333333333333333,100.0,23.096789871861898,1.0882783959911928,0.0001163592246394,0.0,True,True,True,True,False,True,True,2,False,True,True,True,True,True
1062,8636,29.99944444444445,1,0.0887847870826101,0.0800705467372134,0.4,9.769230769230768,99.98842056507642,16.514992680143887,1.079589316041377,0.0001703831138754,0.0,True,True,True,True,False,True,True,2,False,True,True,True,True,True
1063,8616,29.99944444444445,1,2.66986975420123,1.3306327160493825,17.866666666666667,34.6,89.39182915506035,43.21759560616988,0.258497968682509,1549.7038141301982,775.867972940283,False,True,False,False,False,True,False,1,False,False,False,False,False,True
1064,8617,29.99944444444445,1,0.9183642147956874,0.929243827160494,1.0666666666666669,4.6,100.0,35.577231303610255,0.2287419696726879,0.97441657410324,0.4848784517868887,True,True,True,True,False,True,True,2,False,True,True,True,True,True
1066,8616,29.99944444444445,1,0.9145112341491172,0.911367644700978,1.0666666666666669,1.5,100.0,41.61555724635432,0.2040174194422105,0.0017409470752089,0.0,True,True,True,True,False,True,True,2,False,True,True,True,True,True
1067,8618,29.99944444444445,1,0.9123095072329231,0.9155092592592596,1.0666666666666669,1.2,100.0,41.85584172404428,0.2194838599166749,0.0019107294809313,3.0942987545447506e-05,True,True,True,True,False,True,True,2,False,True,True,True,True,True
1068,8634,29.99944444444445,1,0.1318475382234937,0.1397296376463043,0.4,3.0,100.0,25.22929869474062,1.1245415029466457,0.4549183552658187,0.2257464950307202,True,True,True,True,False,True,True,2,False,True,True,True,True,True
1069,8616,29.99944444444445,1,0.9146921529929888,0.9164241622574956,1.0666666666666669,6.466666666666666,99.98839368616528,40.40338309044842,0.1944933432398613,3.663557251579536,1.8228001854742804,True,True,True,True,False,True,False,1,False,True,False,False,True,False
107,8602,29.95430555555556,4,1.5111563926592408,1.7094135802469137,1.7666666666666666,5.75,99.98837479655894,0.4709915951844564,8.152463607590322,3.438624219047376,0.055960947265295,True,True,True,True,True,False,True,2,False,True,True,True,True,True
1070,8616,29.99944444444445,1,0.9295967805020732,0.910493827160494,1.0666666666666669,46.6,99.9071494893222,34.133151636026795,0.1911229696745016,14.435660307143593,7.216844630145466,True,True,True,True,False,True,False,1,False,True,False,False,False,True
1071,8616,29.99944444444445,1,0.9157470186369908,0.9350694444444444,1.0666666666666669,8.066666666666666,99.98839368616528,39.18939775291483,0.2925962204513736,3.0849996967336804,1.555711751881668,True,True,True,True,False,True,False,1,False,True,False,False,True,False
1072,8615,29.99944444444445,1,0.9126051172017512,0.9127976190476192,1.0666666666666669,2.25,100.0,35.36985756815823,0.1982672821471428,0.0018417488875991,3.095376281679241e-05,True,True,True,True,False,True,True,2,False,True,True,True,True,True
1073,6073,21.10261574074074,1,0.14368255013735,0.1363460795674005,0.4,9.6,99.9835336736374,16.8239296125692,1.1015132031186698,0.6022174652834952,0.3031125277379188,True,True,True,True,False,True,True,2,False,True,True,True,True,True
1075,8633,29.99944444444445,1,0.1318569341388755,0.1361143298570876,0.4,1.2,100.0,17.80568469963393,1.1174230395908835,0.2668101728509466,0.130879892402538,True,True,True,True,False,True,True,2,False,True,True,True,True,True
1076,7801,27.16585648148148,1,0.9135580908430544,0.912885802469136,1.0666666666666669,2.933333333333333,100.0,33.162736147115936,0.2179099796071979,12.593848656577794,6.33200763685317,True,True,True,True,False,True,False,1,False,True,False,False,False,True
1077,8616,29.99944444444445,1,0.9122619275648524,0.9119157848324516,1.0666666666666669,3.0,100.0,50.33800087048756,0.2217321923537104,0.0001702259362426,1.547508511296812e-05,True,True,True,True,False,True,True,2,False,True,True,True,True,True
1078,4073,14.140208333333334,1,0.1495048694655863,0.1403880070546737,0.4,7.4,99.9754480726737,16.325015825416543,1.0975870761532438,2.710896379175289,1.3674336221107644,True,True,True,True,False,True,False,1,False,True,False,False,True,False
1079,8616,29.99944444444445,1,2.048622656874746,0.9205136684303352,12.216666666666669,51.66666666666667,93.75580315691737,37.46821390360583,0.2148669098878012,581.1886112159788,290.5034342076473,False,True,False,False,False,True,False,1,False,False,False,False,False,True
108,8616,29.99944444444445,8,1.240544432524107,1.27163387345679,1.6416666666666666,6.0,99.97678737233056,0.4072083276950811,11.302543694570156,4.200122711421457,0.6687055294210588,True,True,True,True,True,False,True,2,False,True,True,True,True,True
1080,8616,29.99944444444445,1,1.0563136930128574,1.5122685185185187,1.6,22.2,99.43129062209842,34.21790318514071,0.2025312250938991,47.53249049387628,23.76013304888653,True,True,True,True,False,True,False,1,False,True,False,False,False,True
1081,8619,29.99944444444445,1,2.10077224183559,2.0633873456790126,3.466666666666667,12.666666666666668,99.47789766794293,46.32120140121922,0.2051590691862184,712.8564636971877,358.13167039094645,False,False,True,True,False,True,False,1,False,False,False,False,False,True
1082,8616,29.99944444444445,1,0.9092987193091652,0.9097222222222224,1.0666666666666669,1.2,100.0,33.98100816470982,0.1984982081778738,0.0025126748316163,0.0003404518724852,True,True,True,True,False,True,True,2,False,True,True,True,True,True
1083,8619,29.99944444444445,1,0.9123895225966232,0.9119795713545716,1.0666666666666669,1.5,100.0,33.82745179338058,0.2056737348070449,0.0021167704425622,0.0001082878910933,True,True,True,True,False,True,True,2,False,True,True,True,True,True
1084,8631,29.99944444444445,1,0.1292497272163591,0.1339520494972931,0.4,1.0,100.0,16.78769602350574,1.0878006203171309,0.0071293399760553,0.0034217742246939,True,True,True,True,False,True,True,2,False,True,True,True,True,True
1085,8636,29.99944444444445,1,0.1313734339614376,0.1370744357998123,0.4,0.75,100.0,19.19846860055502,1.0921271773489234,0.0001080747259533,0.0,True,True,True,True,False,True,True,2,False,True,True,True,True,True
1086,8620,29.99944444444445,1,0.9128810973764572,0.911033950617284,1.0666666666666669,3.0,100.0,45.92863241621138,0.2376405220198723,0.0047351121423047,0.0015313225058004,True,True,True,True,False,True,True,2,False,True,True,True,True,True
1087,8613,29.99944444444445,1,1.022857028029442,0.996141975308642,1.5333333333333334,18.866666666666667,99.74457215836526,39.48226881562435,0.2182620036155389,51.74176382204944,26.07479936565621,True,True,True,True,False,True,False,1,False,True,False,False,False,True
1088,8616,29.99944444444445,1,0.9141315122512896,0.9124118165784834,1.0666666666666669,7.0,99.97678737233056,40.70351372846836,0.1972138057444463,3.5417687285375306,1.7793792648597662,True,True,True,True,False,True,False,1,False,True,False,False,True,False
1089,8617,29.99944444444445,1,0.9375320561609294,0.9204475308641976,1.0666666666666669,24.066666666666663,99.91876523151907,36.00507941596273,0.213245659862812,10.539695065678586,5.314775057057754,True,True,True,True,False,True,False,1,False,True,False,False,False,True
109,8616,29.99944444444445,8,1.0750877176734592,1.0795779596560846,1.1916666666666669,3.141666666666667,100.0,0.1546877965131508,10.57984546597012,4.04731436931994,0.7670104346288189,True,True,True,True,True,False,True,2,False,True,True,True,True,True
1090,8619,29.99944444444445,1,0.9139198408429178,0.9150518077601412,1.0666666666666669,2.0,100.0,50.94497273267011,0.5827763111699763,6.19090281262227,3.1066473245206274,True,True,True,True,False,True,False,1,False,True,False,False,False,True
1091,8636,29.99944444444445,1,1.9557253657386813,1.943669871794872,12.133333333333333,15.0,85.3520148216767,10.436906426726088,1.6362445156099623,384.0237332764632,189.4223908187433,True,True,False,False,False,True,False,1,False,False,False,False,False,True
1092,8635,29.99944444444445,1,0.099456530730416,0.0972442680776014,0.4,7.416666666666666,99.988419224088,20.108880128073395,1.0804543381729252,0.000193564397386,0.0,True,True,True,True,False,True,True,2,False,True,True,True,True,True
1093,8634,29.99944444444445,1,0.1323111873841547,0.137563632355299,0.4,1.6,100.0,18.00166146573875,0.0857209076024225,1.0865774292112027,0.5469163991749121,True,True,True,True,False,True,True,2,False,True,True,True,True,True
1094,8635,29.99944444444445,1,0.1187933760892649,0.114147503730837,0.4,0.8571428571428571,100.0,22.211153676484283,0.0430036289387765,0.0002944825874762,0.0,True,True,True,True,False,True,True,2,False,True,True,True,True,True
1095,8616,29.99944444444445,1,0.9148850974930364,0.9126736111111112,1.0666666666666669,3.266666666666667,100.0,53.42127483333188,0.2153241025455509,0.816719925076471,0.3899403907760453,True,True,True,True,False,True,True,2,False,True,True,True,True,True
1096,8617,29.99944444444445,1,0.9121698926967582,0.9137235449735452,1.0666666666666669,2.25,100.0,52.74713069610513,0.2285686345684024,0.0243472206104212,0.0117829097520405,True,True,True,True,False,True,True,2,False,True,True,True,True,True
1097,8635,29.99944444444445,1,0.1314495271183169,0.1370039682539682,0.4,0.6,100.0,22.8321505144861,1.084962348980878,0.0001240797419141,0.0,True,True,True,True,False,True,True,2,False,True,True,True,True,True
1098,8632,29.99944444444445,1,0.1204830310251997,0.1173170194003527,0.4,6.2,99.98841519925855,21.83893264563948,0.0371651440928549,0.0001312944084028,0.0,True,True,True,True,False,True,True,2,False,True,True,True,True,True
1099,8635,29.99944444444445,1,0.1353252267901949,0.1368716931216931,0.4,7.8,99.988419224088,18.277130996960054,1.124368598010752,3.925890704547334,1.978096090360132,True,True,True,True,False,True,False,1,False,True,False,False,True,False
11,8635,29.99944444444445,1,2.526625031019935,2.9456073633156965,3.0,54.33333333333333,97.1742906774754,4.538819884940267,23.472177234076483,0.271645339798206,0.0527246850813729,False,False,True,True,True,False,True,2,False,False,False,False,False,True
110,8619,29.99944444444445,8,4.012441252540887,1.5958815586419757,3.341071428571419,95.49166666666666,95.73036315117764,1.1436941176794069,29.959500178052213,196.5567912070784,73.161316289388,False,True,True,True,True,False,False,1,True,False,False,False,False,True
1100,8619,29.99944444444445,1,0.916601071125958,0.9616512345679014,1.0666666666666669,7.2,99.95359090381714,32.78878837025099,0.2009816227010797,0.1761843988088332,0.0828943806319372,True,True,True,True,False,True,True,2,False,True,True,True,True,True
1101,8617,29.99944444444445,1,0.9125017510824636,0.9138007054673722,1.0666666666666669,1.5,100.0,43.44207061917515,0.2114368952131514,0.2195350276585045,0.1098913001431279,True,True,True,True,False,True,True,2,False,True,True,True,True,True
1102,8632,29.99944444444445,1,0.1310467143298468,0.1361882716049382,0.4,0.5333333333333333,100.0,18.405191622839748,1.0999352439343169,0.0006879165011695,0.0,True,True,True,True,False,True,True,2,False,True,True,True,True,True
1103,8634,29.99944444444445,1,0.1182003779814759,0.1362103174603174,0.4,0.5333333333333333,100.0,24.152632694802747,1.1028373747710092,0.0310516562427611,0.0155644351787506,True,True,True,True,False,True,True,2,False,True,True,True,True,True
1104,8632,29.99944444444445,1,0.0878900216249613,0.0902773174234891,0.4,0.6,100.0,15.814084354589834,1.0885157387792932,0.0001390176088971,0.0,True,True,True,True,False,True,True,2,False,True,True,True,True,True
1105,8635,29.99944444444445,1,0.1315515482394463,0.136574074074074,0.4,0.6666666666666667,100.0,18.10926999413272,1.1156205719263046,0.1003611816350669,0.049788131189405,True,True,True,True,False,True,True,2,False,True,True,True,True,True
1106,8637,29.99944444444445,1,0.19470543253975,0.2622189153439153,0.6666666666666667,3.0,100.0,22.075892498493264,1.1178087070584466,64.51137493589734,32.42320073118962,True,True,True,True,False,True,False,1,False,True,False,False,False,True
1107,8637,29.99944444444445,1,0.1438247407333895,0.1755125661375661,0.4,2.4,100.0,25.61929226323888,1.1620749662517638,69.56670077539303,34.871686120409635,True,True,True,True,False,True,False,1,False,True,False,False,False,True
1108,8635,29.99944444444445,1,0.1308077909351794,0.1366071428571428,0.4,1.3333333333333337,100.0,16.508664901136836,0.0391521005533744,0.0001389693109438,0.0,True,True,True,True,False,True,True,2,False,True,True,True,True,True
1109,8637,29.99944444444445,1,0.1312874105684109,0.1364197530864197,0.4,0.8888888888888888,100.0,19.15477275181397,1.0855150313903354,0.1664929952529813,0.0869900814325962,True,True,True,True,False,True,True,2,False,True,True,True,True,True
111,8616,29.99944444444445,8,1.2055406225235612,1.2471739969135802,1.4083333333333334,2.783333333333333,100.0,0.388470747801204,7.850846470858658,3.4366693655952014,0.0552240032741425,True,True,True,True,True,True,True,3,False,True,True,True,True,True
1110,8636,29.99944444444445,1,0.1236221166512968,0.1359457671957672,0.4,0.8,100.0,18.84071343834372,0.0426415113886165,0.0002933456847305,0.0,True,True,True,True,False,True,True,2,False,True,True,True,True,True
1111,8632,29.99944444444445,1,0.1307366405605516,0.1363425925925926,0.4,0.5714285714285715,100.0,20.689311629962624,1.0998199051489137,7.723200494284824e-06,0.0,True,True,True,True,False,True,True,2,False,True,True,True,True,True
1112,8614,29.99944444444445,1,0.9101060427331614,0.9121141975308644,1.0666666666666669,2.8461538461538463,100.0,50.71868763728023,0.2222184169827541,0.7573464142595788,0.3547540887510703,True,True,True,True,False,True,True,2,False,True,True,True,True,True
1113,2832,9.837893518518518,1,0.0,0.0,0.0,0.0,100.0,6.184844089079014,0.0,0.0,0.0,True,True,True,True,False,True,True,2,False,True,True,True,True,True
1114,8635,29.99944444444445,1,0.13105264162589,0.1368386243386243,0.4,1.3333333333333337,100.0,23.85257538540513,0.0403278250412008,0.0008338158656629,0.0003628643119088,True,True,True,True,False,True,True,2,False,True,True,True,True,True
1115,8616,29.99944444444445,1,0.9278375949336952,0.9421902557319226,1.0666666666666669,20.33333333333333,99.96518105849582,51.42776966551286,0.2156407337117643,12.194673353830735,6.127763493083826,True,True,True,True,False,True,False,1,False,True,False,False,False,True
1116,8632,29.99944444444445,1,0.1037548121480002,0.1001878245497735,0.4,0.75,100.0,20.01261293994874,1.083198792634613,0.1552104020477514,0.0771208460214484,True,True,True,True,False,True,True,2,False,True,True,True,True,True
1117,8618,29.99944444444445,1,0.935558189393186,0.9912808641975308,1.0666666666666669,6.733333333333333,99.94198189835228,46.97188871289954,0.2089476345191127,9.600874691951509,4.82942678115572,True,True,True,True,False,True,False,1,False,True,False,False,False,True
1118,8615,29.99944444444445,1,6.964596633778293e-05,0.0,0.0,0.6,100.0,6.875154134617397,0.0,0.0716441422767598,0.034990649384149,True,True,True,True,False,True,True,2,False,True,True,True,True,True
1119,8615,29.99944444444445,1,0.9096624636729106,0.9132649119902888,1.0666666666666669,1.2666666666666666,100.0,35.82485594978289,0.2045646099563685,0.2418071101530184,0.1193101732857972,True,True,True,True,False,True,True,2,False,True,True,True,True,True
112,8610,29.99944444444445,8,6.195376461275852,7.110358796296297,8.00083333333332,34.525,6.92218350754936,2.171446494906036,51.21932354843505,597.3047090601359,304.2177886280064,False,False,False,False,True,False,False,1,False,False,False,False,False,True
1120,8613,29.99944444444445,1,0.9671400970251546,0.9785493827160494,1.2666666666666666,3.1333333333333333,100.0,43.492083072318245,0.2055678889012222,1.167398119122257,0.5167678426299115,True,True,True,True,False,True,True,2,False,True,True,True,True,True
1121,8635,29.99944444444445,1,0.1313372119741546,0.1365850970017636,0.4,1.5,100.0,23.233060514589845,0.0440069979560425,0.0001158077591198,0.0,True,True,True,True,False,True,True,2,False,True,True,True,True,True
1122,8612,29.99944444444445,1,0.991410103288877,0.9463734567901236,1.4666666666666666,2.8666666666666667,100.0,45.31991796902264,0.2328354123813946,0.12647523942229,0.0634463539247561,True,True,True,True,False,True,True,2,False,True,True,True,True,True
1123,8616,29.99944444444445,1,0.9155493364058824,0.9133487654320988,1.0666666666666669,3.0,100.0,42.8709707075274,0.2092466667501486,8.51129681213246e-05,6.190034045187244e-05,True,True,True,True,False,True,True,2,False,True,True,True,True,True
1124,8616,29.99944444444445,1,0.9152845384652488,0.9142636684303352,1.0666666666666669,3.0,100.0,43.01083147637775,0.2913627848603475,0.1285178184551443,0.0654394371490471,True,True,True,True,False,True,True,2,False,True,True,True,True,True
1125,8616,29.99944444444445,1,0.9101501820164772,0.9125771604938272,1.0666666666666669,2.733333333333333,100.0,48.4068540601877,0.2074919251799474,0.0331367629069578,0.0136606313834726,True,True,True,True,False,True,True,2,False,True,True,True,True,True
1126,8539,29.72164351851852,1,0.9112298853896232,0.9126488095238096,1.0666666666666669,1.2,100.0,52.35408152391924,0.2181382822587881,0.004904109436256,0.0023812312136471,True,True,True,True,False,True,True,2,False,True,True,True,True,True
1127,8635,29.99944444444445,1,0.1312796333178498,0.1362874779541446,0.4,1.3333333333333337,100.0,25.21091975768661,0.040943048458972,0.0001389693109438,0.0,True,True,True,True,False,True,True,2,False,True,True,True,True,True
1128,8635,29.99944444444445,1,0.1746351930254651,0.2203909130992464,0.4666666666666666,8.066666666666666,99.93051534452808,26.372233395113533,1.597457674539319,116.36884239867447,58.54169369329763,True,True,True,True,False,True,False,1,False,True,False,False,False,True
1129,8637,29.99944444444445,1,0.1144174840249866,0.1377204585537919,0.4,1.0,100.0,18.11612891452466,1.1310087841609202,0.1127740838143755,0.0500821493353622,True,True,True,True,False,True,True,2,False,True,True,True,True,True
113,8344,29.051458333333333,0,1.2956722949569606,1.1521894290123458,1.55,53.63333333333333,99.65244487056567,1.0802883024318966,8.97897168813396,91.97839491524772,67.8342116077435,True,True,True,True,True,False,False,1,False,True,False,False,False,True
1130,8634,29.99944444444445,1,0.1313938802298774,0.1368055555555555,0.4,1.0,100.0,22.730450037597315,0.0412493286190297,0.1819969776189373,0.0911181706873159,True,True,True,True,False,True,True,2,False,True,True,True,True,True
1131,8636,29.99944444444445,1,0.0896222177544549,0.0923170194003527,0.4,1.2857142857142858,100.0,21.63625867147148,1.082553331016161,0.000100906504334,0.0,True,True,True,True,False,True,True,2,False,True,True,True,True,True
1132,6358,22.092291666666668,1,0.1345803562066538,0.1360780423280423,0.4,8.214285714285715,99.98427178357974,15.857112259562848,1.1013193841913564,9.436929852154756e-05,0.0,True,True,True,True,False,True,True,2,False,True,True,True,True,True
1133,8636,29.99944444444445,1,0.1495682524978495,0.1496362433862433,0.4,5.333333333333334,99.98842056507642,16.8222147866456,0.0447462449546747,11.635881233171643,5.872541681724174,True,True,True,True,False,True,False,1,False,True,False,False,False,True
1134,8635,29.99944444444445,1,0.1146827694598395,0.1221781305114638,0.4,0.5333333333333333,100.0,12.803322004046596,0.0415598838528774,0.0001080872418452,0.0,True,True,True,True,False,True,True,2,False,True,True,True,True,True
1135,8636,29.99944444444445,1,0.1313878706595242,0.1368757931909728,0.4,0.75,100.0,24.656264037419696,1.1015651921800602,8.491585610622192e-05,0.0,True,True,True,True,False,True,True,2,False,True,True,True,True,True
1136,8616,29.99944444444445,1,0.9146055858538448,0.9151510141093476,1.0666666666666669,3.0,100.0,34.37922612176589,0.2169890678160176,0.0001238006809037,0.0,True,True,True,True,False,True,True,2,False,True,True,True,True,True
1137,8634,29.99944444444445,1,0.1314719216387041,0.1364473104056437,0.4,2.0,100.0,24.29799353447244,1.1249995365353254,0.0001627011703453,0.0,True,True,True,True,False,True,True,2,False,True,True,True,True,True
1138,8618,29.99944444444445,1,0.9120559258178196,0.9138007054673722,1.0666666666666669,1.2857142857142858,100.0,43.40846948938604,0.2442292745031199,0.0001237719501817,0.0,True,True,True,True,False,True,True,2,False,True,True,True,True,True
1139,6342,22.092291666666668,1,0.912888924383721,0.9115740740740742,1.0666666666666669,3.8,100.0,32.6176076514326,0.2218963576106433,0.0590563471358173,0.0063529606102926,True,True,True,True,False,True,True,2,False,True,True,True,True,True
114,8616,29.99944444444445,16,2.757633106928568,1.8417135767396189,3.867633928571428,12.854166666666668,98.0385329619313,0.6863432780977347,21.961369915870264,146.1593404825212,34.29002066778007,False,True,True,True,True,False,False,1,False,False,False,False,False,True
1140,8617,29.99944444444445,1,0.9109395903697866,0.9144841269841272,1.0666666666666669,2.0,100.0,43.11446048318345,0.2033523911004472,0.0001083130246412,0.0,True,True,True,True,False,True,True,2,False,True,True,True,True,True
1141,8633,29.99944444444445,1,0.1514942661878837,0.1422087954532913,0.4666666666666666,5.8,99.94208270589598,23.71243769271057,1.1017957967743672,46.21333794974476,23.38090583496584,True,True,True,True,False,True,False,1,False,True,False,False,False,True
1142,8616,29.99944444444445,1,0.922147326778246,0.9138888888888892,1.0666666666666669,3.666666666666667,100.0,38.74334862968367,0.2198068618681432,10.06648032793576,4.992555024414355,True,True,True,True,False,True,False,1,False,True,False,False,False,True
1143,8635,29.99944444444445,1,0.133481126092591,0.1482804232804232,0.4,1.4,100.0,25.7113379108164,0.0428815346012798,5.9244457877578895,2.970611045005949,True,True,True,True,False,True,False,1,False,True,False,False,False,True
1144,6564,22.828622685185184,1,0.9128290534369148,0.9101190476190476,1.0666666666666669,1.3333333333333337,100.0,55.32780907558675,0.2227582708272835,0.0001523461304082,0.0,True,True,True,True,False,True,True,2,False,True,True,True,True,True
1145,8637,29.99944444444445,1,0.1117694084696516,0.1368386243386243,0.4,1.0,100.0,12.658835063884371,1.1242310851897517,1.4546530155422133,0.7297551508735948,True,True,True,True,False,True,True,2,False,True,True,True,True,True
1146,8619,29.99944444444445,1,0.9154068849509156,0.915277777777778,1.0666666666666669,3.0,100.0,34.199282076997264,0.2063065584297745,1.3207874076652355,0.668669992651893,True,True,True,True,False,True,True,2,False,True,True,True,True,True
1147,8633,29.99944444444445,1,0.1324329492405479,0.1424382716049382,0.4,2.25,100.0,17.945513994014032,1.1166634808619054,0.0477385594957701,0.0239194747361085,True,True,True,True,False,True,True,2,False,True,True,True,True,True
1148,8615,29.99944444444445,1,0.914933203122408,0.9131172839506172,1.0666666666666669,3.0,100.0,40.03349620469362,0.2710732741173832,0.0574622875029143,0.0281306028723324,True,True,True,True,False,True,True,2,False,True,True,True,True,True
1149,8632,29.99944444444445,1,0.1308994218632772,0.1363756613756613,0.4,0.5333333333333333,100.0,17.406765687046686,0.1224993380113862,0.6035813159654679,0.302720476156528,True,True,True,True,False,True,True,2,False,True,True,True,True,True
115,8616,29.99944444444445,4,2.0701239611711406,2.590308090828924,3.016666666666667,24.433333333333334,98.25905292479108,5.179907373533107,22.218593803673887,148.87338519187404,86.74835303005567,False,False,True,True,True,False,False,1,False,False,False,False,False,True
1150,8612,29.99944444444445,1,0.9448797912104928,0.9748456790123456,1.2,2.6,100.0,40.01088499156268,0.1916368079976997,0.0,0.0,True,True,True,True,False,True,True,2,False,True,True,True,True,True
1152,8633,29.99944444444445,1,0.1310795232027712,0.1367544004855708,0.4,0.4285714285714285,100.0,23.63307588451924,0.0405244548879438,0.000115834588208,0.0,True,True,True,True,False,True,True,2,False,True,True,True,True,True
1153,8635,29.99944444444445,1,0.1312325890669839,0.1365299823633157,0.4,2.0,100.0,23.493801863786057,0.0442059992378463,0.0003330851738495,0.0001240797419141,True,True,True,True,False,True,True,2,False,True,True,True,True,True
1154,8635,29.99944444444445,1,0.1310190870700424,0.1368386243386243,0.4,1.3333333333333337,100.0,20.024470390048148,0.0421345957651689,0.0001235282763945,0.0,True,True,True,True,False,True,True,2,False,True,True,True,True,True
1155,8636,29.99944444444445,1,0.1311484042435872,0.1362378747795414,0.4,0.75,100.0,24.336206102810976,1.1230555244508464,0.0001317849974635,0.0,True,True,True,True,False,True,True,2,False,True,True,True,True,True
1156,8635,29.99944444444445,1,0.0976678523175338,0.0696097883597883,0.4,0.8666666666666667,100.0,21.262877064028554,1.090571671139129,1.212859643733992,0.600510221297714,True,True,True,True,False,True,True,2,False,True,True,True,True,True
1157,4631,16.140358796296297,1,0.9143428298470406,0.9144290123456792,1.0666666666666669,9.133333333333333,99.97840639170803,31.964535187655056,0.2128399707972154,0.0002303318217807,2.8791477722594105e-05,True,True,True,True,False,True,True,2,False,True,True,True,True,True
1158,8629,29.99944444444445,1,0.1659115436783764,0.1605774016923842,0.4,3.0,100.0,15.959601667952088,1.1133320414407448,25.869554282649656,13.010542576749554,True,True,True,True,False,True,False,1,False,True,False,False,False,True
1159,8635,29.99944444444445,1,0.1310985193150798,0.1366512345679012,0.4,1.0,100.0,18.56465378434012,1.0838966396146477,0.0001312487936691,0.0,True,True,True,True,False,True,True,2,False,True,True,True,True,True
116,8617,29.99944444444445,4,1.439955534485243,1.5047839506172838,1.65,5.05,99.98839503307416,3.09151101477895,8.296676795539508,3.308656410060611,0.0296586474142467,True,True,True,True,True,False,True,2,False,True,True,True,True,True
1160,8619,29.99944444444445,1,1.415300084530854,1.384104938271605,1.0666666666666669,65.13333333333333,98.0276134122288,18.318941857789905,0.2747749987568991,327.7732136641639,164.8050099724308,True,True,True,True,False,True,False,1,False,True,False,False,False,True
1161,8629,29.99944444444445,1,0.1317879388223576,0.1367694177438957,0.4,1.0,100.0,19.29248131642626,1.123803103259008,0.8232541100109764,0.4031522581151738,True,True,True,True,False,True,True,2,False,True,True,True,True,True
1162,8616,29.99944444444445,1,0.9678808273254652,0.95337977994228,1.2666666666666666,3.0,100.0,44.12478071604647,0.2445936175915284,17.110977190172875,8.831513752161385,True,True,True,True,False,True,False,1,False,True,False,False,False,True
1163,8616,29.99944444444445,1,0.9177831170171004,0.9416666666666668,1.0666666666666669,12.6,99.98839368616528,43.87425255361446,0.251612140374327,2.01602251624884,1.0140890978025376,True,True,True,True,False,True,True,2,False,True,True,True,True,True
1164,4076,14.150625,1,0.1475768997113452,0.1365410052910052,0.4,7.266666666666667,99.92639842983316,17.794658014328608,1.0890704963447846,7.64743616703872,3.857582489476503,True,True,True,True,False,True,False,1,False,True,False,False,False,True
1165,8619,29.99944444444445,1,0.9111362493715436,0.9127314814814816,1.0666666666666669,1.5,100.0,36.11212561699807,0.2022627196835341,0.0001624318366399,1.5469698727617277e-05,True,True,True,True,False,True,True,2,False,True,True,True,True,True
1166,8618,29.99944444444445,1,0.911895092221154,0.9138695987654322,1.0666666666666669,1.8,100.0,46.89892798216464,0.2274306570663033,1.1228160328879753,0.5699300467460132,True,True,True,True,False,True,True,2,False,True,True,True,True,True
1167,8612,29.99944444444445,1,1.4855489571583396,2.432677469135802,1.3333333333333337,49.8,98.4440315838365,49.879842433659874,0.2012344347864552,334.7925414150797,168.22682110233782,True,False,True,True,False,True,False,1,False,False,False,False,False,True
1168,8635,29.99944444444445,1,0.1315362961686065,0.1367228835978836,0.4,2.0,100.0,23.7104362134672,0.0425577578183252,0.0001158077591198,0.0,True,True,True,True,False,True,True,2,False,True,True,True,True,True
1169,8635,29.99944444444445,1,0.1310241351005682,0.1361386684303351,0.4,2.0,100.0,16.150922289499853,0.0591159583516271,0.0,0.0,True,True,True,True,False,True,True,2,False,True,True,True,True,True
117,8619,29.99944444444445,16,3.740506764948224,4.381488370811288,4.904166666666667,9.804166666666667,98.34087481146304,0.5779088880233243,18.52646412932699,27.14190147749145,12.34516464411174,False,False,True,True,True,False,False,1,False,False,False,False,False,True
1170,8635,29.99944444444445,1,0.0001158077591198,0.0,0.0,0.4,100.0,6.095667121003194,0.0003556952601538,0.2779409588674209,0.1365489519166415,True,True,True,True,False,True,True,2,False,True,True,True,True,True
1171,8632,29.99944444444445,1,0.1308078467717021,0.1361441798941798,0.4,0.5333333333333333,100.0,23.648507044491268,0.0401176133103843,0.0543481618782823,0.0272899289465554,True,True,True,True,False,True,True,2,False,True,True,True,True,True
1172,8635,29.99944444444445,1,0.1312513581766622,0.1367283950617283,0.4,0.7272727272727273,100.0,20.73044481254741,0.5048598043531454,2.59142753919824,1.297204561185453,True,True,True,True,False,True,False,1,False,True,False,False,True,False
1173,8617,29.99944444444445,1,0.9128376884034306,0.9139109347442682,1.0666666666666669,3.0,100.0,52.7232601144726,0.2239692553780983,1.7595771371099211,0.8629735240968849,True,True,True,True,False,True,True,2,False,True,True,True,True,True
1174,8636,29.99944444444445,1,0.1309482280881076,0.1366440434806599,0.4,0.5454545454545454,100.0,21.99458196637936,1.1044066497806655,0.0,0.0,True,True,True,True,False,True,True,2,False,True,True,True,True,True
1175,8636,29.99944444444445,1,0.1124539579611372,0.1364032186948853,0.4,1.3333333333333337,100.0,23.459924008082965,0.0413945888268491,0.0,0.0,True,True,True,True,False,True,True,2,False,True,True,True,True,True
1176,8633,29.99944444444445,1,0.0920723175559269,0.0931118836101454,0.4,0.6666666666666667,100.0,16.919942925786728,1.076763857402106,0.1798867027408669,0.0894325759957637,True,True,True,True,False,True,True,2,False,True,True,True,True,True
1177,8618,29.99944444444445,1,0.9142372277293372,0.9158950617283952,1.0666666666666669,2.0666666666666664,100.0,43.28204329340066,0.2261342538872127,1.89713307694858,0.9438026997756634,True,True,True,True,False,True,True,2,False,True,True,True,True,True
1178,8635,29.99944444444445,1,0.1313455758678688,0.1363921957671957,0.4,1.5,100.0,25.60750219987745,1.0770103787996088,0.0,0.0,True,True,True,True,False,True,True,2,False,True,True,True,True,True
1179,8617,29.99944444444445,1,0.9115527052860232,0.9125771604938272,1.0666666666666669,6.6,99.98839503307416,43.54248741930534,0.1960159049749394,0.2124073674961455,0.1061379222688263,True,True,True,True,False,True,True,2,False,True,True,True,True,True
118,8616,29.99944444444445,32,10.450249990598614,10.601284773892198,15.178125,17.460416666666667,0.0,0.1971226523264792,10.48598046954593,4.00375734602754,0.0752870118120814,False,False,False,False,True,False,True,2,False,False,False,False,False,True
1180,8632,29.99944444444445,1,0.1309076967209497,0.1357583774250441,0.4,0.5333333333333333,100.0,17.692557787567157,1.1085764019730655,0.0,0.0,True,True,True,True,False,True,True,2,False,True,True,True,True,True
1181,8635,29.99944444444445,1,0.1314003088206909,0.1349316578483245,0.4,1.2,100.0,23.44697219933222,1.109287510726422,0.0,0.0,True,True,True,True,False,True,True,2,False,True,True,True,True,True
1182,8636,29.99944444444445,1,0.1198510112706499,0.1207195276720189,0.4,0.6,100.0,18.149356192598685,1.080812225960443,0.0001157943492357,0.0,True,True,True,True,False,True,True,2,False,True,True,True,True,True
1183,8635,29.99944444444445,1,0.1308462238398544,0.1354497354497354,0.4,1.0,100.0,23.66612370471794,1.0918334779162806,0.0,0.0,True,True,True,True,False,True,True,2,False,True,True,True,True,True
1184,8617,29.99944444444445,1,0.9914288514729503,0.9109567901234568,1.8,5.4,99.98839503307416,41.70231654644203,0.1930019434487346,0.1317948462894499,0.0651817835176312,True,True,True,True,False,True,True,2,False,True,True,True,True,True
1185,8632,29.99944444444445,1,0.1313424945202053,0.1367323290845886,0.4,2.0,100.0,21.34849759393757,1.1003705339172207,0.0,0.0,True,True,True,True,False,True,True,2,False,True,True,True,True,True
1186,8632,29.99944444444445,1,0.1313393684628624,0.1366512345679012,0.4,1.2,100.0,21.98492829499933,0.0497712921282198,0.0,0.0,True,True,True,True,False,True,True,2,False,True,True,True,True,True
1187,8612,29.99944444444445,1,0.9401657156127664,0.9834104938271606,1.2,2.4,100.0,54.02491995644106,0.2047892752084577,0.0,0.0,True,True,True,True,False,True,True,2,False,True,True,True,True,True
1188,8617,29.99944444444445,1,1.1709288132985476,1.1164351851851853,1.2,186.6,98.6074039688987,45.71017072159854,0.2916423518199078,231.84523809266184,116.14020866372032,True,True,True,True,False,True,False,1,True,True,False,False,False,True
1189,8616,29.99944444444445,1,0.9147922489148116,0.9134406231628456,1.0666666666666669,3.0,100.0,34.87720721512793,0.2029010718338712,0.0,0.0,True,True,True,True,False,True,True,2,False,True,True,True,True,True
119,8614,29.99944444444445,32,10.54219006055134,10.454732280643736,14.913229166666666,18.45833333333333,13.18783375899698,0.228182329697291,10.620451275628891,4.011650909070807,0.0724220018044025,False,False,False,False,True,False,True,2,False,False,False,False,False,True
1190,8636,29.99944444444445,1,0.1304635884418191,0.1351873310158362,0.4,0.7333333333333333,100.0,15.444181416300072,0.6175187535047424,2.781424840277318,1.4033301659228017,True,True,True,True,False,True,False,1,False,True,False,False,True,False
1191,8637,29.99944444444445,1,0.0884323387623144,0.0906466218966218,0.4,2.0,100.0,21.324558186158608,1.0832833283423766,0.0,0.0,True,True,True,True,False,True,True,2,False,True,True,True,True,True
1192,8632,29.99944444444445,1,0.1312508274857672,0.1355930335097001,0.4,0.5333333333333333,100.0,28.39110790196077,0.0405975550553863,0.0,0.0,True,True,True,True,False,True,True,2,False,True,True,True,True,True
1193,8634,29.99944444444445,1,0.0834996445142379,0.0739969135802469,0.4,0.6,100.0,17.81968295261596,0.0318337178483113,0.0,0.0,True,True,True,True,False,True,True,2,False,True,True,True,True,True
1194,8635,29.99944444444445,1,0.0,0.0,0.0,0.0,100.0,6.179605439172214,0.0,0.0,0.0,True,True,True,True,False,True,True,2,False,True,True,True,True,True
1195,8636,29.99944444444445,1,0.1314598285765492,0.1375600066214203,0.4,0.8571428571428571,100.0,24.21371013019064,1.1120296428135703,0.0,0.0,True,True,True,True,False,True,True,2,False,True,True,True,True,True
1196,8619,29.99944444444445,1,0.9107415531188592,0.912582671957672,1.0666666666666669,1.25,100.0,42.135053135310905,0.2002796876970214,0.0001624318366399,1.5469698727617277e-05,True,True,True,True,False,True,True,2,False,True,True,True,True,True
1197,8633,29.99944444444445,1,0.131307331226247,0.136221340388007,0.4,2.0,100.0,17.447520670627938,1.1160320168139004,0.0,0.0,True,True,True,True,False,True,True,2,False,True,True,True,True,True
1198,8636,29.99944444444445,1,0.0863064911003771,0.0667328042328042,0.4,0.8571428571428571,100.0,14.076993999328366,0.0330350250336354,0.0,0.0,True,True,True,True,False,True,True,2,False,True,True,True,True,True
1199,8613,29.99944444444445,1,0.9138905349459164,0.9118827160493828,1.0666666666666669,7.0,99.98838964356206,38.6863608713938,0.2181910688354436,8.599904493251758,4.283836600207204,True,True,True,True,False,True,False,1,False,True,False,False,False,True
12,8635,29.99944444444445,1,1.0083072765875314,1.015139991181658,1.0,10.733333333333333,99.95367689635204,0.1751742798352925,0.4086775220533182,0.0,0.0,True,True,True,True,True,True,True,3,False,True,True,True,True,True
120,8613,29.99944444444445,32,9.938287286881527,9.592708333333334,14.464583333333332,16.96875,13.061650992685475,0.1630423844096788,8.809347369221976,3.589868446503765,0.0405470376212277,False,False,False,False,True,False,True,2,False,False,False,False,False,True
1200,8632,29.99944444444445,1,0.1312888918310605,0.1364528218694885,0.4,0.9333333333333332,100.0,25.781515409758565,0.0468103181958603,1.3271759905216811,0.6667225113471639,True,True,True,True,False,True,True,2,False,True,True,True,True,True
1201,8616,29.99944444444445,1,0.0,0.0,0.0,0.0,100.0,6.668760590481374,0.0,0.0001470133085731,1.547508511296812e-05,True,True,True,True,False,True,True,2,False,True,True,True,True,True
1202,8615,29.99944444444445,1,3.5630281113740194,17.474855156431055,21.666666666666664,158.2,85.26987811955891,7.381810705590171,0.0,3396.6461483186963,1698.296618839985,False,False,False,False,False,True,False,1,False,False,False,False,False,True
1203,8617,29.99944444444445,1,0.9094631246540263,0.9113425925925926,1.0666666666666669,1.2666666666666666,100.0,46.02910246538843,0.2241349910260203,0.0001624695369618,1.547328923445901e-05,True,True,True,True,False,True,True,2,False,True,True,True,True,True
1204,8615,29.99944444444445,1,0.9209584743624212,0.9171079178023624,1.0666666666666669,3.0,100.0,35.11098849427761,0.2055282020488056,5.112136404899028,2.573921926400162,True,True,True,True,False,True,False,1,False,True,False,False,False,True
1205,8635,29.99944444444445,1,0.1318129004753208,0.1366732804232804,0.4,1.3333333333333337,100.0,22.172888562041635,1.083976023976024,1.3449339902843087,0.6911495440157861,True,True,True,True,False,True,True,2,False,True,True,True,True,True
1206,8634,29.99944444444445,1,0.1313014778442158,0.1368909512761021,0.4,0.75,100.0,23.12712285689893,0.047135080578444,3.533523335208533,1.806627728691662,True,True,True,True,False,True,False,1,False,True,False,False,True,False
1207,8633,29.99944444444445,1,0.1399226241922871,0.1419753086419753,0.4,4.0,100.0,23.297922726094374,0.0436247485477185,8.210867490747024,4.200631022709096,True,True,True,True,False,True,False,1,False,True,False,False,False,True
1208,8635,29.99944444444445,1,0.1314349769126839,0.1365961199294532,0.4,2.0,100.0,20.412569174651303,1.1135032836943664,0.0001158077591198,0.0,True,True,True,True,False,True,True,2,False,True,True,True,True,True
121,8613,29.99944444444445,4,2.965225244104554,3.042066936728395,4.233333333333333,12.1,99.25693718797169,1.08452533509483,9.94563114620586,4.011591601246774,0.2117237806892979,False,False,True,True,True,False,True,2,False,False,False,False,False,True
1210,4329,15.08125,1,0.9103790180713258,0.9131944444444444,1.0666666666666669,4.466666666666667,100.0,32.79658877986308,0.208781054934901,0.645969045969046,0.0057134057134057,True,True,True,True,False,True,True,2,False,True,True,True,True,True
1212,4244,14.765405092592593,1,0.9110027159980036,0.9151052048726468,1.0666666666666669,1.3333333333333337,100.0,37.9650366214402,0.1986392639196597,0.0002303906168185,0.0,True,True,True,True,False,True,True,2,False,True,True,True,True,True
1213,23690,29.99944444444445,2,0.0261881980877337,0.0,0.0,1.0333333333333332,100.0,16.833680280911054,0.9774009192814596,0.0,0.0,True,True,True,True,False,True,True,2,False,True,True,True,True,True
1214,13086,29.99944444444445,1,2.8340288239703644,0.0,0.5,103.0,95.49900657190892,10.99733529135017,0.5853066414964626,2.09691191240366,1.1012683493082394,False,True,True,True,False,True,False,1,True,False,False,False,True,False
1215,8618,29.99944444444445,1,0.0588806374255434,0.3097222222222223,0.6,5.533333333333334,99.97679275934092,8.601700180012061,0.3389813423986085,6.398353561036319,3.222832333211772,True,True,True,True,False,True,False,1,False,True,False,False,False,True
1216,8636,29.99944444444445,1,0.0034015968592161,0.0036693704132869,0.0,0.8,100.0,1.6336143734130013,0.3830231959255813,0.0229868325282869,0.0193453759456538,True,True,True,True,True,True,True,3,False,True,True,True,True,True
1217,8632,29.99944444444445,2,0.7565558939052914,0.8750771604938271,4.748333333333297,28.266666666666666,95.21547729379056,3.055289349898518,1.6918139591332362,2.280042146608412,2.218473895582329,True,True,True,True,True,True,False,2,False,True,True,True,False,False
1218,15663,29.99944444444445,1,0.1789569156644429,0.0,1.0,86.33333333333334,99.46370427121242,1.1853359119082008,1.268366603283286,0.0565132264998191,0.0218750285021114,True,True,True,True,True,True,True,3,True,True,True,False,True,False
1219,8634,29.99944444444445,1,0.0013807396885923,0.0041564916564916,0.0,1.0,100.0,1.5281741870965189,1.6971363160557045,0.0,0.0,True,True,True,True,True,True,True,3,False,True,True,True,True,True
122,8613,29.99944444444445,16,2.3573853992479905,2.37010582010582,2.901666666666665,12.629166666666668,99.36143039591316,1.2266840592728046,31.55303992226668,132.85798417657523,63.71120041284618,False,False,True,True,True,False,False,1,False,False,False,False,False,True
1220,8616,29.99944444444445,1,1.0659175653604622,1.0425925925925923,1.2,86.46666666666665,99.60538532961932,3.779691890857771,12.726660681665908,0.2518600499624176,0.1327157116328425,True,True,True,True,True,False,True,2,True,True,True,False,True,False
1221,8618,29.99944444444445,2,0.708469589253994,0.5506751543209876,1.0666666666666669,58.73333333333333,99.88396379670456,1.9533015269504863,10.81138298249287,0.3564441167249243,0.2138643556489924,True,True,True,True,True,False,True,2,False,True,True,True,True,True
1222,8620,29.99944444444445,1,0.4614356998376719,0.2363205467372134,2.0,17.266666666666666,99.98839907192576,2.3270725964141925,4.361583289422616,7.143382833652556,1.752396850378289,True,True,True,True,True,True,False,2,False,True,True,True,True,True
1223,4021,13.966585648148149,0,0.1503369216375931,0.1054690089492873,0.2,66.93333333333334,99.80104451628948,1.1387460998881491,7.744702002797004,3.006304025080449,0.8180575786643928,True,True,True,True,True,True,True,3,False,True,True,True,True,True
1224,6601,22.991805555555555,0,1.3711650743842838,0.9976466049382716,2.0,92.0,99.46977730646871,3.726316556895602,21.63382296640894,0.5331725942088009,0.0695978767483084,True,True,True,True,True,False,True,2,True,True,True,False,True,False
1225,8635,29.99944444444445,1,1.0863363211452386,1.0673611111111112,1.8,9.266666666666666,99.95367689635204,0.4667749776581033,0.6778281243944243,0.0351636975261758,0.0052819367469048,True,True,True,True,True,True,True,3,False,True,True,True,True,True
1226,8637,29.99944444444445,8,12.02040179088308,12.981800457451495,24.99333333333332,37.95,3.4965844621975224,15.157460561370696,364.8959966618615,253.1937476382596,145.699990415204,False,False,False,False,False,False,False,0,False,False,False,False,False,True
1227,8633,29.99944444444445,4,7.784973806214251,2.5376803647299013,11.45,13.983333333333333,27.510714699409245,13.879339662099284,6.119787114696184,2727.877617034304,15.307119690225216,False,False,False,False,False,True,False,1,False,False,False,False,False,True
1228,8635,29.99944444444445,4,10.703038712879478,34.518430335097,34.666666666666664,42.56666666666667,16.247828604516503,10.00106712802618,73.1842753386355,175.88201447269196,52.83385016064808,False,False,False,False,False,False,False,0,False,False,False,False,False,True
1229,8637,29.99944444444445,4,4.169153062405928,5.917078648589065,18.623333333333296,64.03333333333333,75.14183165450967,11.15324526940931,5.604081182797751,105.14412177398457,36.57296253108167,False,False,False,False,False,True,False,1,False,False,False,False,False,True
123,8615,29.99944444444445,4,2.873361523367328,3.425318287037037,3.388333333333321,39.86666666666667,96.59895531050492,4.950577357200369,22.1310287023868,116.1462775336484,49.45069286681591,False,False,True,True,True,False,False,1,False,False,False,False,False,True
1230,8613,29.99944444444445,2,11.4554607650306,20.269907407407405,26.966666666666665,79.36666666666667,27.760362243120863,10.699026347683128,13.183157212319523,1625.3008392983488,11.767317682059932,False,False,False,False,False,False,False,0,False,False,False,False,False,True
1231,8637,29.99944444444445,4,0.8209093606019623,0.8616043871252204,2.1666666666666665,30.466666666666665,98.93481532939678,4.880572212513563,5.731424461070172,7.909678482915718,4.0431014298503,True,True,True,True,True,True,False,2,False,True,True,True,False,False
1232,8633,29.99944444444445,4,0.7279015300278187,0.9840966710758378,1.6233333333333273,30.966666666666665,98.2045638827754,4.598846977644398,4.259859301026913,9.2434966776534,2.541670903905932,True,True,True,True,True,True,False,2,False,True,True,True,False,False
1233,8637,29.99944444444445,4,2.887722395893636,4.548341049382716,11.686666666666648,39.4,80.35197406506889,10.621423795214204,17.685510979892708,57.41764101843122,35.69678997337038,False,False,False,False,False,False,False,0,False,False,False,False,False,True
1234,5754,20.057372685185182,0,2.614566834991757,4.5724454365079366,4.766666666666667,15.766666666666667,97.74070212026416,16.31895550239159,9.647997699496656,207.4515874520567,2.7924891699657084,False,False,True,True,False,False,False,0,False,False,False,False,False,True
1236,8635,29.99944444444445,1,0.0971366194122418,0.1295524691358024,0.0,36.53333333333333,99.47886508396064,1.8639828858592449,4.5383894854421785,0.0154375252232808,0.001720271621835,True,True,True,True,True,True,True,3,False,True,True,True,True,True
1237,8634,29.99944444444445,1,0.0223827172750035,0.0228615520282186,0.2,0.6666666666666667,100.0,0.6250206520658753,0.3182563749276744,0.0,0.0,True,True,True,True,True,True,True,3,False,True,True,True,True,True
1238,8634,29.99944444444445,4,0.0660435763371829,0.0966327318876565,0.1833333333333333,0.6166666666666667,100.0,0.0330267259533608,0.2851824841053472,0.0,0.0,True,True,True,True,True,True,True,3,False,True,True,True,True,True
1239,8632,29.99944444444445,0,0.3130908248378127,3.135266821345708,0.0,101.61666666666666,99.60611677479147,2.306379474410573,0.655776953969725,5.353001354530548,0.1979913737791402,True,False,True,True,True,True,True,3,True,False,False,False,False,True
124,8618,29.99944444444445,32,4.131012898494568,4.521135774911817,7.933958333333332,10.75,91.65699698305872,0.0313059360321067,37.69029462357091,291.5097916597598,226.3511969686923,False,False,False,False,True,False,False,1,False,False,False,False,False,True
1241,8633,29.99944444444445,0,0.319116706105586,3.188581624779541,0.0,101.5,99.57141202363026,2.499639487318482,0.8359241669562532,5.664480702509198,0.2849370907867375,True,False,True,True,True,True,True,3,True,False,False,False,False,True
1242,8635,29.99944444444445,0,0.3151109824358232,3.156593194122196,0.0,102.0,99.60625361899248,2.547923959937965,0.9643179750186116,5.459262690600271,0.2695155375410152,True,False,True,True,True,True,True,3,True,False,False,False,False,True
1243,8633,29.99944444444445,0,0.318471755666242,3.1821373456790125,0.0,101.53333333333336,99.58299548245108,2.528113565133915,1.020533611336345,6.441893509401908,0.2562029421985405,True,False,True,True,True,True,True,3,True,False,False,False,False,True
1244,8636,29.99944444444445,0,0.3208917129844063,3.2074315200617285,0.0,101.85,99.55998147290413,2.62097082548712,0.9119962945808244,6.428624363131079,0.2527945036282229,True,False,True,True,True,True,True,3,True,False,False,False,False,True
1245,8637,29.99944444444445,0,0.3253707057675449,3.252577298280423,0.0,101.5,99.5600324186639,2.391418374378933,0.6578910649768588,6.861848991963615,0.3212927090662416,True,False,True,True,True,True,True,3,True,False,False,False,False,True
1246,8634,29.99944444444445,0,0.3117172419118214,3.1150077160493823,0.0,100.51666666666668,99.59462589761408,2.429529604830508,0.8414253725581037,5.606850822330322,0.2001698710524284,True,False,True,True,True,True,True,3,True,False,False,False,False,True
1247,8633,29.99944444444445,0,0.3199988416541179,3.197395833333333,0.0,101.65,99.54824510598866,2.3707721345629533,0.6284914475462373,6.908189505386308,0.2632831935044375,True,False,True,True,True,True,True,3,True,False,False,False,False,True
1248,8634,29.99944444444445,0,0.3176583165116869,3.17805550957347,0.0,101.46666666666664,99.58304378040306,2.344984265917412,0.8704863895273902,5.584664088903144,0.2397017159352114,True,False,True,True,True,True,True,3,True,False,False,False,False,True
1249,8636,29.99944444444445,0,0.3226575768102516,3.225081983024692,0.0,101.46666666666664,99.59471977767484,2.664964541564299,0.785618341824919,5.837042612320519,0.263436004322989,True,False,True,True,True,True,True,3,True,False,False,False,False,True
125,8613,29.99944444444445,32,9.940043008290134,9.957887249228396,14.989583333333332,23.85,18.495297805642632,0.1342254139926713,8.469883075630202,20.9544986303607,5.269468207399242,False,False,False,False,True,False,False,1,False,False,False,False,False,True
1250,8631,29.99944444444445,0,0.3247630357901473,3.244247409611993,0.0,101.9,99.58289885297184,2.433051314161845,0.6647011814895027,6.188213624709976,0.2651233330065446,True,False,True,True,True,True,True,3,True,False,False,False,False,True
126,8615,29.99944444444445,16,2.268810300323105,3.0403317108720755,3.591666666666667,24.0,96.3435867672664,1.285998366434822,31.9966814883704,27.69145239200085,14.52149107808423,False,False,True,True,True,False,False,1,False,False,False,False,False,True
127,8619,29.99944444444445,8,1.623723450348494,1.4896301807760142,1.875,4.066666666666666,100.0,0.9701141189335772,13.347881988066463,3.669572370494752,0.2271908226746374,True,True,True,True,True,False,True,2,False,True,True,True,True,True
128,8613,29.99944444444445,32,6.10019812562916,3.693650449184304,7.579583333333331,14.802083333333332,22.87240218274701,0.6933747321229254,692.696495607415,207.92618858365984,188.249564526576,False,False,False,False,True,False,False,1,False,False,False,False,False,True
129,8616,29.99944444444445,4,2.98441292970802,2.233183834876544,3.6,30.633333333333336,98.4911792014856,4.120897528745613,15.09933135283936,26.5118892900404,8.087838823458599,False,False,True,True,True,False,False,1,False,False,False,False,False,True
13,8635,29.99944444444445,1,0.0092795102986185,0.0258873456790123,0.0,2.0,100.0,1.7083745740980776,0.9779899081809912,0.0733360906609314,0.0018595417321531,True,True,True,True,True,True,True,3,False,True,True,True,True,True
130,2060,7.191655092592592,0,2.858504428166897,2.8676249724426808,2.9084375,6.358333333333333,99.85436893203884,5.511175368715508,18.09508321775312,36.24602866389274,18.84260980120204,False,False,True,True,True,False,False,1,False,False,False,False,False,True
131,8617,29.99944444444445,16,2.029922574789916,2.0308300953483243,2.620833333333333,13.3125,99.86074039688988,1.9014051914000032,36.90018669775546,55.0931805612669,31.12096307622593,False,False,True,True,True,False,False,1,False,False,False,False,False,True
132,8619,29.99944444444445,16,1.6281793921793488,1.82791763117284,2.279583333333332,3.825,100.0,0.4324999740813905,1.276557002575102,0.0,0.0,True,True,True,True,True,True,True,3,False,True,True,True,True,True
133,8618,29.99944444444445,32,3.692062091259447,3.4694797522597005,7.708541666666656,13.358333333333333,93.94291018797864,0.6600524638235901,32.14405623385665,23.835507976590595,12.80915181553961,False,False,False,False,True,False,False,1,False,False,False,False,False,True
134,8617,29.99944444444445,4,3.868449378751688,2.9155768912431714,10.733333333333333,98.63333333333334,89.33503539514912,5.89995555270613,40.60109356621484,190.14381974935824,94.73399330737732,False,False,False,False,False,False,False,0,False,False,False,False,False,True
135,8617,29.99944444444445,32,5.191233090919757,7.516574349647266,7.7054166666666655,9.7875,54.92630846002089,0.0650803167446271,8.29688603822003,7.179696947089891,2.516819955217889,False,False,False,False,True,False,False,1,False,False,False,False,False,True
136,8614,29.99944444444445,16,1.6493784343317082,1.8041425540123457,1.8666666666666665,4.108333333333333,100.0,0.3801260718049554,21.42426733548164,5.850695434895575,2.084488153283138,True,True,True,True,True,False,False,1,False,True,False,False,False,True
137,8614,29.99944444444445,8,1.243450066060787,1.2907228284832453,1.4083333333333334,5.6,99.98839099140932,1.3771220890391584,13.179801558243629,3.90469612037989,0.4472470065342133,True,True,True,True,True,False,True,2,False,True,True,True,True,True
138,8619,29.99944444444445,8,1.5631581297870891,1.6639274691358024,1.6916666666666669,5.975,99.98839772595429,0.1519493569875151,13.06505045147579,3.9524306764125767,0.4903568528002917,True,True,True,True,True,False,True,2,False,True,True,True,True,True
139,8619,29.99944444444445,8,1.410202380527389,1.570600098204265,1.6916666666666669,6.133333333333334,99.98839772595429,0.1469713689217537,13.414627476531413,4.511659139870069,1.0400025745483457,True,True,True,True,True,False,True,2,False,True,True,True,True,True
14,16143,29.99944444444445,0,0.2409292469388176,0.0,0.0,92.3,99.6778789568234,2.1146935803706484,16.05404199962832,1.199540564537777,0.2473548906646843,True,True,True,True,True,False,True,2,True,True,True,False,True,False
140,8619,29.99944444444445,8,1.5508605019917237,1.5349826388888888,1.6333333333333335,8.708333333333334,99.93038635572572,1.328765119412071,13.57730682319962,3.894032563715821,0.4276288819275244,True,True,True,True,True,False,True,2,False,True,True,True,True,True
141,8633,29.99944444444445,2,0.925999142272454,1.0063795194003529,1.0666666666666669,5.7,99.9884165411792,4.400762032276654,2.078714295408956,5.178438126862776,2.8332482960364342,True,True,True,True,True,True,False,2,False,True,True,True,False,False
142,8634,29.99944444444445,2,10.861107089542632,3.0095568783068782,25.94500000000001,107.33333333333334,60.49339819318972,14.962000047880338,1138.334669696119,11.668164390688714,2.7496753330318304,False,False,False,False,False,False,False,0,False,False,False,False,False,True
143,8617,29.99944444444445,8,4.274189793707897,3.882156635802469,7.1749999999999545,93.19166666666666,94.48764071022396,0.9239399177326832,9.81183825651738,392.3252789336693,191.5869167813348,False,False,False,False,True,False,False,1,False,False,False,False,False,True
144,8614,29.99944444444445,8,1.1288804140484543,1.1455067791005291,1.275,2.975,100.0,0.6792106638022619,7.766072917872314,3.273703937112342,0.0086066978451468,True,True,True,True,True,True,True,3,False,True,True,True,True,True
145,8614,29.99944444444445,32,11.708729248897145,13.262075617283951,20.54437499999998,73.93125,6.53587183654516,0.5795159742892286,2349.437135981424,273.83216414032523,260.68017513018674,False,False,False,False,True,False,False,1,False,False,False,False,False,True
146,8615,29.99944444444445,4,2.314817776052541,2.1474010942760944,2.716666666666667,31.0,98.57225769007545,5.0703788006239305,10.953475354206638,623.0204206227769,427.55149421417553,False,False,True,True,True,False,False,1,False,False,False,False,False,True
147,8612,29.99944444444445,4,1.4842523517729624,1.6282189758869945,2.5,14.35,99.77937761263354,3.035333261006309,20.554065638134382,42.79301698714146,18.975191512569587,True,True,True,True,True,False,False,1,False,True,False,False,False,True
148,8618,29.99944444444445,4,0.8582504535509873,0.5135030864197531,1.2166666666666668,3.65,100.0,0.6336223133864333,2.4462404978534007,0.8150824208668256,0.4481857999147393,True,True,True,True,True,True,True,3,False,True,True,True,True,True
149,8616,29.99944444444445,2,1.1832141805244172,1.1575617283950617,3.2,94.53333333333336,98.64206128133704,11.15488528170252,458.0084231218719,1.2393843041823542,0.5441151991900599,True,True,True,True,False,False,True,1,True,True,False,False,False,True
15,8632,29.99944444444445,1,2.4735694680666875,1.753472222222222,3.1333333333333333,11.533333333333331,99.88415199258571,17.19230950000303,6.791719823786552,0.4977554625376681,0.3798488685652725,False,True,True,True,False,True,True,2,False,False,False,False,False,True
150,10370,29.99944444444445,2,0.7164878917289718,0.0,2.769999999999951,94.73333333333332,97.21311475409836,9.230639712821237,290.81422223281913,0.26737968663716,0.1875603995276126,True,True,True,True,False,False,True,1,True,True,False,False,True,False
151,8617,29.99944444444445,2,0.5161496363422787,0.5008101851851852,0.5,2.0,100.0,4.159995609751437,12.040614143892547,0.1365396092824432,0.1362327223792931,True,True,True,True,True,False,True,2,False,True,True,True,True,True
152,6873,23.90164351851852,2,0.429571563716042,0.3350510728982951,0.5,87.53333333333335,99.91270187690964,3.85436871866984,4.190025913269039,0.004658209372308,0.0041053212594024,True,True,True,True,True,True,True,3,True,True,True,False,True,False
153,8618,29.99944444444445,2,0.503409327257668,0.5003616898148148,0.5,1.5,100.0,4.910992463154682,12.144662152717968,0.1080388359223355,0.1079872642764264,True,True,True,True,True,False,True,2,False,True,True,True,True,True
154,8613,29.99944444444445,2,0.5141333281963725,0.5,0.5,1.7,100.0,2.9686141331086247,11.355740600846836,0.1022873910021245,0.1022873910021245,True,True,True,True,True,False,True,2,False,True,True,True,True,True
155,8617,29.99944444444445,1,3.121732510716496,3.045216049382716,4.0,13.933333333333332,95.9614715098062,3.6768228175578193,0.5157803001222985,19.69830170860692,10.082714143811392,False,False,True,True,True,True,False,2,False,False,False,False,False,True
156,8615,29.99944444444445,2,5.74734467940649,6.792639187772443,9.533333333333331,95.0,45.118978525827046,15.648175112349614,71.13697591471532,10.278674796216874,3.370007110320517,False,False,False,False,False,False,False,0,False,False,False,False,False,True
157,8365,29.127847222222226,0,3.0882431996508504,3.013888888888889,3.466666666666667,94.73333333333332,99.53377166766288,10.756001968144991,12.258825158039146,0.4772663008108316,0.4247532788656518,False,False,True,True,False,False,True,1,True,False,False,False,False,True
158,8613,29.99944444444445,1,0.094361551022993,0.3527006172839506,0.4666666666666666,57.26666666666667,99.9187275049344,2.1596683670690147,5.438569323139159,0.2468831721705283,0.0009675297031618,True,True,True,True,True,True,True,3,False,True,True,True,True,True
159,8613,29.99944444444445,1,3.375297066415144,3.129779837775202,5.0,9.533333333333331,94.91466388018112,4.341528898983468,12.431044117782188,0.533093932397311,0.51562421607702,False,False,False,False,True,False,True,2,False,False,False,False,False,True
16,16141,29.99944444444445,0,0.239927012252147,0.0,0.0,92.0,99.68403444644072,2.066450760229401,15.725834830555726,1.2174534828490593,0.2388740887594738,True,True,True,True,True,False,True,2,True,True,True,False,True,False
160,8614,29.99944444444445,1,3.060711810633449,3.015432098765432,3.466666666666667,7.133333333333334,99.55885767355468,3.690505485664641,11.239189489920856,0.4453935595014072,0.4271906340312423,False,False,True,True,True,False,True,2,False,False,False,False,False,True
163,8615,29.99944444444445,1,0.4494527391741553,0.7998070987654321,1.2,17.0,99.9883923389437,1.2314519982142078,1.2732227345750269,0.1323163732507899,0.0094143658624215,True,True,True,True,True,True,True,3,False,True,True,True,True,True
164,8618,29.99944444444445,2,1.5626556819060882,1.7010030864197532,2.0,9.966666666666669,99.9187746576932,3.9649899567611135,5.953912747150738,0.62608782523786,0.4833014092093924,True,True,True,True,True,True,True,3,False,True,True,True,True,True
165,8619,29.99944444444445,2,2.083176334307556,2.4067708333333333,2.5,12.9,99.8259658893143,4.586875017904628,40.67101887586573,0.8938121842577116,0.6336875426851062,False,False,True,True,True,False,True,2,False,False,False,False,False,True
166,8617,29.99944444444445,2,1.829350209575346,2.374247685185185,2.733333333333333,11.466666666666669,99.88395033074156,1.9831934648899407,5.47216762097521,0.2570042210056136,0.16875682889957,True,False,True,True,True,True,True,3,False,False,False,False,False,True
167,8615,29.99944444444445,2,2.246669311535824,2.210293549633063,2.766666666666667,11.1,99.90713871154962,2.7304136136947554,35.43639944501233,0.591304387880128,0.411505587338437,False,False,True,True,True,False,True,2,False,False,False,False,False,True
168,21267,29.99944444444445,2,1.516477441932372,0.0,13.666666666666668,21.3,89.11929280105328,10.28000800018255,3.4698316876198096,0.0399547029043431,0.0364194918574943,True,True,False,False,False,True,True,2,False,False,False,False,False,True
169,8636,29.99944444444445,1,0.3582841313387863,0.3548721340388007,0.6,19.133333333333333,99.94210282538212,8.600597061284207,8.61750790380943,0.0327936113600773,0.0113969209731136,True,True,True,True,False,False,True,1,False,True,False,False,True,False
17,8636,29.99944444444445,1,0.0294333387779427,0.0344579715379251,0.1333333333333333,11.466666666666669,99.97684113015283,5.537224247598705,3.053257225058406,0.4422220091164046,0.1748586763321594,True,True,True,True,True,True,True,3,False,True,True,True,True,True
170,8633,29.99944444444445,1,0.0027353510615412,0.0255090216851514,0.0,6.466666666666666,99.9884165411792,0.8404370949577102,0.3415810954557624,0.3936533677527537,0.035640648011782,True,True,True,True,True,True,True,3,False,True,True,True,True,True
171,8636,29.99944444444445,1,0.196428158841313,0.4391856501937614,0.6,84.13333333333334,99.57156090782767,2.297467784089546,5.285362127065462,1.123780023820552,0.5084041884470323,True,True,True,True,True,True,True,3,False,True,True,True,True,True
172,8612,29.99944444444445,1,1.461274412226572,1.4666666666666666,1.4666666666666666,22.2,99.96516488620529,7.065879023019998,1.6280959016212149,0.0388914692676884,0.002059142282087,True,True,True,True,False,True,True,2,False,True,True,True,True,True
173,8614,29.99944444444445,2,0.0117641471600143,0.0291701739618406,0.0,39.333333333333336,99.95356396563734,0.4086575804744716,5.453198666514199,0.0171890720532466,0.0016716972370559,True,True,True,True,True,True,True,3,False,True,True,True,True,True
174,9261,29.99944444444445,2,1.0143371331903888,0.4164446999457059,1.5666666666666669,6.066666666666666,99.94601015009178,2.2422252244141534,1.9233828754479871,0.0471511355865097,0.0008854335384947,True,True,True,True,True,True,True,3,False,True,True,True,True,True
175,8615,29.99944444444445,1,0.162243293560763,0.0060956790123456,1.0,2.8,100.0,0.1448734635089738,0.612095385429686,0.0142851615399496,0.013519055910234,True,True,True,True,True,True,True,3,False,True,True,True,True,True
176,8634,29.99944444444445,1,1.1334006199190354,1.144380069524913,1.8,15.266666666666667,99.93050729673384,2.2128795727160075,1.1325354824312432,0.0941813649249368,0.0059460383643844,True,True,True,True,True,True,True,3,False,True,True,True,True,True
177,8632,29.99944444444445,1,1.0807306147667597,1.053870771947249,1.4666666666666666,8.333333333333334,99.95366079703427,1.9973365688164515,1.854643712211483,0.056736837459729,0.0541721832384482,True,True,True,True,True,True,True,3,False,True,True,True,True,True
178,8634,29.99944444444445,1,0.0543863132466329,0.029646164021164,0.2,15.133333333333333,99.98841788278897,2.470772189733828,1.235403223137761,0.1306534520224583,0.011075813230087,True,True,True,True,True,True,True,3,False,True,True,True,True,True
179,20265,29.99944444444445,4,0.073825355703594,0.0,0.5166666666666666,4.633333333333333,100.0,0.5719682272210207,0.531941858892266,0.160782959124928,0.1433835019327247,True,True,True,True,True,True,True,3,False,True,True,True,True,True
18,16143,29.99944444444445,0,0.2410724241378394,0.0,0.0,92.28333333333336,99.6778789568234,2.0438959835007187,15.950023746102543,1.1830597369344815,0.2410559788556443,True,True,True,True,True,False,True,2,True,True,True,False,True,False
180,20264,29.99944444444445,1,0.14201859409617,0.0,1.0,16.53333333333333,99.99013028030004,6.592578518406142,0.53119403666803,0.1655415186208711,0.1482428374034177,True,True,True,True,False,True,True,2,False,True,True,True,True,True
181,8618,29.99944444444445,4,0.2852189216368839,0.2833333333333332,0.2833333333333333,0.7833333333333333,100.0,0.667811471843612,0.1834222944225264,1.001028854335886,1.000533766535159,True,True,True,True,True,True,True,3,False,True,True,True,True,True
182,8619,29.99944444444445,4,0.5000676799319332,0.5,0.5,0.75,100.0,0.9518229488646672,0.0738910159724639,1.2198727617279654,1.1099866573848474,True,True,True,True,True,True,False,2,False,True,True,True,True,True
183,11288,29.99944444444445,8,43.79322719561081,0.4666666666666666,103.93333333333334,105.7,51.49716513111269,16.78190947842431,3.249870940491511,156.5291502440488,3.7522122859029294,False,True,False,False,False,True,False,1,False,False,False,False,False,True
184,11286,29.99944444444445,8,42.48933507148802,0.4583333333333333,103.25,104.99166666666666,52.55183413078149,16.469069135826807,3.8490738004095264,144.93246027261182,3.5085905081784934,False,True,False,False,False,True,False,1,False,False,False,False,False,True
185,11285,29.99944444444445,8,43.8664389001684,0.0,103.725,105.18333333333334,51.35135135135135,16.38971741617145,3.1107808673382444,114.5570560075478,3.1228844733762764,False,True,False,False,False,True,False,1,False,False,False,False,False,True
186,11284,29.99944444444445,8,42.97630297090262,0.4416666666666665,104.61666666666666,105.53333333333336,52.52570010634526,16.322806655861886,3.10817848134181,132.47251364473095,3.336198926521506,False,True,False,False,False,True,False,1,False,False,False,False,False,True
187,11285,29.99944444444445,8,43.73192689593305,0.0,104.76666666666668,105.56666666666666,52.02481169694284,16.500575361356336,3.2506501016337084,116.9066636592866,3.41252603350964,False,True,False,False,False,True,False,1,False,False,False,False,False,True
188,11284,29.99944444444445,8,43.53099319343143,0.0,104.5,105.4,52.53456221198156,16.44868470205986,4.007546313379795,112.75471788712882,2.936456360410632,False,True,False,False,False,True,False,1,False,False,False,False,False,True
189,11286,29.99944444444445,8,43.41245961465509,0.0,104.44166666666666,105.31666666666666,52.72018429913167,16.532851903443046,3.024691828639197,126.4034998627104,3.980261307892887,False,True,False,False,False,True,False,1,False,False,False,False,False,True
19,16138,29.99944444444445,0,0.2450412808573671,0.0,0.0,92.58333333333334,99.68397570950552,1.9475011760788643,15.654380964183911,1.1755959020118143,0.2335842937993142,True,True,True,True,True,False,True,2,True,True,True,False,True,False
190,11285,29.99944444444445,8,43.07634327270598,0.0,103.84833333333331,105.31666666666666,52.67168808152415,16.2343213639788,2.9612269645876195,112.63058905599888,3.422923494562839,False,True,False,False,False,True,False,1,False,False,False,False,False,True
191,11283,29.99944444444445,8,43.01545412185036,0.0,104.59166666666664,105.775,52.72533900558363,16.403538928001986,3.15385107595291,127.89472379595354,3.255126500726075,False,True,False,False,False,True,False,1,False,False,False,False,False,True
192,11285,29.99944444444445,8,42.61582614389992,0.0,104.52333333333334,105.69166666666666,53.38059370846256,16.252611173409917,4.5225689805198,118.50875525473886,3.6431721957951466,False,True,False,False,False,True,False,1,False,False,False,False,False,True
193,11286,29.99944444444445,8,44.11557617853969,0.375,104.55,105.55833333333334,52.19741272372851,16.64689740581613,3.971441651266213,126.69252318506705,3.192535421044193,False,True,False,False,False,True,False,1,False,False,False,False,False,True
194,11286,29.99944444444445,8,42.951658331737086,0.0,103.56458333333332,105.69166666666666,52.50753145489988,16.216090880631814,4.268255042749993,138.73677535422618,3.1601802002120976,False,True,False,False,False,True,False,1,False,False,False,False,False,True
195,11288,29.99944444444445,8,43.688034768239135,0.0,104.38333333333334,105.625,52.888022678951096,16.761368692023446,3.398906490342086,131.010090198702,3.3858221287925403,False,True,False,False,False,True,False,1,False,False,False,False,False,True
196,11286,29.99944444444445,8,42.94043455350938,0.0,103.89166666666668,105.26666666666668,53.535353535353536,16.272022890189852,2.862207975585169,134.53501800614373,4.051267478460461,False,True,False,False,False,True,False,1,False,False,False,False,False,True
197,11286,29.99944444444445,8,43.370947595474114,0.0,104.01666666666668,104.9,52.39234449760766,16.460544565567027,3.054378964705919,117.1513361124472,3.042512285202344,False,True,False,False,False,True,False,1,False,False,False,False,False,True
198,11282,29.99944444444445,8,43.14957412260915,0.0,103.87458333333332,105.11666666666666,52.52614784612657,16.47796978373998,3.0631608565064514,129.59661232029606,3.1387287292667545,False,True,False,False,False,True,False,1,False,False,False,False,False,True
199,11287,29.99944444444445,8,42.83040714475246,0.0,104.41666666666666,105.325,52.91042792593249,16.45164125534076,3.111759474885195,150.90960718745336,3.4038327398166155,False,True,False,False,False,True,False,1,False,False,False,False,False,True
2,16142,29.99944444444445,0,0.2407364181578963,0.0,0.0,92.26666666666668,99.6778590013629,1.9850049409090824,15.882591996035188,1.1876078965844796,0.2452670053277165,True,True,True,True,True,False,True,2,True,True,True,False,True,False
20,8615,29.99944444444445,0,0.1862878348194657,1.857488075196409,0.5,58.96666666666667,99.6285548461985,3.4364659171784675,13.508972721996518,0.0201044689495066,0.0042019733023795,True,True,True,True,True,False,True,2,False,True,True,True,True,True
200,11283,29.99944444444445,8,43.24656216464412,0.0,103.95,104.59166666666664,52.53921829300718,10.28170437322853,3.950566621478613,112.89717475794318,2.7988083366307244,False,True,False,False,False,True,False,1,False,False,False,False,False,True
201,11285,29.99944444444445,8,43.25213724956553,0.0,103.96666666666664,104.875,53.68187859991139,16.448296217514596,3.103227116505805,116.38856194511936,3.105442917246196,False,True,False,False,False,True,False,1,False,False,False,False,False,True
202,11282,29.99944444444445,8,44.19566042295224,0.0,104.35833333333332,105.46666666666664,52.64137564261656,16.75800954351798,3.073405802966165,143.92933387251327,3.305093637871514,False,True,False,False,False,True,False,1,False,False,False,False,False,True
203,11285,29.99944444444445,8,43.88397411227329,0.0,104.20833333333334,105.48333333333332,51.73238812583075,16.19029483901432,3.054632394140591,112.30055964023178,2.855998146981754,False,True,False,False,False,True,False,1,False,False,False,False,False,True
204,11284,29.99944444444445,8,42.495761538006086,0.0,104.66666666666666,105.525,53.44735909252039,16.194651673715224,3.126346620510924,136.62602286444897,3.109035533472789,False,True,False,False,False,True,False,1,False,False,False,False,False,True
205,11285,29.99944444444445,8,43.367449020358855,0.0,104.625,105.64166666666668,52.88435976960567,16.397744764194485,4.2829181378361705,140.88063932965574,3.2921737879114925,False,True,False,False,False,True,False,1,False,False,False,False,False,True
206,11286,29.99944444444445,8,42.6253093411661,0.0,103.21666666666664,105.03333333333336,53.11890838206628,16.136996295540214,3.829472188669425,116.9758924830363,2.9636994800737493,False,True,False,False,False,True,False,1,False,False,False,False,False,True
207,11283,29.99944444444445,8,43.30270637906905,0.0,104.45833333333334,105.15,52.62784720375786,16.27428807665428,3.0197605893963244,150.36994116600604,3.3540242449309186,False,True,False,False,False,True,False,1,False,False,False,False,False,True
208,11284,29.99944444444445,8,43.45124806524465,0.0,104.175,105.19166666666666,53.19035802906771,16.276670169055844,2.923709333027837,120.85789119649894,3.1472235639818056,False,True,False,False,False,True,False,1,False,False,False,False,False,True
209,8613,29.99944444444445,0,34.98006990880554,3.790388695987655,104.775,105.99166666666666,57.8544061302682,10.652048552204008,6.4074045131951785,203.05835580850388,36.36748399890162,False,False,False,False,False,True,False,1,False,False,False,False,False,True
21,8636,29.99944444444445,2,0.6118345015722273,2.015981867283951,4.166666666666667,13.333333333333332,98.77257989810096,1.7547994059741128,2.362128436896848,6.413161475702004,3.2774461527356387,True,False,True,True,True,True,False,2,False,False,False,False,False,True
210,11281,29.99944444444445,8,43.83547169503812,0.3416666666666667,105.04166666666666,106.20833333333334,53.523623792217,16.670262405986918,4.597762453839042,126.50220980006904,3.1811178455048674,False,True,False,False,False,True,False,1,False,False,False,False,False,True
211,8616,29.99944444444445,0,41.98702262439858,39.2103057484568,104.75833333333334,105.675,48.9786443825441,13.55042212371656,6.2351510306855005,275.79144165375016,49.32873781923225,False,False,False,False,False,True,False,1,False,False,False,False,False,True
212,11285,29.99944444444445,8,44.19441632605567,0.0,104.88333333333334,105.95833333333334,52.9198050509526,16.951775179233866,4.271284001529904,138.74937644544204,4.354427776722859,False,True,False,False,False,True,False,1,False,False,False,False,False,True
213,8618,29.99944444444445,0,43.166341442974655,37.402690972222224,105.11666666666666,105.91071428571428,49.5126479461592,13.509140327165913,6.653782181627968,259.41164008885056,48.5079220494572,False,False,False,False,False,True,False,1,False,False,False,False,False,True
214,11283,29.99944444444445,8,44.21237697733643,0.0,105.1,105.88333333333334,52.83169369848445,17.136438763536635,3.12343792626962,154.41244725957569,4.192742006435173,False,True,False,False,False,True,False,1,False,False,False,False,False,True
215,11280,29.99944444444445,8,43.932322952362846,0.0,104.43333333333334,105.61666666666666,53.10283687943262,16.651998584116306,2.965024244126638,129.25562498105717,3.833054278267044,False,True,False,False,False,True,False,1,False,False,False,False,False,True
216,11287,29.99944444444445,8,44.46928403812208,0.0,104.79166666666666,105.95,52.245946664304064,16.94491312248879,3.1486028422814103,130.32875438673923,3.6170170973706015,False,True,False,False,False,True,False,1,False,False,False,False,False,True
217,11283,29.99944444444445,8,44.45574565523548,0.0,104.775,105.75,51.95426748205264,16.666138380853248,3.047973434878513,127.52640658405082,3.645553058421976,False,True,False,False,False,True,False,1,False,False,False,False,False,True
218,11285,29.99944444444445,8,4.471985464813334,0.0,34.37833333333329,105.35833333333332,93.30970314576872,3.680745176756688,2.6882586738324443,52.09027121969745,6.990923792645104,False,True,False,False,True,True,False,2,False,False,False,False,False,True
219,7500,26.11715277777778,0,49.16641046176047,41.04881804152637,104.475,105.30833333333334,40.053333333333335,12.707200415514906,18.566348225108225,286.7956144492544,54.84482158730159,False,False,False,False,False,False,False,0,False,False,False,False,False,True
22,8635,29.99944444444445,1,0.6513207849861006,0.6918129709796377,0.8666666666666667,11.933333333333332,99.95367689635204,9.011276406468983,11.288019897492973,0.3042042612859057,0.2483314292347297,True,True,True,True,False,False,True,1,False,True,False,False,True,False
220,7481,26.047708333333333,0,48.65208685958252,38.59028303872054,104.525,105.43333333333334,41.59871674909771,13.051666114291896,19.043063741275883,299.58235327476075,56.033230041357285,False,False,False,False,False,False,False,0,False,False,False,False,False,True
221,7478,26.058125,0,49.95727588597215,36.81790500804173,104.29166666666666,105.25833333333334,42.17705268788446,13.55272644374652,19.04364820790336,299.9574758975535,59.47119996433984,False,False,False,False,False,False,False,0,False,False,False,False,False,True
222,7486,26.06854166666667,0,49.714164254349264,42.18575862794613,102.95833333333334,105.20833333333334,40.95645204381512,12.744702490318849,18.57507793287248,285.8719751557849,53.57951331589122,False,False,False,False,False,False,False,0,False,False,False,False,False,True
223,7491,26.078958333333333,0,48.02338498297525,40.12510752051767,104.83333333333334,105.55833333333334,41.302896809504745,12.704814755202229,18.77647791105941,284.885856149072,54.26574428997336,False,False,False,False,False,False,False,0,False,False,False,False,False,True
224,7480,26.04076388888889,0,48.784277593507205,38.08335193452381,104.70833333333334,105.60833333333332,41.3903743315508,12.61851643974859,17.771553300383516,286.1757801757066,52.93954322638146,False,False,False,False,False,False,False,0,False,False,False,False,False,True
225,7478,26.03729166666667,0,49.3259061661534,35.01816991843034,104.76666666666668,105.425,41.200855843808505,12.71599967513606,18.65392359935687,281.5732928745499,54.96543651365128,False,False,False,False,False,False,False,0,False,False,False,False,False,True
226,7485,26.07548611111111,0,48.22592247988039,35.36995563271604,103.8,105.28333333333336,43.64729458917836,13.105274447326073,17.62282151604797,301.744794986799,58.70607691573623,False,False,False,False,False,False,False,0,False,False,False,False,False,True
227,7479,26.065069444444443,0,48.708678824518174,34.88896742724868,104.18333333333334,104.98333333333332,43.548602754378926,13.064091714173536,17.43180132698785,307.9747348252763,57.53881471294227,False,False,False,False,False,False,False,0,False,False,False,False,False,True
228,7477,26.05118055555556,0,49.67401415929485,41.98656442901234,103.46666666666664,104.675,41.91520663367661,12.597083119328882,17.84153478481752,271.56323047169644,55.776505940970296,False,False,False,False,False,False,False,0,False,False,False,False,False,True
229,7494,26.11715277777778,0,47.119834736837085,46.68358410493828,96.50833333333334,99.825,37.72351214304777,11.109234972352144,18.78585757494885,239.5954896784561,46.76306136262101,False,False,False,False,False,False,False,0,False,False,False,False,False,True
23,8614,29.99944444444445,2,5.53719553864086,5.492410196987254,9.0,55.73333333333333,49.14093336429069,11.094542772993297,19.44935529604673,4.727610027345922,2.165316055677676,False,False,False,False,False,False,False,0,False,False,False,False,False,True
230,7473,26.033819444444443,0,46.08337400840161,39.28146219135802,96.19166666666666,99.64166666666668,39.71631205673759,11.315635232224814,18.818577820324105,222.7257626601063,42.95192644680802,False,False,False,False,False,False,False,0,False,False,False,False,False,True
231,7485,26.07201388888889,0,43.7188022871139,24.79189814814815,95.875,99.91666666666666,40.6813627254509,10.705579240179087,17.229707148785305,239.27133904171976,39.78250671617404,False,False,False,False,False,False,False,0,False,False,False,False,False,True
232,7474,26.030347222222225,0,44.10934091357977,18.714120370370367,96.44166666666666,100.0,42.56087770939256,10.947709178057206,17.303458338111803,247.65794054308907,40.71439084062847,False,False,False,False,False,False,False,0,False,False,False,False,False,True
233,7485,26.078958333333333,0,43.038308774049,20.191989087301582,96.52333333333334,99.83333333333334,43.09953239812959,10.812464534008516,17.57333294294216,239.999878487133,37.95706269682221,False,False,False,False,False,False,False,0,False,False,False,False,False,True
234,7476,26.047708333333333,0,43.80737313003565,20.2752025462963,96.21874999999996,99.8,43.11128945960407,10.890312466196422,19.463872805676576,230.9628162500956,38.38520201151621,False,False,False,False,False,False,False,0,False,False,False,False,False,True
235,7481,26.065069444444443,0,42.49510617067511,20.39533695712081,96.6,99.98333333333332,44.36572650715145,11.03895765314608,17.165778915050403,245.70935321863007,42.351636208553735,False,False,False,False,False,False,False,0,False,False,False,False,False,True
236,7478,26.058125,0,43.64876993882911,27.882717427248675,96.52625,99.89166666666668,42.645092270660605,11.727228407943214,19.813422882131093,241.57660033942463,41.162448530341024,False,False,False,False,False,False,False,0,False,False,False,False,False,True
237,7477,26.05118055555556,0,43.40193717693969,29.50537298831569,96.46666666666664,99.9,43.60037448174401,11.568698837767036,18.094825049231897,243.1094667269336,41.2179783303496,False,False,False,False,False,False,False,0,False,False,False,False,False,True
238,7475,26.04076388888889,0,45.30954386722531,30.81687885802469,96.34666666666664,99.94166666666666,41.76588628762542,11.597993761631605,17.793729501267965,242.02063431217613,42.34307123868327,False,False,False,False,False,False,False,0,False,False,False,False,False,True
239,8615,29.99944444444445,8,47.9140413764993,24.195018022101355,103.075,104.95833333333334,39.895531050493325,11.647370383134843,6.519484025357501,175.51150054111747,4.496612728214585,False,False,False,False,False,True,False,1,False,False,False,False,False,True
24,8614,29.99944444444445,2,0.3132447886452994,0.3229772927689594,1.0,18.2,99.721383793824,2.131543691565752,11.478532941273825,3.072059327561997,0.6893256087358711,True,True,True,True,True,False,True,2,False,True,True,True,True,True
240,8615,29.99944444444445,8,47.410133949528905,40.99164237334811,104.25,105.64166666666668,41.56703424260012,10.584417115097056,4.033566651958991,188.00990684880992,4.540518450402374,False,False,False,False,False,True,False,1,False,False,False,False,False,True
241,8618,29.99944444444445,8,49.69377898296876,23.551800411522635,104.78333333333336,105.74166666666666,42.73613367370619,12.211040923412778,7.795208950302938,182.3119143346661,4.634418143355832,False,False,False,False,False,True,False,1,False,False,False,False,False,True
242,8616,29.99944444444445,8,47.38602880768836,38.5956428433642,104.625,105.94166666666666,44.05756731662024,10.436187746577591,3.610305877193064,273.1147973699158,50.68145152201559,False,False,False,False,False,True,False,1,False,False,False,False,False,True
243,8617,29.99944444444445,8,50.0266213451262,24.15371954916226,103.45,104.71666666666664,42.43936404781246,12.45550366140756,5.615400442915819,187.6756213722965,4.760682053237467,False,False,False,False,False,True,False,1,False,False,False,False,False,True
244,8615,29.99944444444445,8,48.01841277592113,37.27942617806102,104.46666666666664,105.65833333333336,43.6680208937899,10.352714643152506,3.9669154215875055,199.32037866370428,4.536616811317914,False,False,False,False,False,True,False,1,False,False,False,False,False,True
245,8619,29.99944444444445,8,57.88788211875141,69.93778131430042,104.80833333333334,106.05,33.27532196310477,11.502947389018797,5.436165332971807,125.25862819613256,3.384717131175537,False,False,False,False,False,True,False,1,False,False,False,False,False,True
246,8612,29.99944444444445,8,49.36686186613614,39.32235223656863,103.79166666666666,105.025,40.19972131908964,11.32928392993583,3.970028229047621,199.30397663085483,4.575637816278782,False,False,False,False,False,True,False,1,False,False,False,False,False,True
247,8615,29.99944444444445,8,51.87914422848223,24.57533396026235,104.00833333333334,104.725,40.51073708647707,12.430593961533717,5.974168673269079,175.01294271022073,4.545605130666071,False,False,False,False,False,True,False,1,False,False,False,False,False,True
248,8619,29.99944444444445,8,47.11117149301756,30.48369020061728,104.71666666666664,105.63333333333334,42.63835711799513,11.06500997161516,3.963197437979895,209.45468534250296,4.782789365177114,False,False,False,False,False,True,False,1,False,False,False,False,False,True
249,8614,29.99944444444445,8,51.3496437963882,24.05591322659465,104.10833333333332,105.0,42.04782911539355,12.461669201581609,5.962950543638958,179.12187695343894,4.565581227907093,False,False,False,False,False,True,False,1,False,False,False,False,False,True
25,8614,29.99944444444445,2,5.16845655054385,4.530415013227513,8.7,62.56666666666667,61.13303923844904,10.448591011105652,20.48170383037749,4.0447137372984825,0.5574739902926575,False,False,False,False,False,False,True,1,False,False,False,False,False,True
250,8616,29.99944444444445,8,46.8697017831963,30.54355951003086,104.17708333333331,105.73333333333332,43.31476323119777,10.659059866820328,3.963603438498982,200.3629528549445,4.597458673329147,False,False,False,False,False,True,False,1,False,False,False,False,False,True
251,8616,29.99944444444445,8,49.72094721199439,23.103289842873178,104.58333333333334,105.31666666666666,43.16388115134633,12.39930771239164,5.613412731457648,179.38273355204066,4.561488890249336,False,False,False,False,False,True,False,1,False,False,False,False,False,True
252,8615,29.99944444444445,8,46.43085641091191,30.164779785222496,104.24166666666666,105.15833333333336,43.48229831688914,10.16639932476584,3.920372908512781,186.355674821084,4.323920916254056,False,False,False,False,False,True,False,1,False,False,False,False,False,True
253,8617,29.99944444444445,8,49.7882627271604,22.136397247942387,103.40166666666669,105.35,42.92677265869792,12.276411848048896,6.4310390993865525,177.1830812122387,4.424262521355477,False,False,False,False,False,True,False,1,False,False,False,False,False,True
254,8613,29.99944444444445,8,47.69194934276896,29.49871003007229,104.45333333333332,105.675,43.19052594914664,10.037627571546622,3.701878003506356,259.3128809745668,45.35977794023771,False,False,False,False,False,True,False,1,False,False,False,False,False,True
255,8617,29.99944444444445,8,49.825523814903455,22.63915279510949,103.96666666666664,105.3,40.9539282813044,12.109899622423718,4.961530014799714,180.06958457516075,4.433807753501383,False,False,False,False,False,True,False,1,False,False,False,False,False,True
256,8617,29.99944444444445,8,47.00985995987302,34.517867833691994,103.985,105.675,44.13368921898573,10.245287559140086,4.388446190123108,185.4174267887799,4.330546585826847,False,False,False,False,False,True,False,1,False,False,False,False,False,True
257,8615,29.99944444444445,8,50.56308798177704,38.22523488439288,104.50833333333334,106.10833333333332,36.3087637840975,11.025229784798768,6.616932909419851,142.81967066982156,3.583689673646145,False,False,False,False,False,True,False,1,False,False,False,False,False,True
258,8615,29.99944444444445,8,47.663381579567016,34.17161833793779,104.2525,105.04166666666666,44.28322692977365,10.19800863203969,3.8786768741672977,178.01900660440998,4.1442108136913705,False,False,False,False,False,True,False,1,False,False,False,False,False,True
259,8617,29.99944444444445,8,48.78218395661821,16.435935689455388,103.95,105.16666666666666,43.76233027735871,11.959236749768476,6.568212141616459,172.21226965367617,4.305644121844655,False,False,False,False,False,True,False,1,False,False,False,False,False,True
26,8614,29.99944444444445,2,0.1390814510155118,0.1343915343915343,0.3,14.1,99.84908288832132,1.7613876800859103,10.572460391168304,2.398684312359724,0.3597427222572334,True,True,True,True,True,False,True,2,False,True,True,True,True,True
260,8614,29.99944444444445,8,46.677878432112095,15.36605698747626,104.66666666666666,105.425,44.43928488507081,11.690204345094106,4.4535888259768,169.06973919264956,4.108713216845327,False,False,False,False,False,True,False,1,False,False,False,False,False,True
261,8614,29.99944444444445,8,48.42261880830163,16.45525102790728,103.875,105.36666666666666,43.90527048990016,11.665045463466283,5.365879425697745,169.7807693883007,4.289549509000404,False,False,False,False,False,True,False,1,False,False,False,False,False,True
262,8612,29.99944444444445,8,47.81842151150347,14.42470603759666,104.875,105.91666666666666,42.951695308871344,11.736418947827897,5.51280294091778,173.2275088654443,4.355172461460199,False,False,False,False,False,True,False,1,False,False,False,False,False,True
263,8617,29.99944444444445,8,49.0125537275575,17.753197337962963,103.76666666666668,105.0,44.59788789601949,11.839844185239354,5.846167683489257,167.4044220160328,4.256251587567591,False,False,False,False,False,True,False,1,False,False,False,False,False,True
264,8616,29.99944444444445,8,47.98181572325461,17.064958748812916,104.86666666666666,105.61666666666666,45.39229340761374,12.330131312639503,5.939761743208819,172.95728827617756,4.3659092590325175,False,False,False,False,False,True,False,1,False,False,False,False,False,True
265,8614,29.99944444444445,8,47.26846821049246,16.36454813050989,103.50833333333334,105.30833333333334,44.17227768748549,11.397535015474654,5.292316908705927,154.34287669931388,4.089501546295718,False,False,False,False,False,True,False,1,False,False,False,False,False,True
266,8614,29.99944444444445,8,47.34436631240345,16.407277993996743,104.13333333333334,105.375,44.207104713257486,11.291156379220572,6.104901903877409,153.41906074828353,3.913791576622433,False,False,False,False,False,True,False,1,False,False,False,False,False,True
267,8617,29.99944444444445,8,48.60011403624647,17.41286651234568,104.05,104.925,44.53986306139027,11.741755032895057,5.729767813517958,162.28575668268138,4.139263832759248,False,False,False,False,False,True,False,1,False,False,False,False,False,True
268,8618,29.99944444444445,8,47.26861011319848,15.487183938746435,103.60833333333332,105.26666666666668,44.56950568577396,11.366732789408085,5.533994442163391,160.75512296359943,4.065309956926341,False,False,False,False,False,True,False,1,False,False,False,False,False,True
269,8619,29.99944444444445,8,47.29042876707448,16.814999554843304,104.75833333333334,105.63333333333334,45.1212437637777,10.91042430368798,5.426088754421508,157.84183877768982,4.097939926994922,False,False,False,False,False,True,False,1,False,False,False,False,False,True
27,8619,29.99944444444445,2,0.2679550928245672,1.062028268799102,1.271474358974347,19.066666666666663,99.80276134122288,1.7509046974579765,12.491737238796064,2.1286363460571605,0.2745830087459047,True,True,True,True,True,False,True,2,False,True,True,True,True,True
270,8619,29.99944444444445,8,46.806184370653135,15.269569830246914,104.50833333333334,105.54166666666666,47.67374405383455,11.757269990694166,5.586123828988431,176.06015766342952,4.367248331588742,False,False,False,False,False,True,False,1,False,False,False,False,False,True
271,8620,29.99944444444445,8,45.66186654702606,14.78002025462963,104.10875,104.975,46.67053364269142,11.461382355639682,5.772171339874356,158.55887516582413,4.074965473428351,False,False,False,False,False,True,False,1,False,False,False,False,False,True
272,8617,29.99944444444445,8,46.23582942626983,14.054916100489018,104.54166666666666,105.475,46.48949750493211,11.22873473034203,7.42762388282871,161.79053052378745,4.231599942357747,False,False,False,False,False,True,False,1,False,False,False,False,False,True
273,8615,29.99944444444445,8,44.85629897074616,15.10484536224687,103.89166666666668,104.85,46.09402205455601,10.652809235558223,5.1233064903755565,171.77908902183134,4.342057599007686,False,False,False,False,False,True,False,1,False,False,False,False,False,True
274,8618,29.99944444444445,8,44.837755380594494,16.38224344135803,104.225,105.025,47.59805059178464,10.628132117334486,5.029363569825394,166.91951874998986,4.342609611514809,False,False,False,False,False,True,False,1,False,False,False,False,False,True
275,8617,29.99944444444445,8,46.03975663112145,17.240181327160492,104.38333333333334,105.88333333333334,47.52233956133225,10.757426328420904,5.283862291950953,164.21343665650556,4.233554379034245,False,False,False,False,False,True,False,1,False,False,False,False,False,True
276,8618,29.99944444444445,8,45.032706803523695,16.991619130291006,104.88583333333334,106.18333333333334,48.23624970990949,10.590646098017338,6.403110482836057,161.9113036553452,4.191713665579411,False,False,False,False,False,True,False,1,False,False,False,False,False,True
277,8617,29.99944444444445,8,44.18940922871887,11.25418002136752,103.99166666666666,105.275,48.195427643031216,10.439142217815755,4.674830962816921,161.7722780082476,4.214158282821972,False,False,False,False,False,True,False,1,False,False,False,False,False,True
278,8617,29.99944444444445,8,38.53875761293367,29.83949239417989,104.26,105.54166666666666,52.2803760009284,9.896950022312696,3.9482847681118542,176.89650432929415,4.372054864790155,False,False,False,False,False,True,False,1,False,False,False,False,False,True
279,8617,29.99944444444445,8,44.6364132159892,10.370383522727272,104.32666666666668,106.53333333333336,49.63444354183591,10.229015211054474,5.102240939208562,149.51238935719033,4.092303646220322,False,False,False,False,False,True,False,1,False,False,False,False,False,True
28,8634,29.99944444444445,1,1.1236021487585075,1.1322518346852066,2.0,14.466666666666669,99.9073430623118,1.804772263621336,1.0209069094753598,0.0942287964525629,0.005752451548143,True,True,True,True,True,True,True,3,False,True,True,True,True,True
280,8615,29.99944444444445,8,37.21688529621858,30.335069444444443,103.2025,105.875,54.37028438769588,9.255498862045496,3.570065160221864,265.74990110811353,52.30087166589779,False,False,False,False,False,True,False,1,False,False,False,False,False,True
281,8614,29.99944444444445,8,43.86432184046316,10.524324845679011,104.025,105.775,49.43115857905735,10.050338314917832,4.8939440676961,158.37929191000933,4.262883185230527,False,False,False,False,False,True,False,1,False,False,False,False,False,True
282,8615,29.99944444444445,8,36.87395904331046,30.831649466306587,104.26666666666668,105.275,55.72838073128265,9.524789653864454,3.896593116691783,178.1180088686705,4.291380078617456,False,False,False,False,False,True,False,1,False,False,False,False,False,True
283,8619,29.99944444444445,8,43.22258373793027,10.686400979662698,103.93333333333334,105.5,49.04281239122868,9.701211674266016,4.619545452742459,146.38237765251338,4.037839476144384,False,False,False,False,False,True,False,1,False,False,False,False,False,True
284,8612,29.99944444444445,8,36.58162401741637,29.27693865740741,104.55,106.04166666666666,56.87412912215514,9.823547376310309,3.855927646307349,182.0032686345883,4.3566804482997,False,False,False,False,False,True,False,1,False,False,False,False,False,True
285,8619,29.99944444444445,8,43.56795118422881,10.617207995756171,103.85833333333332,104.76666666666668,50.62072166144564,10.409398931675634,5.028086215520952,175.71457846983432,4.515108965752892,False,False,False,False,False,True,False,1,False,False,False,False,False,True
286,8612,29.99944444444445,8,36.775542994285736,30.12257908950617,104.45,105.73333333333332,55.956804458894574,9.443395550525638,3.946747340366709,167.66166348939805,4.205480458734638,False,False,False,False,False,True,False,1,False,False,False,False,False,True
287,8615,29.99944444444445,8,43.22765940293181,9.489879344870664,104.31666666666666,105.36666666666666,50.80673244341265,10.143391918797231,5.321490716351424,166.73302478072645,4.331740061383126,False,False,False,False,False,True,False,1,False,False,False,False,False,True
288,8616,29.99944444444445,8,37.30826080063545,32.721626984126985,103.76666666666668,105.125,54.79340761374188,9.484729470033118,3.9524483920984617,168.97327230665496,4.512643981289525,False,False,False,False,False,True,False,1,False,False,False,False,False,True
289,8611,29.99944444444445,8,43.02414521857966,8.409617612977984,104.95833333333334,105.74166666666666,51.19033793984439,9.81427927982354,5.1681714928898765,167.83762438254658,4.315601583799238,False,False,False,False,False,True,False,1,False,False,False,False,False,True
29,8637,29.99944444444445,1,0.0282830788909288,0.0300925925925925,0.2,11.933333333333332,99.98842190575432,1.141366372732748,1.2791871659273537,0.1563771337303813,0.0322776062268941,True,True,True,True,True,True,True,3,False,True,True,True,True,True
290,8616,29.99944444444445,8,37.52579205011852,28.27602237654321,103.84166666666664,105.10833333333332,54.38718662952646,9.260354078277723,3.899308765360298,169.0691652977168,4.2836923850677335,False,False,False,False,False,True,False,1,False,False,False,False,False,True
291,8615,29.99944444444445,8,41.52200324631839,10.084669863315696,103.73333333333332,105.08333333333334,51.874637260592,9.133638916091677,4.911108504573392,146.95274099860285,3.923481830608934,False,False,False,False,False,True,False,1,False,False,False,False,False,True
292,8617,29.99944444444445,8,12.754353337451429,0.4583892826405847,102.36,105.125,82.23279563653244,4.191033531699111,4.273949146671672,90.3413243839059,7.519163796243987,False,True,False,False,True,True,False,2,False,False,False,False,False,True
293,8618,29.99944444444445,8,13.129721676720692,0.3610435956790123,99.60958333333332,103.99166666666666,81.1905314458111,3.830625483388084,4.44812933353488,84.56350289624251,7.319109102199726,False,True,False,False,True,True,False,2,False,False,False,False,False,True
294,8619,29.99944444444445,8,10.854639158942152,0.3865358382936508,95.75,105.25,83.75681633600186,3.474697397722292,3.98521218117459,93.84881473478758,20.64175465057818,False,True,False,False,True,True,False,2,False,False,False,False,False,True
295,8619,29.99944444444445,8,4.163651463721077,0.7401716820987654,18.575,67.33333333333333,92.15686274509804,5.710846884099286,31.99056845617932,811.4610540665971,452.3997476505395,False,True,False,False,True,False,False,1,False,False,False,False,False,True
296,8615,29.99944444444445,2,6.353831068492995,4.618277391975308,10.633333333333333,87.3,37.49274521183981,14.16209286818323,281.22925933839167,13.750876509509707,1.5885263620754044,False,False,False,False,False,False,False,0,False,False,False,False,False,True
297,8614,29.99944444444445,1,2.8796909186188264,2.648225308641975,5.289999999999964,88.66666666666666,94.07940561876016,21.84020087762272,1345.853463438633,3.672617975502815,1.0311904326357542,False,False,False,False,False,False,True,1,False,False,False,False,False,True
298,8614,29.99944444444445,1,1.4475584073331926,1.1154486331569664,2.733333333333333,6.333333333333334,99.965172974228,8.337243678180217,12.481619570030878,0.330066645747514,0.1203701443282358,True,True,True,True,False,False,True,1,False,True,False,False,True,False
299,8616,29.99944444444445,2,1.5376254034897836,1.714351851851852,2.0,36.63333333333333,99.84911792014856,2.05630232683524,3.697100049633128,1.0730614479918097,0.0697385560895309,True,True,True,True,True,True,True,3,False,True,True,True,True,True
3,8634,29.99944444444445,2,3.2552695875663216,3.475026209788666,3.7,9.466666666666669,98.679638637943,6.403576950864021,12.78453940083544,13.637118649245126,2.9435359058361144,False,False,True,True,False,False,False,0,False,False,False,False,False,True
30,8635,29.99944444444445,1,9.26462072958888e-05,0.0006944444444444,0.0,0.2,100.0,0.191596611612138,0.0761549992181144,0.00021672594921,0.0,True,True,True,True,True,True,True,3,False,True,True,True,True,True
300,8617,29.99944444444445,2,1.0032355857686597,1.4228009259259258,2.0,15.4,99.86074039688988,2.4863606466797044,17.808495820904433,0.5588067043010758,0.1280835755478902,True,True,True,True,True,False,True,2,False,True,True,True,True,True
301,8613,29.99944444444445,2,1.036602816601075,0.8334492081884898,2.0,12.4,99.28015790084756,2.842307467169656,25.10436356798252,1.3447449421587354,0.6234700484700484,True,True,True,True,True,False,True,2,False,True,True,True,True,True
302,8615,29.99944444444445,2,1.531361865064709,1.4206983024691358,2.766666666666667,20.6,99.5473012188044,5.197892235691346,29.64287150651631,0.3257900659990038,0.1081183703122182,True,True,True,True,True,False,True,2,False,True,True,True,True,True
303,2070,7.233333333333333,0,0.264727398205659,0.3495205026455026,0.5,61.96666666666667,99.61352657004832,1.5919805762201378,17.857689251167514,3.6669869904652512,0.469187945709685,True,True,True,True,True,False,True,2,False,True,True,True,True,True
304,2070,7.233333333333333,0,0.2413762364849321,0.2095238095238095,0.5,40.16666666666666,99.80676328502416,1.4362048822042055,10.754739817348511,2.0840838066925023,0.1416895825591477,True,True,True,True,True,False,True,2,False,True,True,True,True,True
305,8611,29.99944444444445,1,12.37762079885817,11.89182098765432,13.4,16.0,0.0,25.64029467840651,41.29558327065004,0.0055001631357455,1.9355088452754226e-05,False,False,False,False,False,False,True,1,False,False,False,False,False,True
306,8613,29.99944444444445,1,0.741813285273752,1.4269430415263746,2.0,33.8,99.93033786137234,1.5926624601823591,9.341772087130844,20.989559505538256,12.68442833757184,True,True,True,True,True,False,False,1,False,True,False,False,False,True
307,8613,29.99944444444445,1,0.5374371271619618,0.2504769921436588,1.5333333333333334,4.133333333333333,100.0,3.8630889282299856,0.9862501892369534,0.2650384485285216,0.0755258093816087,True,True,True,True,True,True,True,3,False,True,True,True,True,True
308,2070,7.233333333333333,0,0.2301431579692449,0.1622216710758377,0.4666666666666666,35.1,99.80676328502416,1.362921582424358,7.341179327918457,0.8290499194847021,0.1163100989187945,True,True,True,True,True,True,True,3,False,True,True,True,True,True
309,2068,7.229861111111111,0,0.5161658377083908,0.5660879629629629,0.7,36.8,99.80657640232108,1.3140235347267004,7.306235608363267,0.8175370728562219,0.1137630100396057,True,True,True,True,True,True,True,3,False,True,True,True,True,True
31,8617,29.99944444444445,2,1.006623888470819,0.7608342989571263,1.9666666666666663,10.0,99.70987582685387,2.769964115066013,21.537902077356065,0.6186863572902797,0.3817537291019942,True,True,True,True,True,False,True,2,False,True,True,True,True,True
310,2070,7.229861111111111,0,0.2746589602024384,0.1328896604938271,1.0516666666666652,41.1,99.80676328502416,1.364806351054599,7.482178513917645,0.8256498734759604,0.1139176443524269,True,True,True,True,True,True,True,3,False,True,True,True,True,True
311,8617,29.99944444444445,2,0.4437294160457675,0.1726328262786596,1.1333333333333333,7.066666666666666,99.97679006614833,2.2497752116415786,2.368547514404541,2.44296153088076,0.6955740087282387,True,True,True,True,True,True,True,3,False,True,True,True,True,True
313,5774,20.06778935185185,0,0.2169717425129617,0.0390528549382716,0.2333333333333333,30.3,98.99549705576725,1.0553690310628072,12.072782753558643,0.1903244429049763,0.0280798983951044,True,True,True,True,True,False,True,2,False,True,True,True,True,True
315,8617,29.99944444444445,2,1.145200416290993,1.1027391975308642,1.9666666666666663,20.17857142857143,99.8955552976674,1.4975877389175023,55.57657752096652,2.2920584334881657,1.037543247630865,True,True,True,True,True,False,True,2,False,True,True,True,True,True
317,8635,29.99944444444445,1,1.026874017702043,1.0545524691358024,1.0,11.133333333333333,99.94209612044008,2.609281679412156,4.585111427850281,63.89852617304847,11.73662638847352,True,True,True,True,True,True,False,2,False,True,True,True,False,False
318,5705,19.880277777777778,0,1.2752074437394332,1.4205246913580245,1.5833333333333337,28.816666666666663,98.00175284837862,6.10978818479304,258.2574546127745,237.11421522094616,199.1271652799435,True,True,True,True,False,False,False,0,False,True,False,False,False,True
319,8619,29.99944444444445,4,5.472402988910124,3.7636611965388,30.80333333333332,59.16666666666667,88.49054414665274,2.373905927066008,654.0366370393346,1561.5647783743502,1464.0120679210568,False,False,False,False,True,False,False,1,False,False,False,False,False,True
32,8616,29.99944444444445,2,0.4270083596250031,0.5830263197450697,0.8,42.96666666666667,99.72144846796658,2.1414585105896045,29.59102149881224,1.8557298637991533,0.4109505445421184,True,True,True,True,True,False,True,2,False,True,True,True,True,True
320,8635,29.99944444444445,1,7.850847445033894,5.417901234567901,17.01999999999995,85.0,21.42443543717429,13.734271399462664,115.50552165392352,4.050971957978327,3.6161025174400976,False,False,False,False,False,False,False,0,False,False,False,False,False,True
321,8636,29.99944444444445,2,4.709408242675958,2.6667452960326656,24.666666666666664,66.83333333333333,89.30060213061603,8.125095784232316,1206.5967097361493,226.2610747684074,140.27495512535174,False,False,False,False,False,False,False,0,False,False,False,False,False,True
322,8632,29.99944444444445,2,10.71669326740863,20.648133587154444,55.6,84.6,62.917052826691375,10.936316761138558,2195.7685267206152,486.4991731726209,282.73132899435035,False,False,False,False,False,False,False,0,False,False,False,False,False,True
323,8635,29.99944444444445,2,2.7306339431976374,2.723092203277603,3.1,7.0,99.84944991314418,5.389140168310294,20.99928000134717,4.469667860930166,2.3788160228113906,False,False,True,True,True,False,False,1,False,False,False,False,False,True
324,8635,29.99944444444445,2,4.955915968641794,9.032599459250676,8.976666666666642,91.3,80.84539664157498,6.475244413694741,449.8748759032256,1.7266609823297725,1.5155418254781312,False,False,False,False,False,False,False,0,False,False,False,False,False,True
325,8635,29.99944444444445,2,2.1823203335942187,2.2948743386243384,2.833333333333333,14.733333333333333,99.0156340474812,3.2296587097119245,21.231014548084616,83.33767783525745,72.62344306790166,False,False,True,True,True,False,False,1,False,False,False,False,False,True
326,8637,29.99944444444445,4,3.5677178266814424,3.042249848434744,7.05,10.316666666666668,87.22936204700706,3.502047912547527,68.63596156072711,440.2149165825876,434.1483182818108,False,False,False,False,True,False,False,1,False,False,False,False,False,True
327,8636,29.99944444444445,2,2.469775577852233,2.206349206349206,3.2,10.6,99.15470125057897,2.783896884158296,15.160399797181872,10.099840036963704,7.196314084890973,False,False,True,True,True,False,False,1,False,False,False,False,False,True
328,8636,29.99944444444445,2,2.1892907006790745,2.22173721340388,2.733333333333333,12.033333333333331,99.55998147290413,2.672649949184585,11.00723910822336,11.289652914375008,8.895281188113517,False,False,True,True,True,False,False,1,False,False,False,False,False,True
329,8614,29.99944444444445,4,20.039047673958144,3.67163387345679,68.73333333333333,77.54166666666667,56.930578128627815,9.09844592086717,764.9417748418415,4113.739753962984,2552.978643034532,False,False,False,False,False,False,False,0,False,False,False,False,False,True
33,8616,29.99944444444445,2,0.6466359524811823,0.6328719778806584,0.8666666666666667,5.333333333333334,99.96518105849582,2.854390256575972,19.18723621530899,0.5359878128680358,0.3298268867210371,True,True,True,True,True,False,True,2,False,True,True,True,True,True
330,8632,29.99944444444445,2,1.95919527645663,1.891493055555556,2.8666666666666667,10.833333333333332,99.16589434661724,3.1105186339751136,22.08131749313399,33.16322984244671,25.291767252158817,True,True,True,True,True,False,False,1,False,True,False,False,False,True
332,8636,29.99944444444445,4,6.935990311651064,4.692948814414631,9.65,11.788461538461538,38.14265863825845,8.313870713275453,58.19982886690275,2314.289218722839,2301.0786735497018,False,False,False,False,False,False,False,0,False,False,False,False,False,True
333,8636,29.99944444444445,1,0.0010885671376639,0.0022100970017636,0.0,1.0,100.0,1.6423057894271271,1.856586263756829,0.0,0.0,True,True,True,True,True,True,True,3,False,True,True,True,True,True
334,8614,29.99944444444445,1,2.6849480911473016,2.227037466203167,3.666666666666667,15.533333333333331,99.83747387973068,3.469589365293493,4.130123463719935,0.1230654416398554,0.0835688303647439,False,False,True,True,True,True,True,3,False,False,False,False,False,True
335,8617,29.99944444444445,2,3.452166813110297,3.391593555150913,4.033333333333333,12.466666666666669,99.5009864221887,1.5188229085793576,4.704651253740263,0.9981304950899936,0.5146974143028454,False,False,True,True,True,True,True,3,False,False,False,False,False,True
336,4021,13.959641203703704,0,0.0755390530881702,0.0740423831569664,0.2,37.7,99.92539169360856,1.3432065796935395,3.892943001622435,0.6388555322651319,0.1314041756966402,True,True,True,True,True,True,True,3,False,True,True,True,True,True
337,8615,29.99944444444445,2,0.375801770938161,0.1282104276895943,1.3,9.766666666666666,99.9883923389437,2.506886605486762,12.59542336556846,6.956134111583908,5.236017155605084,True,True,True,True,True,False,False,1,False,True,False,False,False,True
338,6596,22.991805555555555,0,1.7565698788106303,1.1176256613756612,3.0,92.0,99.51485748938752,3.701000993803411,29.571380193992383,2.5602944786161883,0.144101764417107,True,True,True,True,True,False,True,2,True,True,True,False,False,True
339,8613,29.99944444444445,2,2.243188936436063,2.3409336419753086,2.5,18.066666666666663,99.17566469290608,2.7610758367534984,94.45242917647133,2.665927243609236,1.4121305649083429,False,False,True,True,True,False,False,1,False,False,False,False,False,True
34,8612,29.99944444444445,2,0.1512435547241631,0.1023892195767195,0.5333333333333333,1.6333333333333335,100.0,1.2003257142393131,0.9952660302230668,0.2721105783054226,0.0701845549558043,True,True,True,True,True,True,True,3,False,True,True,True,True,True
340,8618,29.99944444444445,2,8.249111250138169,8.136247060552616,12.8,40.06666666666666,10.977024831747505,6.642971007596604,102.19775901427676,1405.2878226827838,961.6461018275708,False,False,False,False,False,False,False,0,False,False,False,False,False,True
341,8613,29.99944444444445,2,4.263800446750639,3.890444499559083,7.3,79.16666666666667,92.24428189945432,3.7793004590956754,1535.8168633004054,173.90825709341033,94.92864455326142,False,False,False,False,True,False,False,1,False,False,False,False,False,True
342,8615,29.99944444444445,0,0.6356396012577091,2.030054012345679,2.2333333333333334,66.9,99.79106210098664,2.0756170172666097,8.445262671165166,1.105193184644723,0.4971463118038857,True,False,True,True,True,False,True,2,False,False,False,False,False,True
343,8615,29.99944444444445,4,2.679820275487716,2.353222828483245,3.95,36.98333333333333,98.09634358676726,6.290875313097015,152.16227660519013,30.41757483762127,13.25498457046919,False,False,True,True,False,False,False,0,False,False,False,False,False,True
344,8618,29.99944444444445,4,14.376435916137703,15.99266975308642,18.98333333333333,48.26666666666667,5.952657229055465,6.817394672725103,2087.976608546555,580.394717887512,322.0552468624179,False,False,False,False,False,False,False,0,False,False,False,False,False,True
345,8615,29.99944444444445,4,1.493395295940276,1.6327739197530864,1.8333333333333333,7.65,99.82588508415554,1.899474974118824,35.279642760025816,3.730599441185628,0.0576324906795017,True,True,True,True,True,False,True,2,False,True,True,True,True,True
346,8616,29.99944444444445,4,1.7290521924879516,1.671205357142857,2.1666666666666665,8.65,99.94196843082636,1.9672306706500875,222.31439954544064,5.395913493423939,1.4300897087282878,True,True,True,True,True,False,False,1,False,True,False,False,True,False
347,8635,29.99944444444445,4,0.1011740241358075,0.0993978725749559,0.1,19.933333333333334,99.52518818760858,0.3610090360577411,2.036958547468102,7.47446180146817,7.105656466675575,True,True,True,True,True,True,False,2,False,True,True,True,False,False
348,8617,29.99944444444445,4,6.173851568788902,12.029764663687027,25.45666666666666,68.5,83.54415689915284,7.123573868830506,650.5603059120292,1458.7774659491993,786.9356384389662,False,False,False,False,False,False,False,0,False,False,False,False,False,True
349,8615,29.99944444444445,4,2.663598331120096,3.144906718474428,3.3,32.4,98.68833430063845,3.532564056499361,71.79273748145194,28.359816995411887,14.259604253681443,False,False,True,True,True,False,False,1,False,False,False,False,False,True
35,8616,29.99944444444445,1,1.0281893912726086,0.9955967555040556,1.0,3.466666666666667,100.0,9.959682984552234,4.570970334601951,2.771233481905487,1.0179273334217624,True,True,True,True,False,True,True,2,False,True,True,True,True,True
350,8618,29.99944444444445,4,2.960217224692741,2.328530092592593,10.516666666666667,36.35,90.6242747737294,3.658740071497977,79.0359105252294,157.3603350979105,74.9423820368152,False,False,False,False,True,False,False,1,False,False,False,False,False,True
351,8616,29.99944444444445,4,1.7597591137197683,1.71786404016995,2.0166666666666666,11.516666666666667,99.26880222841226,2.9663683730649453,60.11539333074848,8.835319671043905,4.493468685059911,True,True,True,True,True,False,False,1,False,True,False,False,False,True
352,8616,29.99944444444445,4,6.524435021222974,11.643839320200849,10.966666666666669,47.43333333333333,5.176415970287836,5.779868145466106,1672.2177197802198,893.5194798160677,473.02492566432335,False,False,False,False,True,False,False,1,False,False,False,False,False,True
353,8635,29.99944444444445,1,2.316155182397221e-05,0.0002314814814814,0.0,0.2,100.0,0.604495049525819,0.2763572617307417,0.0001930129318664,0.0001930129318664,True,True,True,True,True,True,True,3,False,True,True,True,True,True
354,8634,29.99944444444445,2,0.8152157328104165,0.8089010141093474,2.3783333333333454,17.333333333333332,99.36298355339356,6.12562854876069,37.39087048288752,0.0195096557240406,0.0195096557240406,True,True,True,True,False,False,True,1,False,True,False,False,True,False
355,23686,29.99944444444445,1,0.0386272649170563,0.0,0.0,11.8,99.99155619353203,3.340118243452574,0.2175582421603278,0.0142290201565722,0.0020355604878107,True,True,True,True,True,True,True,3,False,True,True,True,True,True
356,8613,29.99944444444445,1,0.8820764249360556,0.6639660493827159,1.4,106.0,99.7561825148032,3.3386545756207275,45.93599810151534,43.81734469234468,26.45523718512224,True,True,True,True,True,False,False,1,True,True,False,False,False,True
357,8621,29.99944444444445,6,12.161180144763836,12.11665380658436,47.68888888888889,86.1111111111111,54.228047790279554,5.398658325986219,3547.1830071641234,10818.189162530683,9297.89869418657,False,False,False,False,True,False,False,1,False,False,False,False,False,True
358,8635,29.99944444444445,1,0.0486493372162162,0.0458864426419467,0.2,4.8,100.0,2.498611874560228,0.6293878909484005,2.018169636449891,1.5814532424405034,True,True,True,True,True,True,False,2,False,True,True,True,True,True
359,23688,29.99944444444445,4,0.0360254237628857,0.0,0.0,0.9333333333333332,100.0,1.5460480112958783,1.3872750518647177,0.003243957157331,0.001455830559174,True,True,True,True,True,True,True,3,False,True,True,True,True,True
36,8620,29.99944444444445,1,0.9958660123712332,0.996141975308642,1.0,1.5,100.0,10.630723559779105,4.327927920880357,2.73486281442198,1.0,True,True,True,True,False,True,True,2,False,True,True,True,True,True
360,8633,29.99944444444445,2,10.715357627976358,9.945329139767148,15.833333333333332,51.46666666666667,0.0,29.757887105951863,647.604650178515,16.33559412934775,8.259964454120599,False,False,False,False,False,False,False,0,False,False,False,False,False,True
361,9330,29.99944444444445,2,11.429183744533422,3.874203082119485,15.9,18.566666666666663,11.511254019292604,7.312302035509488,31.04713027891485,0.3457612460184807,0.0398882253866176,False,False,False,False,False,False,True,1,False,False,False,False,False,True
362,8616,29.99944444444445,2,1.443721571520144,1.2541666666666669,1.6666666666666663,8.666666666666666,99.94196843082636,2.4715184511263573,0.9173166044597104,0.363347260909935,0.1950324976787372,True,True,True,True,True,True,True,3,False,True,True,True,True,True
363,8615,29.99944444444445,2,1.3289557601745647,1.0991801697530863,2.466666666666667,10.233333333333334,99.91874637260592,1.6764746357375302,0.673351222518373,0.057290314637964,0.0305000087936826,True,True,True,True,True,True,True,3,False,True,True,True,True,True
364,20255,29.99944444444445,1,0.0001836220226741,0.0,0.0,0.4285714285714285,100.0,0.343518930811146,0.0194812425841801,0.0,0.0,True,True,True,True,True,True,True,3,False,True,True,True,True,True
365,12745,29.99944444444445,0,0.0,0.0,0.0,0.0,100.0,1.5588597799309256,0.0,0.0,0.0,True,True,True,True,True,True,True,3,False,True,True,True,True,True
366,8620,29.99944444444445,2,2.8974717258765983,2.70366512345679,3.933333333333333,58.03333333333333,96.04408352668212,3.838729143851152,343.29041238344024,304.0467989724893,157.836446006301,False,False,True,True,True,False,False,1,False,False,False,False,False,True
367,8616,29.99944444444445,2,5.481472346614233,18.60000275573192,34.44166666666667,94.53333333333336,89.35701021355618,9.200746896589068,1536.1613640228545,931.7520232404806,675.9884232942468,False,False,False,False,False,False,False,0,False,False,False,False,False,True
368,8616,29.99944444444445,2,1.646184371184371,1.653780864197531,2.1666666666666665,12.633333333333333,99.58217270194986,1.5906817306938443,10.60009871743855,5.292822685284384,1.3016255003894277,True,True,True,True,True,False,False,1,False,True,False,False,True,False
369,8613,29.99944444444445,2,7.690433066295137,10.334698081627398,47.03333333333333,92.23333333333332,83.91965633344944,8.653401088020889,1600.5605396802716,930.4599120192988,659.4785401911839,False,False,False,False,False,False,False,0,False,False,False,False,False,True
37,8637,29.99944444444445,1,0.0645280272581418,0.0739362874779541,0.3333333333333333,17.066666666666666,99.97684381150864,4.858648561497126,1.7908720086212266,0.1133065383152218,0.0240548691399681,True,True,True,True,True,True,True,3,False,True,True,True,True,True
370,8611,29.99944444444445,2,2.0214480505881043,2.169174382716049,2.3666666666666667,36.06666666666666,98.73417721518987,2.7263887105769062,177.02552990049213,96.96485950403614,44.70933678832297,False,False,True,True,True,False,False,1,False,False,False,False,False,True
371,8612,29.99944444444445,2,4.438082520514011,3.243788580246913,29.25666666666663,64.2,91.65118439386902,6.7879197266689255,1214.063656661886,312.9606324508438,284.669306947117,False,False,False,False,False,False,False,0,False,False,False,False,False,True
372,8614,29.99944444444445,2,2.294675334726415,2.6263172398589063,2.733333333333333,13.3,99.44276758764802,1.536810110532508,8.490749214797278,4.022283215584817,0.6968589339613255,False,False,True,True,True,False,True,2,False,False,False,False,False,True
373,8615,29.99944444444445,2,1.6825768282790918,1.8302854938271604,2.1,11.0,99.70980847359256,1.4978255121417103,8.48076643418489,3.9299643556288943,0.6212431252245529,True,True,True,True,True,False,True,2,False,True,True,True,True,True
374,8616,29.99944444444445,2,1.5728367036862858,1.5609402557319223,1.9666666666666663,10.833333333333332,99.70984215413183,1.4168923436397078,8.47901340380449,3.938430854003626,0.630547818012999,True,True,True,True,True,False,True,2,False,True,True,True,True,True
375,8616,29.99944444444445,2,1.8167889611613497,1.848319299013744,2.966666666666667,12.266666666666667,99.48932219127204,1.5450099297464213,8.148479642455966,3.9324880911928255,0.6306708746994262,True,True,True,True,True,False,True,2,False,True,True,True,True,True
376,8618,29.99944444444445,2,1.7747311605776446,1.6517939814814817,2.7,12.933333333333332,99.5126479461592,1.539912591357495,8.068731210127126,3.750253571755081,0.448482305966641,True,True,True,True,True,True,True,3,False,True,True,True,True,True
377,8617,29.99944444444445,2,1.7372683239806368,1.6982093571937322,2.6333333333333333,11.966666666666669,99.52419635604038,1.5540460031857146,8.17661789585603,3.899632508092529,0.59759940844425,True,True,True,True,True,False,True,2,False,True,True,True,True,True
378,8620,29.99944444444445,2,1.8626908062290888,1.8915702160493824,2.550624999999991,17.266666666666666,99.43155452436196,1.494592206437326,8.241311569971664,4.131159351089746,0.8160541971562854,True,True,True,True,True,False,True,2,False,True,True,True,True,True
379,8614,29.99944444444445,2,1.7275447339209815,1.6052083333333331,2.2333333333333334,11.8,99.67494775946136,1.4694805253439478,8.348079945813286,3.5344281312037293,0.2412329872743153,True,True,True,True,True,False,True,2,False,True,True,True,True,True
38,8634,29.99944444444445,1,0.0708638053321861,0.0709981791094189,0.2666666666666666,12.0,99.96525364836693,2.4512715685097213,4.195974514251096,0.1176599710998599,0.066856392777171,True,True,True,True,True,True,True,3,False,True,True,True,True,True
380,8615,29.99944444444445,2,1.8324724303554831,1.9548721340388004,2.6333333333333333,14.866666666666667,99.51247823563553,1.4953823097802594,8.199535201369214,3.683969621337584,0.3579717844546631,True,True,True,True,True,False,True,2,False,True,True,True,True,True
381,8612,29.99944444444445,2,1.997546889169044,2.639274691358025,2.666666666666667,14.4,99.80260102183,4.2860002935140855,3.8151632067679446,1.166627257245,0.0042891425032623,True,False,True,True,True,True,True,3,False,False,False,False,False,True
382,8612,29.99944444444445,2,1.7183606937264624,1.9889274691358023,2.0666666666666664,14.7,99.55875522526708,1.5943036675708115,8.08402172735661,3.84248446243337,0.5404087320018579,True,True,True,True,True,True,True,3,False,True,True,True,True,True
383,8612,29.99944444444445,2,1.7150099252427398,1.776929012345679,2.033333333333333,12.733333333333333,99.60520204366,1.5531727701642477,8.102141232354889,3.8021785769579535,0.4976240240638753,True,True,True,True,True,False,True,2,False,True,True,True,True,True
384,8618,29.99944444444445,2,6.166195104243375,6.607307700016033,34.376666666666644,107.5,86.9923416105825,9.182128613786505,1715.1904078506395,1542.7689028606962,930.1837199612872,False,False,False,False,False,False,False,0,False,False,False,False,False,True
385,8615,29.99944444444445,4,1.6065336098737144,1.5882068452380953,1.7666666666666666,5.433333333333334,99.9883923389437,2.6207922940856765,7.764021324648138,3.2753729652046544,0.0085725340629577,True,True,True,True,True,True,True,3,False,True,True,True,True,True
386,8617,29.99944444444445,2,1.789930204413203,1.657656017215693,2.1,14.6,99.84913542996402,3.606615042258349,7.756816430252662,3.280839094370486,0.0087269351282348,True,True,True,True,True,True,True,3,False,True,True,True,True,True
387,8636,29.99944444444445,4,9.117771452917932,8.717230213844799,12.2375,58.35,0.0115794349235757,5.310613255399013,35541.44106158817,266.2020184057875,141.08106652109666,False,False,False,False,True,False,False,1,False,False,False,False,False,True
388,8636,29.99944444444445,4,13.340042587295365,8.406345072751323,35.63333333333333,72.35,0.0231588698471514,6.618941825118826,37334.40591591421,284.5208961931229,202.24415638302565,False,False,False,False,False,False,False,0,False,False,False,False,False,True
389,8616,29.99944444444445,1,4.1217125789201,5.290972222222222,7.533333333333334,118.13333333333334,84.21541318477252,4.549187317260335,1.8614540783934928,2181.760968040007,1099.9315473523693,False,False,False,False,True,True,False,2,False,False,False,False,False,True
39,8634,29.99944444444445,1,0.0015078813549974,0.0004634994206257,0.0,5.6,99.98841788278897,1.0033851623619312,0.414756593109616,0.0002244724621375,0.0,True,True,True,True,True,True,True,3,False,True,True,True,True,True
390,8635,29.99944444444445,1,3.08820690986296e-05,0.0003086419753086,0.0,0.1333333333333333,100.0,3.5134636036426343,0.0292972420360955,0.0,0.0,True,True,True,True,True,True,True,3,False,True,True,True,True,True
391,8617,29.99944444444445,4,3.160897106452404,1.5108410493827162,2.0,94.28333333333336,97.79505628408958,1.2115751189403472,10.705719888405277,24.087278235670947,15.114476431077335,False,True,True,True,True,False,False,1,True,False,False,False,False,True
392,8616,29.99944444444445,4,3.3020862938516142,2.066032848324515,2.0666666666666664,89.91666666666666,97.85283194057568,1.2242878195753648,10.825022219346732,25.652568373285646,16.210627905056874,False,False,True,True,True,False,False,1,True,False,False,False,False,True
393,8617,29.99944444444445,4,1.422064646055014,1.5496913580246914,1.6666666666666663,7.8,99.51259138911456,1.0412323127718115,10.259867598457014,4.261325786253256,0.399508733694065,True,True,True,True,True,False,True,2,False,True,True,True,True,True
394,8616,29.99944444444445,4,1.466392621615463,1.6831211419753087,1.7666666666666666,11.0,99.43129062209842,1.0641826751304224,9.928583715108784,4.580587483547093,0.9705129055407606,True,True,True,True,True,False,True,2,False,True,True,True,True,True
395,8615,29.99944444444445,4,1.5738528930925912,1.8253665123456788,2.033333333333333,9.366666666666667,99.41961694718516,0.9474585363189284,10.537001605797313,4.478354213658915,0.6055042848426481,True,True,True,True,True,False,True,2,False,True,True,True,True,True
396,8616,29.99944444444445,4,1.6507484255917404,1.623048941798942,1.8166666666666669,9.233333333333334,99.4196843082637,1.033115305352636,10.859305643288932,4.223834073694798,0.358256348263312,True,True,True,True,True,False,True,2,False,True,True,True,True,True
397,8616,29.99944444444445,4,1.6268344101735468,1.608032958553792,1.7833333333333334,10.133333333333333,99.38486536675951,1.03939348229952,10.37609723918916,4.441367650455394,0.5599968624690073,True,True,True,True,True,False,True,2,False,True,True,True,True,True
398,8613,29.99944444444445,4,2.088830415362982,2.1496913580246915,2.3166666666666664,9.183333333333334,99.44270289097877,1.00790436803942,10.397504719631156,4.233608172018133,0.376146171835827,False,False,True,True,True,False,True,2,False,False,False,False,False,True
399,8613,29.99944444444445,4,1.3746706252453378,1.5663979828042331,1.7333333333333334,7.883333333333334,99.54719609892024,3.191237081713349,10.430979574561947,4.459720402667111,0.5673674984019812,True,True,True,True,True,False,True,2,False,True,True,True,True,True
4,16139,29.99944444444445,0,0.2397434195191181,0.0,0.0,92.2,99.68399529091022,2.092431576564448,16.06509903546275,1.1850754900138385,0.2362217816056344,True,True,True,True,True,False,True,2,True,True,True,False,True,False
40,8616,29.99944444444445,1,1.3838262580167178,4.778163580246915,1.4,95.46666666666664,98.99025069637884,3.506904570684984,2.7437217462461194,1.6488308394123157,1.0937720080651834,True,False,True,True,True,True,True,3,True,False,False,False,False,True
400,8615,29.99944444444445,4,1.6817793045607905,1.8660631613756613,2.3833333333333333,8.1,99.50087057457922,3.278589494666072,10.42520384626014,4.421406631673608,0.5229594858614011,True,True,True,True,True,False,True,2,False,True,True,True,True,True
401,8612,29.99944444444445,4,2.370818441699189,1.569780113667715,2.733333333333333,10.0,99.37296795169532,1.0348848441990777,10.64352958867009,4.248892510957072,0.3909188743083308,False,True,True,True,True,False,True,2,False,False,False,False,True,False
402,8617,29.99944444444445,4,1.65015481742736,1.5789723875661374,1.8666666666666665,10.45,99.3965417198561,1.030484614194974,10.342231164448874,4.54665370218347,0.6637054028199438,True,True,True,True,True,False,True,2,False,True,True,True,True,True
403,8612,29.99944444444445,4,1.6987805921822412,1.57810517022568,1.8833333333333333,9.683333333333334,99.44263817928471,1.032150158943323,10.222858955180136,4.211356493277069,0.3548689202370112,True,True,True,True,True,False,True,2,False,True,True,True,True,True
404,8612,29.99944444444445,4,2.0682423779773407,1.7277030568890364,2.3,10.916666666666668,99.39619136089178,1.0765558025736068,10.646659492775376,4.530870899885066,0.6417982530964417,False,True,True,True,True,False,True,2,False,False,False,False,True,False
405,8617,29.99944444444445,4,1.5488588447579394,1.8034956459435625,2.0166666666666666,9.466666666666669,99.43135662063362,1.061748433662841,10.854145969435512,4.470045481963783,0.591051395060911,True,True,True,True,True,False,True,2,False,True,True,True,True,True
406,8615,29.99944444444445,4,1.528519629915451,1.4934413580246912,2.05,10.366666666666667,99.43122460824144,1.0733745032993969,10.478818678902831,4.4292669686024295,0.5496013108578401,True,True,True,True,True,False,True,2,False,True,True,True,True,True
407,8612,29.99944444444445,4,1.5744700990099851,1.700557992606081,1.8,9.166666666666666,99.43102647468648,1.030916194196037,10.551132554290938,4.263619555084952,0.3956061323978184,True,True,True,True,True,False,True,2,False,True,True,True,True,True
408,8615,29.99944444444445,4,1.5201019410073384,1.8174575617283952,1.8166666666666669,8.083333333333334,99.48926291352292,0.9948757460796616,10.45472952854845,4.313329624525213,0.4527859236913212,True,True,True,True,True,False,True,2,False,True,True,True,True,True
409,8613,29.99944444444445,4,1.535622933898796,1.4438423170194004,1.7833333333333334,8.616666666666667,99.44270289097877,1.064802620336383,10.359678352015518,4.161935815000949,0.2995534159327262,True,True,True,True,True,False,True,2,False,True,True,True,True,True
41,3095,10.758113425925924,1,0.11929225325025,0.1399335548172757,0.2666666666666666,19.33333333333333,99.96768982229402,2.8080864546768187,5.610078467574429,2.281749365335795,0.1065205015770443,True,True,True,True,True,True,True,3,False,True,True,True,True,True
410,8615,29.99944444444445,4,1.5955892624174692,1.369656635802469,1.8,10.033333333333331,99.43122460824144,1.0378060715482336,10.394889039831003,4.412193493615432,0.5380179174665535,True,True,True,True,True,False,True,2,False,True,True,True,True,True
411,8616,29.99944444444445,4,1.560021179171597,1.5789351851851852,1.75,10.566666666666668,99.39647168059425,1.0325630444858784,10.882895266164766,4.3853136321277,0.4995110829024478,True,True,True,True,True,False,True,2,False,True,True,True,True,True
412,8617,29.99944444444445,4,1.3002823184513448,1.4408495921516755,1.5333333333333334,9.116666666666667,99.477776488337,1.5930549363331103,10.81126427632172,4.6241484406274935,0.7588443238321386,True,True,True,True,True,False,True,2,False,True,True,True,True,True
413,8615,29.99944444444445,4,1.7909339968408455,1.8575727513227511,2.0666666666666664,10.183333333333334,99.39640162507256,1.6703640787547185,10.16524684446913,4.471466544676062,0.5970184893458252,True,True,True,True,True,False,True,2,False,True,True,True,True,True
414,8615,29.99944444444445,4,1.5818364918437464,1.5238618827160495,1.7666666666666666,9.035714285714285,99.46604759141032,1.3302067705873004,10.471827667399344,4.23283374521912,0.3718136297184468,True,True,True,True,True,False,True,2,False,True,True,True,True,True
415,8616,29.99944444444445,4,2.0606945002923416,1.805229001322752,2.55,10.35,99.3732590529248,1.0242352890146869,10.692736001231824,4.404805527960124,0.5281219360954736,False,True,True,True,True,False,True,2,False,False,False,False,True,False
416,8616,29.99944444444445,4,2.3861555913523183,2.4174520502645502,2.6,10.583333333333332,99.3732590529248,0.9999583326420528,10.340732889827596,4.514659879736482,0.640309833311226,False,False,True,True,True,False,True,2,False,False,False,False,False,True
417,8613,29.99944444444445,4,1.8304231317336503,1.6830880731922395,2.033333333333333,10.683333333333332,99.38465110878904,1.068399698052833,10.602697017883363,4.578263596253843,0.6845161585321807,True,True,True,True,True,False,True,2,False,True,True,True,True,True
418,8614,29.99944444444445,4,1.428010258837981,1.3486634700176368,1.8666666666666665,9.016666666666666,99.45437659623867,1.0324981110525122,10.477952791732683,4.464100714315481,0.5893941288183219,True,True,True,True,True,False,True,2,False,True,True,True,True,True
419,8614,29.99944444444445,4,1.489325307686406,1.417631172839506,1.6333333333333335,11.85,99.39633155328536,1.0507419635367483,10.302430621515832,4.621791665754981,0.7165546943060292,True,True,True,True,True,False,True,2,False,True,True,True,True,True
42,8616,29.99944444444445,1,3.5150210320474944,4.446450617283951,1.1333333333333333,95.4,96.25116063138348,3.5419358320591945,1.803486018005517,1.3666257221706386,0.8302811951924068,False,False,True,True,True,True,True,3,True,False,False,False,False,True
420,8616,29.99944444444445,4,1.7812295454661402,1.6978532848324517,2.3166666666666664,9.916666666666666,99.38486536675951,1.1110954560846138,10.39544679631727,4.468685059910686,0.5964172414555421,True,True,True,True,True,False,True,2,False,True,True,True,True,True
421,8616,29.99944444444445,4,1.232299424983095,1.2524994488536156,1.3833333333333335,7.916666666666666,99.48932219127204,1.1285541714370342,10.365272915725562,4.551691190270578,0.6842176741549999,True,True,True,True,True,False,True,2,False,True,True,True,True,True
422,8619,29.99944444444445,4,1.969012373952767,1.8782921810699589,2.283333333333333,83.25,98.79336349924586,1.1951082295018849,11.318016985785867,6.624008483362816,2.144646839669464,True,True,True,True,True,False,False,1,False,True,False,False,False,True
423,8615,29.99944444444445,4,1.7711064085846444,1.9911747685185184,1.8666666666666665,75.56666666666666,98.81601857225768,3.2378464752900613,10.879860909065783,7.0823356272282565,2.498918000165824,True,True,True,True,True,False,False,1,False,True,False,False,False,True
424,8612,29.99944444444445,4,1.8024608519673544,1.7615736908900292,1.9166666666666663,78.7,98.88527635856944,3.343703002622349,10.921529206201756,6.657048396847514,2.1084632738371707,True,True,True,True,True,False,False,1,False,True,False,False,False,True
425,8618,29.99944444444445,4,1.9214992522111345,1.8217647707231048,2.1,76.95,98.83963796704572,3.645772828554087,11.36811619828561,6.781216501453215,2.2616271959391008,True,True,True,True,True,False,False,1,False,True,False,False,False,True
426,8617,29.99944444444445,4,1.7456771498201231,1.8993461347459029,1.85,74.88333333333333,98.95555297667404,3.3354671635895152,11.193833469149704,6.7920442638093785,2.2492669529225178,True,True,True,True,True,False,False,1,False,True,False,False,False,True
427,8617,29.99944444444445,4,1.7230691545505286,1.9353587962962964,1.9833333333333327,82.56666666666666,98.88592317511896,3.640895605651042,11.015974003173724,6.777209056465178,2.2200087058506464,True,True,True,True,True,False,False,1,False,True,False,False,False,True
428,8618,29.99944444444445,4,1.742656863198172,1.587008101851852,2.05,87.38333333333334,98.90925968902296,3.622199323111005,10.914842018621895,6.805743232425758,2.2559675336653755,True,True,True,True,True,False,False,1,True,True,False,False,False,True
429,8618,29.99944444444445,4,1.775034969929377,2.0015625000000004,1.933333333333333,83.55,98.89765606869344,3.635030522238752,10.917130903572074,6.932972101581408,2.353863729293064,True,False,True,True,True,False,False,1,False,False,False,False,False,True
43,8632,29.99944444444445,2,1.1268860281284985,1.3734729349445456,1.9666666666666663,62.3,99.73354958294718,9.4938153436121,172.78322929226837,176.01134979028282,6.997693010187217,True,True,True,True,False,False,False,0,False,True,False,False,False,True
430,8616,29.99944444444445,4,1.7578756187521858,1.9249710648148148,1.85,76.23333333333333,98.92061281337048,3.592961151020457,10.98534916414443,6.790942101074413,2.251086572047575,True,True,True,True,True,False,False,1,False,True,False,False,False,True
431,8616,29.99944444444445,4,1.799553636326791,1.718985615079365,1.9666666666666663,78.31666666666666,98.89740018570102,3.6241314783128886,10.929781202561497,6.685152438799723,2.175419669570088,True,True,True,True,True,False,False,1,False,True,False,False,False,True
432,8614,29.99944444444445,4,2.002278410326356,2.1007908950617287,2.1333333333333333,75.36666666666667,98.80427211516135,3.245646803668274,10.920611011605324,6.879292476993893,2.300621358364567,False,False,True,True,True,False,False,1,False,False,False,False,False,True
433,8615,29.99944444444445,4,2.012486373979409,1.822222452132649,2.1666666666666665,84.35,98.88566453859548,3.091712861180898,10.821290108614544,6.8585306635712895,2.288187823010806,False,True,True,True,True,False,False,1,False,False,False,False,False,True
434,8618,29.99944444444445,4,1.921152985445745,1.7726535341830825,2.0166666666666666,76.33333333333333,98.85124158737526,3.196445929848989,10.874535578910145,6.661942888085845,2.1106360994153985,True,True,True,True,True,False,False,1,False,True,False,False,False,True
435,8619,29.99944444444445,4,1.810412221156652,1.78899360670194,1.9666666666666663,82.06666666666666,98.95579533588584,3.385834410312059,10.745856337781154,6.76430806885036,2.1451319641799977,True,True,True,True,True,False,False,1,False,True,False,False,False,True
436,8614,29.99944444444445,4,1.9758051509154368,2.0072035534955583,2.1,79.78333333333333,98.85070814952404,3.082951966668558,10.953380985549549,6.7383206463453735,2.1593729384796254,True,False,True,True,True,False,False,1,False,False,False,False,False,True
437,8614,29.99944444444445,4,1.854467026730203,1.87440200617284,1.9666666666666663,81.7,98.78105409798005,3.164270223602988,11.090586337855315,7.058581913533155,2.447879973907371,True,True,True,True,True,False,False,1,False,True,False,False,False,True
438,8617,29.99944444444445,4,1.913487874822301,2.0535283389450054,2.1666666666666665,79.45,99.0599976790066,2.812502862004768,10.436757018528516,6.023709374774129,1.527020618415535,True,False,True,True,True,False,False,1,False,False,False,False,False,True
439,8614,29.99944444444445,4,1.9090036903574457,1.860814525462963,2.25,75.7,99.04806129556536,2.902755414963685,10.47604755066155,6.128194731126006,1.6025722033558116,True,True,True,True,True,False,False,1,False,True,False,False,True,False
44,8634,29.99944444444445,2,2.504467451705117,2.6872023809523813,2.6333333333333333,6.9,99.88417882788974,17.366336660056316,3.4012505723242343,0.0755073928979419,0.0471984074659543,False,False,True,True,False,True,True,2,False,False,False,False,False,True
440,8614,29.99944444444445,4,1.991918603270037,2.176291325379867,2.3,82.63333333333334,98.8971441838867,2.592840206819705,10.45431664438804,12.28601984367308,7.461797872431726,True,False,True,True,True,False,False,1,False,False,False,False,False,True
441,8616,29.99944444444445,4,1.9778490199190064,2.1491017373829875,2.25,76.5,99.04828226555246,2.9054655821817104,10.56116879355041,5.957303505519034,1.4599652984228193,True,False,True,True,True,False,False,1,False,False,False,False,False,True
442,8614,29.99944444444445,4,1.8453806008440905,1.868333747172101,2.1,79.68333333333334,99.0712793127467,2.877585764359888,10.454862574801048,5.916765209225158,1.4482260329253591,True,True,True,True,True,False,False,1,False,True,False,False,True,False
443,8617,29.99944444444445,4,2.144762212131221,2.050564236111111,2.566666666666667,86.45,98.99036787745156,2.769486807527436,10.475995339425188,6.127586521894285,1.6107333410339095,False,False,True,True,True,False,False,1,True,False,False,False,False,True
444,8618,29.99944444444445,4,1.985756803986092,2.0420607363315697,2.45,88.43333333333334,99.0252958923184,2.848614296055401,10.541158684666462,6.122128824606198,1.5733709606707982,True,False,True,True,True,False,False,1,True,False,False,False,False,True
445,8615,29.99944444444445,4,2.020878451689537,2.011904761904762,2.6333333333333333,77.25,99.03656413232731,2.8609574447349586,10.514911033378825,6.034424510164499,1.5376753716393878,False,False,True,True,True,False,False,1,False,False,False,False,False,True
446,8614,29.99944444444445,4,2.046741680590648,2.418952546296296,2.4,82.05,99.00162526120268,2.711336066456385,10.4787457840511,6.177120476458762,1.6594686986258846,False,False,True,True,True,False,False,1,False,False,False,False,False,True
447,8618,29.99944444444445,4,1.986500866658676,2.0428819444444444,2.3833333333333333,84.63333333333334,99.0252958923184,2.797061668227723,10.550509525671975,6.164040604711294,1.6514321120204156,True,False,True,True,True,False,False,1,True,False,False,False,False,True
448,8615,29.99944444444445,4,1.9436591972546704,1.930730481902357,2.533333333333333,81.41666666666667,99.04817179338364,2.78875918310986,10.55095374155734,6.139287108068304,1.6190891960944196,True,True,True,True,True,False,False,1,False,True,False,False,True,False
449,8615,29.99944444444445,4,1.9468735945810816,1.815550595238095,2.216666666666667,75.81666666666666,99.02495647127104,2.738746608969992,10.550727312926965,6.1365577925009145,1.618457018573095,True,True,True,True,True,False,False,1,False,True,False,False,True,False
45,8636,29.99944444444445,2,2.956089721257334,1.978849189005439,8.066666666666666,87.7,91.2227883279296,14.1701042805693,375.7039237996192,41.83689377468036,23.823637107000355,False,True,False,False,False,False,False,0,False,False,False,False,False,True
450,8614,29.99944444444445,4,1.93616440057118,1.8987461419753089,2.4333333333333336,82.45,99.02484327838404,2.8338478376256475,10.59717927185422,6.131149128133687,1.6052333878488978,True,True,True,True,True,False,False,1,False,True,False,False,True,False
451,8615,29.99944444444445,4,2.1681124609091813,2.2520216738315693,2.3,79.45,98.827626233314,1.1931574158282523,10.970306497526462,6.656658928225963,2.13284470607744,False,False,True,True,True,False,False,1,False,False,False,False,False,True
452,8612,29.99944444444445,4,2.225145008072899,2.334220679012345,2.3166666666666664,82.05,98.86205294937297,1.2019921738045056,10.93339083891801,6.350728219759803,1.8757237962532896,False,False,True,True,True,False,False,1,False,False,False,False,False,True
453,8615,29.99944444444445,4,2.395677955242668,2.4904128086419752,2.683333333333333,89.31666666666666,98.66511897852584,1.2904128517236602,10.987782706427511,12.641560032796248,7.761193930851506,False,False,True,True,True,False,False,1,True,False,False,False,False,True
454,8614,29.99944444444445,4,2.144271516734948,2.138020833333333,2.216666666666667,85.01666666666667,98.8274901323427,1.2554654912959815,11.05843186880452,6.58999336125526,2.087028867734696,False,False,True,True,True,False,False,1,True,False,False,False,False,True
455,8616,29.99944444444445,4,2.123021952513596,2.054248744689069,2.216666666666667,79.61666666666667,98.8393686165274,1.2522115803348557,10.9927957951983,6.86266856789141,2.3024787770261304,False,False,True,True,True,False,False,1,False,False,False,False,False,True
456,8619,29.99944444444445,4,2.4181469234636657,2.520563271604938,2.55,82.06666666666666,98.73535212901729,1.205634070303996,11.069027084864189,6.612884049083143,2.1686744125658146,False,False,True,True,True,False,False,1,False,False,False,False,False,True
457,8612,29.99944444444445,4,2.234201930307655,2.18653549382716,2.3166666666666664,73.43333333333334,98.85044124477471,1.275931368285762,11.00415588436954,6.8325183022582,2.20449815318603,False,False,True,True,True,False,False,1,False,False,False,False,False,True
458,8614,29.99944444444445,4,2.2121896411962,2.6797024060044894,2.65,87.68333333333334,98.7926631065707,1.290114237055894,11.126587025182337,6.835185983688422,2.3399631828584697,False,False,True,True,True,False,False,1,True,False,False,False,False,True
459,8618,29.99944444444445,4,2.2043048280269795,2.107566550925926,2.8131249999999985,87.86666666666666,98.68879090276164,1.2561566832814617,11.23603729404089,6.924667075015184,2.4670413480694284,False,False,True,True,True,False,False,1,True,False,False,False,False,True
46,8637,29.99944444444445,1,3.738748162801653,3.55462962962963,4.333333333333333,52.0,96.90864883640153,18.60010239523098,36.89551485429394,0.7184284666743854,0.5540426845741191,False,False,True,True,False,False,True,1,False,False,False,False,False,True
460,8616,29.99944444444445,4,2.2169491623356525,2.076369598765432,2.566666666666667,79.91666666666667,98.68848653667597,1.2618313257008715,11.106428976728418,6.771746363354998,2.3015867489056903,False,False,True,True,True,False,False,1,False,False,False,False,False,True
461,8619,29.99944444444445,4,2.3755888154078195,2.3390046296296294,2.466666666666667,75.43333333333334,98.665738484743,1.2833076677486337,11.186479483312064,6.974212012221062,2.500398344742236,False,False,True,True,True,False,False,1,False,False,False,False,False,True
462,8619,29.99944444444445,4,2.0052945043895267,1.9570023148148148,2.05,83.61666666666666,98.75855667710871,1.25089949497745,11.228247669876628,7.016173570019724,2.540356576555672,False,True,True,True,True,False,False,1,False,False,False,False,False,True
463,8614,29.99944444444445,4,1.4720916360166418,1.5733028012286414,1.8,5.466666666666666,99.98839099140932,4.089037169719553,10.40580874250482,3.4220331612251744,0.0327071839493478,True,True,True,True,True,False,True,2,False,True,True,True,True,True
464,8615,29.99944444444445,4,1.551760218887323,1.5279899691358023,1.85,5.35,99.9883923389437,4.165605259986995,10.38326485663688,3.414750637252088,0.0269144668448208,True,True,True,True,True,False,True,2,False,True,True,True,True,True
465,8618,29.99944444444445,4,1.6703454287261434,1.407936507936508,1.95,8.566666666666666,99.97679275934092,4.099725004894893,10.486933218402235,3.42502013986117,0.033071975599244,True,True,True,True,True,False,True,2,False,True,True,True,True,True
466,8614,29.99944444444445,4,1.361848237089124,1.463830491640457,1.5666666666666669,4.983333333333333,100.0,4.0901125998614605,10.523720521410327,3.4103513659933444,0.0243037358895264,True,True,True,True,True,False,True,2,False,True,True,True,True,True
467,8612,29.99944444444445,4,1.5727691978410452,1.5773726851851853,1.8333333333333333,4.916666666666667,100.0,4.162210325000624,10.475006011754154,3.41831007957053,0.0318581789784762,True,True,True,True,True,False,True,2,False,True,True,True,True,True
468,8612,29.99944444444445,4,1.6267707052005125,1.7172860453567294,1.9166666666666663,5.383333333333334,99.98838829540176,4.094704446715903,10.4990553999466,3.406733989226441,0.0229413574890815,True,True,True,True,True,False,True,2,False,True,True,True,True,True
469,8617,29.99944444444445,4,1.6603696527995877,1.579529504703116,2.083333333333333,5.516666666666667,99.97679006614833,4.0799175090984985,10.432241729619006,3.4174563570350966,0.0295106019662129,True,True,True,True,True,False,True,2,False,True,True,True,True,True
47,8633,29.99944444444445,1,7.906332417148471,7.218727954144621,11.8,64.73333333333333,6.185567010309279,19.958869991966843,91.22311401386752,3.748374714979603,3.363497859721652,False,False,False,False,False,False,False,0,False,False,False,False,False,True
470,8614,29.99944444444445,4,1.7352088792331422,1.7343364197530864,1.9833333333333327,5.566666666666666,99.97678198281866,4.092543922198601,10.458433285621584,3.421716542879765,0.0336440125156168,True,True,True,True,True,False,True,2,False,True,True,True,True,True
471,8619,29.99944444444445,4,1.6447749888404255,1.7067791005291004,1.9618131868131847,5.416666666666666,99.98839772595429,4.09799141861383,10.401390169176455,3.4082429623849744,0.0240296907717722,True,True,True,True,True,False,True,2,False,True,True,True,True,True
472,8615,29.99944444444445,4,1.7626106245273396,1.7520447530864198,1.9666666666666663,5.55,99.9651770168311,4.034727324770334,10.379485393693171,3.411360030953763,0.0247469806262609,True,True,True,True,True,False,True,2,False,True,True,True,True,True
473,8615,29.99944444444445,4,1.8346409225326807,1.652536651234568,2.1166666666666667,5.95,99.9767846778874,4.155730683440778,10.389403310947127,3.419233894370284,0.029074979962966,True,True,True,True,True,False,True,2,False,True,True,True,True,True
474,8614,29.99944444444445,4,1.8352350686037129,1.6062144788390444,2.083333333333333,6.0,99.98839099140932,4.112533394984022,10.484182863997702,3.4240332736298607,0.0312178679226508,True,True,True,True,True,False,True,2,False,True,True,True,True,True
475,8618,29.99944444444445,4,1.723361403043464,1.7019538139329806,1.9166666666666663,5.583333333333334,99.96518913901136,4.100870019043034,10.541190386931858,3.4124368707798736,0.0270320149410425,True,True,True,True,True,False,True,2,False,True,True,True,True,True
476,8618,29.99944444444445,4,1.591036065157091,1.6429632385361552,1.8166666666666669,5.5,99.97679275934092,4.109480967706939,10.508652985445744,3.409101998797984,0.023302279835118,True,True,True,True,True,False,True,2,False,True,True,True,True,True
477,8618,29.99944444444445,4,1.6757596227165732,1.6295331790123455,1.9166666666666663,5.416666666666666,99.98839637967043,4.0518677124230456,10.414652057156118,3.4110499618738186,0.0245720474311794,True,True,True,True,True,False,True,2,False,True,True,True,True,True
478,8617,29.99944444444445,4,1.5354096075098165,1.5692363866843035,1.7666666666666666,5.333333333333334,99.97679006614833,4.0176046351452825,10.55755298303749,3.42462890673985,0.034212887804625,True,True,True,True,True,False,True,2,False,True,True,True,True,True
479,8619,29.99944444444445,4,1.4710407239819003,1.5333912037037036,1.65,4.8,100.0,4.065132357736161,10.397455234559308,3.408972425262018,0.0210542599682871,True,True,True,True,True,False,True,2,False,True,True,True,True,True
48,8051,27.974965277777777,1,0.0074554845918651,0.0,0.0,4.0,100.0,3.1912884966411945,3.4936334539334166,0.0201879683683186,0.0004181675154225,True,True,True,True,True,True,True,3,False,True,True,True,True,True
480,8612,29.99944444444445,4,1.6300935295158472,1.653761574074074,1.8,5.616666666666666,99.97677659080352,4.117749541936609,10.57155270608011,3.424152622033486,0.0315213544776944,True,True,True,True,True,False,True,2,False,True,True,True,True,True
481,8614,29.99944444444445,4,1.5588467555585035,1.750559413580247,1.8833333333333333,6.116666666666666,99.98839099140932,4.158757569179381,10.394874346302256,3.417822039426404,0.0244181675456344,True,True,True,True,True,False,True,2,False,True,True,True,True,True
482,8612,29.99944444444445,4,1.6369438822904916,1.653858024691358,1.8166666666666669,5.35,99.98838829540176,4.090032915164579,10.515917435250923,3.421488288766505,0.035814091079999,True,True,True,True,True,False,True,2,False,True,True,True,True,True
483,8616,29.99944444444445,4,1.624403549773501,1.9296397131032548,2.0666666666666664,5.333333333333334,99.98839368616528,4.081168527565741,10.36402087093243,3.413318982034163,0.029553275827649,True,True,True,True,True,False,True,2,False,True,True,True,True,True
484,8619,29.99944444444445,4,1.2701406729687272,1.3219135802469135,1.4666666666666666,5.016666666666667,99.98839772595429,4.142143715926625,10.401147888478205,3.421506748656069,0.0367250647793633,True,True,True,True,True,False,True,2,False,True,True,True,True,True
485,8613,29.99944444444445,4,1.6112327434166516,1.5862654320987657,1.9,5.516666666666667,99.98838964356206,4.155155511101508,10.53856554967666,3.42566312642941,0.0305368960541374,True,True,True,True,True,False,True,2,False,True,True,True,True,True
486,8613,29.99944444444445,4,1.6166717580380068,1.8734760802469137,1.95,5.416666666666666,99.97677928712412,4.150004369007965,10.422786279473844,3.41370233157067,0.0274514061347916,True,True,True,True,True,False,True,2,False,True,True,True,True,True
487,8612,29.99944444444445,4,1.671146711122907,1.7293209876543207,1.8333333333333333,5.516666666666667,99.98838829540176,4.09230160941388,10.41463793599186,3.423802059142281,0.0293867361157189,True,True,True,True,True,False,True,2,False,True,True,True,True,True
488,8615,29.99944444444445,4,1.5489616670812258,1.6875537367724869,1.7666666666666666,4.766666666666667,100.0,4.179969759533828,10.563593400215572,3.4086261504021227,0.0240742890307602,True,True,True,True,True,False,True,2,False,True,True,True,True,True
489,8615,29.99944444444445,4,1.6268490727689795,1.716607418430335,1.8166666666666669,5.25,99.9883923389437,4.069354441738971,10.492861288450378,3.409284470607744,0.0221999281430505,True,True,True,True,True,False,True,2,False,True,True,True,True,True
49,8058,27.988854166666663,1,4.981123770950652,5.833333333333333,5.833333333333334,10.4,24.547034003474806,6.762202431818556,20.93088420638681,0.6025575266546971,0.5819214241124143,False,False,False,False,False,False,True,1,False,False,False,False,False,True
490,8612,29.99944444444445,4,1.6799073275385397,1.7024305555555557,1.8833333333333333,5.035714285714286,99.98838829540176,4.115043428631579,10.506670371353373,3.413272454824939,0.0254816092716696,True,True,True,True,True,False,True,2,False,True,True,True,True,True
491,8614,29.99944444444445,4,1.5681512324259597,1.6525270061728394,1.7666666666666666,5.05,99.98839099140932,4.032075945046645,10.139742526647565,3.4200440589516514,0.0252965825289948,True,True,True,True,True,False,True,2,False,True,True,True,True,True
492,8616,29.99944444444445,4,1.541660310828138,1.611347459029962,1.7666666666666666,5.3,99.98839368616528,4.101822782873524,10.525359243047266,3.412384213202458,0.0265685104125215,True,True,True,True,True,False,True,2,False,True,True,True,True,True
493,8614,29.99944444444445,4,1.6367545797790168,1.702951388888889,1.933333333333333,5.133333333333334,99.98839099140932,4.016287813037838,10.416481944390002,3.40892890227694,0.0238797306710006,True,True,True,True,True,False,True,2,False,True,True,True,True,True
494,8612,29.99944444444445,4,1.6649598152080152,1.7269290123456789,1.85,5.516666666666667,99.98838829540176,3.9993334682110446,10.491079999115298,3.423094574569261,0.033447791564373,True,True,True,True,True,False,True,2,False,True,True,True,True,True
495,8616,29.99944444444445,4,1.6996889175510346,1.652594424447723,2.033333333333333,5.116666666666667,99.97678737233056,4.080721793561745,10.426151184586072,3.4136516490189885,0.0277776946822907,True,True,True,True,True,False,True,2,False,True,True,True,True,True
496,8616,29.99944444444445,4,1.579083518439803,1.7002269062598925,1.8333333333333333,5.016666666666667,99.97678737233056,4.077528803954093,10.479982389618533,3.418885635024214,0.0311960037151541,True,True,True,True,True,False,True,2,False,True,True,True,True,True
497,8618,29.99944444444445,4,1.5765724823866214,1.4970460015071836,2.216666666666667,5.866666666666666,99.96518913901136,4.066801252309577,10.417093939491828,3.412055914225791,0.026966489069065,True,True,True,True,True,False,True,2,False,True,True,True,True,True
498,8615,29.99944444444445,4,1.512095547049842,1.6207045834942706,1.9833333333333327,5.55,99.9651770168311,4.068372114811621,10.390349267357392,3.41624764221398,0.0322927134128526,True,True,True,True,True,False,True,2,False,True,True,True,True,True
499,8615,29.99944444444445,4,1.47992621971438,1.5882535579522834,1.8166666666666669,5.5,99.9767846778874,4.02718942202776,10.478465190577785,3.418033973184872,0.0276016503004314,True,True,True,True,True,False,True,2,False,True,True,True,True,True
5,16140,29.99944444444445,0,0.2411142090045435,0.0,0.0,92.25,99.67781908302356,2.068225485604485,15.988031805039238,1.1982527881040892,0.2491181330028913,True,True,True,True,True,False,True,2,True,True,True,False,True,False
50,8632,29.99944444444445,1,5.957979177140437,6.203369793392994,7.0,23.133333333333336,6.98563484708063,14.149829351336429,45.94823206154879,0.8000600592641834,0.7391852413110522,False,False,False,False,False,False,True,1,False,False,False,False,False,True
500,8615,29.99944444444445,4,1.7650964340038628,1.5362029921274711,2.3,5.983333333333333,99.9651770168311,3.9717059999911375,10.442950589746877,3.415621076543885,0.029860805667538,True,True,True,True,True,False,True,2,False,True,True,True,True,True
501,8615,29.99944444444445,4,1.5439540681154147,1.561150285542647,1.9166666666666663,7.033333333333334,99.9651770168311,4.07052129973364,10.460589335537104,3.4127958631295834,0.028844248870366,True,True,True,True,True,False,True,2,False,True,True,True,True,True
502,8619,29.99944444444445,4,1.67068485185001,1.53383487654321,2.1666666666666665,5.55,99.94198862977144,4.061117978257559,10.494869294503824,3.4155652793661844,0.0305677776091977,True,True,True,True,True,False,True,2,False,True,True,True,True,True
503,8615,29.99944444444445,4,1.7458966108052008,1.6237854834209002,2.25,5.933333333333334,99.9535693557748,4.003147382405906,10.380953143393654,3.415451453170548,0.0285730268957198,True,True,True,True,True,False,True,2,False,True,True,True,True,True
504,8620,29.99944444444445,4,1.719426373928984,1.6598759249366888,2.2,5.483333333333333,99.95359628770302,4.093930718889505,10.365116105858563,3.4141090657215947,0.0273403935584909,True,True,True,True,True,False,True,2,False,True,True,True,True,True
505,8615,29.99944444444445,4,1.5553133419427674,1.5784715332892416,1.8833333333333333,5.596153846153847,99.9767846778874,4.068816114992007,10.52617374467926,3.4152971333818694,0.0340764085337503,True,True,True,True,True,False,True,2,False,True,True,True,True,True
506,8619,29.99944444444445,4,1.8098954845865736,1.544771687610229,2.216666666666667,5.533333333333334,99.96519317786289,4.15575548969755,10.445722932235288,3.417312441912163,0.0312681044059394,True,True,True,True,True,False,True,2,False,True,True,True,True,True
507,8615,29.99944444444445,4,1.5949974230161403,1.711735002555315,2.216666666666667,5.1,99.9767846778874,3.720712702466277,10.789492696959323,3.604140066420972,0.0461588682163261,True,True,True,True,True,False,True,2,False,True,True,True,True,True
508,8617,29.99944444444445,4,1.6371961399334616,1.657476495019898,2.083333333333333,5.383333333333334,99.98839503307416,4.137454213699332,10.416451857878688,3.4217810492732155,0.0341682568588684,True,True,True,True,True,False,True,2,False,True,True,True,True,True
509,8619,29.99944444444445,4,1.7075987377958315,1.6163727837555963,2.1666666666666665,5.533333333333334,99.96519317786289,4.113363027086561,10.48244134653811,3.418771813585596,0.0325120722440597,True,True,True,True,True,False,True,2,False,True,True,True,True,True
51,8633,29.99944444444445,2,1.906682204110676,2.034452160493827,2.1,12.766666666666667,99.9768330823584,5.877603635647176,19.914797614062067,0.6987074076932759,0.5311223382201027,True,False,True,True,False,False,True,1,False,False,False,False,False,True
510,8612,29.99944444444445,4,1.602900633437239,1.539722504706572,1.9166666666666663,5.283333333333334,99.97677659080352,4.049599848723787,10.524450890364731,3.424058801032791,0.0336187345708943,True,True,True,True,True,False,True,2,False,True,True,True,True,True
511,8619,29.99944444444445,4,1.7624580453483167,1.4054802322163436,2.5166666666666666,6.566666666666666,99.97679545190856,4.08001373865507,10.403468882254126,3.422474397178539,0.0276874564117863,True,True,True,True,True,False,True,2,False,True,True,True,True,True
512,8617,29.99944444444445,4,1.5020422041499564,1.3677662037037035,1.85,4.766666666666667,100.0,4.079576061003777,10.438116301322752,3.4144888437159526,0.0254993217683248,True,True,True,True,True,False,True,2,False,True,True,True,True,True
513,8610,29.99944444444445,4,1.5103615117944384,1.8902199074074075,1.9666666666666663,4.9,100.0,4.00949212555231,10.537984803298391,3.411198333219239,0.0286040382381845,True,True,True,True,True,False,True,2,False,True,True,True,True,True
514,8616,29.99944444444445,4,1.6138427931168182,1.7773148148148148,1.9666666666666663,5.3,99.96518105849582,4.095513814565549,10.39491155251949,3.418508520649885,0.0292758071135508,True,True,True,True,True,False,True,2,False,True,True,True,True,True
515,8616,29.99944444444445,4,1.723270539668085,1.492407958553792,2.216666666666667,5.816666666666666,99.96518105849582,4.069129985387306,10.427801521830071,3.41807613231708,0.0329541724910805,True,True,True,True,True,False,True,2,False,True,True,True,True,True
516,8616,29.99944444444445,4,1.5536721910285631,2.0296489197530865,2.083333333333333,5.3,99.97678737233056,4.035994713169065,10.370647520551769,3.413225798819462,0.0246901156720098,True,False,True,True,True,False,True,2,False,False,False,False,False,True
517,8618,29.99944444444445,4,1.641944056417397,1.948442552175192,2.216666666666667,5.45,99.97679275934092,4.056037067420909,10.388347325748695,3.4163591465778747,0.0285414284021849,True,True,True,True,True,False,True,2,False,True,True,True,True,True
518,8619,29.99944444444445,4,1.524668445121804,1.762692901234568,1.9,5.1,99.96519317786289,4.0308513181201615,10.423120739723592,3.4224233708048537,0.0369827797603641,True,True,True,True,True,False,True,2,False,True,True,True,True,True
519,8616,29.99944444444445,4,1.5401036722807266,1.323167438271605,1.9666666666666663,5.214285714285714,99.97678737233056,4.071238803922364,10.484902091421938,3.4192082171800138,0.0327994825122262,True,True,True,True,True,False,True,2,False,True,True,True,True,True
52,8054,27.981909722222223,1,4.640386525567802,5.0,5.0,16.666666666666668,7.747703004718152,12.478637757155852,15.040769555886266,0.7303623741542788,0.7100582638948668,False,False,False,False,False,False,True,1,False,False,False,False,False,True
520,8620,29.99944444444445,4,1.6123856778533403,1.556045157260435,2.216666666666667,6.083333333333334,99.96519721577724,4.166558181219172,10.428955012826822,3.425041226819069,0.0341588322736814,True,True,True,True,True,False,True,2,False,True,True,True,True,True
521,8619,29.99944444444445,4,1.6781482382335149,2.0022762345679013,2.1333333333333333,5.083333333333333,99.97679545190856,4.099766383961405,10.407555757851616,3.4185797102434763,0.0336691405434879,True,False,True,True,True,False,True,2,False,False,False,False,False,True
522,8618,29.99944444444445,4,1.671049776626767,1.6551343878600822,2.15,6.133333333333334,99.95358551868183,4.081718746638365,10.4666193319071,3.423078711147289,0.0335678609959185,True,True,True,True,True,False,True,2,False,True,True,True,True,True
523,8616,29.99944444444445,4,1.784899107150587,2.015721450617284,2.4166666666666665,6.05,99.98839368616528,4.02801805251643,10.3898183834117,3.414191074967537,0.0293904814622084,True,False,True,True,True,False,True,2,False,False,False,False,False,True
524,8618,29.99944444444445,4,1.6069700785245284,1.983584104938272,2.15,4.883333333333333,100.0,4.057615077889841,10.495298667127978,3.406843054446907,0.0205066149136699,True,True,True,True,True,False,True,2,False,True,True,True,True,True
525,8619,29.99944444444445,4,1.6913034841941907,1.9306905864197528,2.0,5.333333333333334,99.98839772595429,4.10863238073579,10.402299651464288,3.417153877178242,0.0309901202174087,True,True,True,True,True,False,True,2,False,True,True,True,True,True
526,8615,29.99944444444445,4,1.65446710758449,1.984657462522046,2.1166666666666667,5.15,99.9883923389437,4.075484461428188,10.479669419057116,3.409740861447187,0.0225769645328554,True,True,True,True,True,False,True,2,False,True,True,True,True,True
527,8616,29.99944444444445,4,4.116925257889743,4.226051311728395,5.366666666666666,93.75,93.7674094707521,7.708335721822877,66.54227595369656,1019.657855922706,943.6834923491086,False,False,False,False,False,False,False,0,False,False,False,False,False,True
528,8613,29.99944444444445,4,1.288033539470321,1.5625992063492065,1.5666666666666669,4.983333333333333,100.0,2.7796603136771503,7.99157043209638,3.3437201625986024,0.0391172761601183,True,True,True,True,True,True,True,3,False,True,True,True,True,True
529,8612,29.99944444444445,4,1.432977102824409,1.5972222222222223,1.7,4.95,100.0,3.102292949084468,8.212873605532106,3.29236350717714,0.0273809523809523,True,True,True,True,True,False,True,2,False,True,True,True,True,True
53,4025,13.973530092592592,0,0.8700082815734991,0.5374807098765432,0.8,95.0,99.45341614906832,7.729646993356883,37.087408459035785,0.6725276545400768,0.2669115646258503,True,True,True,True,False,False,True,1,True,True,False,False,True,False
530,8615,29.99944444444445,4,1.3882524942652628,1.33951030643739,1.6,6.516666666666667,99.9767846778874,3.1966616143852367,7.868032331375338,3.2907326645109576,0.0242743829975402,True,True,True,True,True,True,True,3,False,True,True,True,True,True
531,8618,29.99944444444445,4,1.9260647703035727,2.024209104938272,2.2666666666666666,6.766666666666667,99.66349501044326,6.285772812886004,14.215419946920877,38.45095797165883,15.832026392356514,True,False,True,True,False,False,False,0,False,False,False,False,False,True
532,8612,29.99944444444445,4,1.8197090892283647,1.857465277777778,2.05,5.466666666666666,99.95355318160706,4.117205224051079,13.32034084960815,32.83202701656603,10.976561313486531,True,True,True,True,True,False,False,1,False,True,False,False,False,True
533,8631,29.99944444444445,2,0.0116645793218612,0.0054108796296296,0.0,1.7,100.0,0.192106746452872,0.5293985150780423,0.0173240423501111,0.0164743918654241,True,True,True,True,True,True,True,3,False,True,True,True,True,True
534,8634,29.99944444444445,2,5.459074313070144,6.512588975335208,19.066666666666663,65.0,67.21102617558489,8.806415386134308,66.97552974398006,27.13248177195363,13.488664967956142,False,False,False,False,False,False,False,0,False,False,False,False,False,True
535,8631,29.99944444444445,2,0.5131717504936134,0.5081112398609502,0.5,11.0,99.988413857027,1.4324969734246495,1.5429470409223622,0.0,0.0,True,True,True,True,True,True,True,3,False,True,True,True,True,True
537,12095,29.99944444444445,2,0.1946639672394116,0.0,0.3666666666666666,6.038461538461538,99.99173212071103,8.957840508101146,0.2720387212346699,7.165495383767395e-05,6.614303431169904e-05,True,True,True,True,False,True,True,2,False,True,True,True,True,True
538,8611,29.99944444444445,2,0.2607975561000761,0.020949074074074,0.9333333333333332,9.3,99.98838694692834,0.337696569955608,13.484657846250576,6.4476405644446535,2.230967680688967,True,True,True,True,True,False,False,1,False,True,False,False,False,True
539,8632,29.99944444444445,2,0.8338100271806249,0.7071631481434264,1.8483333333332967,11.333333333333332,99.50185356811862,2.42515432093354,6.925618771288952,1.1420007703140231,0.8601340175888368,True,True,True,True,True,True,True,3,False,True,True,True,True,True
54,8635,29.99944444444445,1,0.5316428408495577,0.5916366041366041,0.7333333333333333,14.0,99.95367689635204,8.520937936701879,9.372134219765952,0.2809544248455655,0.2303440585664094,True,True,True,True,False,False,True,1,False,True,False,False,True,False
540,8635,29.99944444444445,2,1.339490106496476,1.759532076719577,3.166666666666667,19.066666666666663,98.22814128546614,3.6011112132019254,14.316091735582182,3.7745446061369625,1.6237230285637927,True,True,True,True,True,False,False,1,False,True,False,False,False,True
541,8615,29.99944444444445,4,10.56038489312648,5.347783013668431,25.68833333333332,38.85,24.863609982588507,6.626512851621095,89.44090237485477,882.1555097501325,462.5891513464932,False,False,False,False,False,False,False,0,False,False,False,False,False,True
542,20267,29.99944444444445,2,0.5076168913404321,0.0,3.9,10.466666666666669,99.84704198944095,8.60559886219463,2.676796651153981,0.4448336141087905,0.1492494249389695,True,True,True,True,False,True,True,2,False,True,True,True,False,False
543,23685,29.99944444444445,1,0.2112307367532193,0.0,0.0,5.4,99.91133628879038,13.566167994383282,2.1205573147561747,0.2378214059531349,0.0488832594469073,True,True,True,True,False,True,True,2,False,True,True,True,True,True
544,8614,29.99944444444445,1,0.0032046424024599,0.0006952491309385,0.0,1.0,100.0,0.3402877798238347,1.7140684396866197,0.0,0.0,True,True,True,True,True,True,True,3,False,True,True,True,True,True
545,8617,29.99944444444445,1,0.8827646564619989,1.196064814814815,1.2,94.93333333333334,99.19925728211676,2.113171571250371,3.165270478621993,0.5115846121822679,0.2619570303073842,True,True,True,True,True,True,True,3,True,True,True,False,True,False
546,8614,29.99944444444445,1,2.2556298163565405,2.365376984126984,4.2,26.2,99.1061063385187,6.965082087651955,12.339997969293302,15.047577881963765,0.8861827708704886,False,False,True,True,False,False,True,1,False,False,False,False,False,True
547,8610,29.99944444444445,1,0.2117798065271932,0.122260847173941,1.0,3.666666666666667,100.0,1.4861732845458897,0.909188789336873,2.790446920481764,1.4687109290245175,True,True,True,True,True,True,False,2,False,True,True,True,True,True
548,8613,29.99944444444445,1,0.1642615221768826,0.1070572174738841,0.4,14.266666666666667,99.98838964356206,2.52115584871323,1.0565124752951296,0.2766710078883537,0.0754475023022567,True,True,True,True,True,True,True,3,False,True,True,True,True,True
549,8615,29.99944444444445,1,0.1600921777648417,0.1082561728395061,0.4,14.2,99.9883923389437,2.5838295913276297,0.9818233069567952,0.2779319123515293,0.075577098467406,True,True,True,True,True,True,True,3,False,True,True,True,True,True
55,8632,29.99944444444445,1,1.8860686418668344,4.329749489598852,4.666666666666667,13.4,98.30861909175162,14.210062405705898,6.856467735487661,1.6803446775266746,1.4764563582334669,True,False,True,True,False,True,False,1,False,False,False,False,False,True
550,8616,29.99944444444445,1,0.1843096466877804,0.1078703703703703,0.4,13.266666666666667,99.98839368616528,2.589366165934045,1.0598067718802398,0.2784866801928083,0.0759710416221558,True,True,True,True,True,True,True,3,False,True,True,True,True,True
551,8614,29.99944444444445,2,1.565256448527867,1.538888888888889,2.0,2.7142857142857144,100.0,5.717773110998785,13.602394219819342,9.3726762634471,4.038409786947051,True,True,True,True,True,False,False,1,False,True,False,False,False,True
554,8636,29.99944444444445,1,1.483965971306754,0.6914025403608739,10.6,84.6,88.13107920333488,5.380392434262645,4.575923046383908,4.978829208848895,4.799995313085864,True,True,False,False,True,True,False,2,False,False,False,False,False,True
555,8616,29.99944444444445,1,1.8691768064417784,2.106437389770724,3.466666666666667,12.533333333333331,99.44289693593316,9.44587517840249,3.8912757935477296,752.9718613646104,364.0079349056108,True,False,True,True,False,True,False,1,False,False,False,False,False,True
556,8636,29.99944444444445,2,2.3968479628420574,3.232339891975309,4.7375,63.23333333333333,95.21769337656325,7.04091537215822,11.65583827261977,2.8141179503297384,1.859145410132557,False,False,True,True,False,False,False,0,False,False,False,False,False,True
558,8617,29.99944444444445,1,1.1673648904703795,1.0546296296296296,2.0,11.0,99.98839503307416,1.830007055015896,0.612029557808251,0.0024447796990445,0.0009902905110053,True,True,True,True,True,True,True,3,False,True,True,True,True,True
559,8619,29.99944444444445,1,0.997862908513796,1.0124703415549303,1.0,2.933333333333333,100.0,8.697187079313675,4.394992395610217,0.3356151138956568,0.1641335035000193,True,True,True,True,False,True,True,2,False,True,True,True,True,True
56,8633,29.99944444444445,1,1.300938505745641,1.294862881421398,1.5333333333333334,10.0,99.95366616471678,12.41732913837502,10.951442854865768,0.5015579115660198,0.3637877104169238,True,True,True,True,False,False,True,1,False,True,False,False,True,False
560,8634,29.99944444444445,1,0.0018164620492626,0.0003093580819798,0.0,1.0,100.0,3.033445400954341,1.67189807335742,0.0002625279901165,0.0,True,True,True,True,True,True,True,3,False,True,True,True,True,True
561,20680,29.99944444444445,4,0.290530164414352,0.0,2.4,3.916666666666667,100.0,10.152870760634912,0.9649279580831804,0.0675305992363535,0.0675305992363535,True,True,True,True,False,True,True,2,False,True,True,True,True,True
562,8637,29.99944444444445,2,3.416598109125897,3.778149801587301,4.6,59.43333333333333,98.50642584230636,12.312062360391096,74.99815075800662,3.9836145879129545,0.5051852454596463,False,False,True,True,False,False,True,1,False,False,False,False,False,True
563,8616,29.99944444444445,1,0.1534829315557031,0.0401234567901234,1.0,42.4,99.80269266480964,0.4885210031738857,6.26036991482674,6.539258909227572,3.626400110000388,True,True,True,True,True,True,False,2,False,True,True,True,False,False
564,8618,29.99944444444445,1,0.0766215557089309,0.0052799823633156,0.4666666666666666,2.733333333333333,100.0,0.3054086875183722,9.33959652554454,9.423586511861055,8.76589612393743,True,True,True,True,True,False,False,1,False,True,False,False,False,True
565,8613,29.99944444444445,1,0.2647103969987982,0.0042438271604938,2.0,2.8,100.0,0.3046481526874496,9.345609750686378,9.424693938103898,8.729863126797992,True,True,True,True,True,False,False,1,False,True,False,False,False,True
566,8614,29.99944444444445,1,0.1036645896089824,0.0060185185185185,1.0,3.066666666666667,100.0,0.3068553320787375,9.384876761591991,9.460976367233624,8.801446037387528,True,True,True,True,True,False,False,1,False,True,False,False,False,True
567,8613,29.99944444444445,1,0.0931629991974819,0.0054783950617283,1.0,2.4,100.0,0.2992766692157897,9.057054581575654,9.153402110873378,8.482834917317676,True,True,True,True,True,False,False,1,False,True,False,False,False,True
568,8616,29.99944444444445,1,0.1241773150634571,0.0043209876543209,1.0,2.333333333333333,100.0,0.3035570566340086,9.385110566082018,9.443720984215414,8.767556484060663,True,True,True,True,True,False,False,1,False,True,False,False,False,True
569,8617,29.99944444444445,1,0.0094124145940323,0.0047067901234567,0.0,2.0,100.0,0.2976895718195166,9.361946155078918,9.442324695922236,8.761317467685695,True,True,True,True,True,False,False,1,False,True,False,False,False,True
57,8616,29.99944444444445,1,4.140005877105459,4.286111111111112,5.6,17.8,75.68477251624884,10.548413496651827,11.646150242772809,0.8535605665741459,0.6346170764781488,False,False,False,False,False,False,True,1,False,False,False,False,False,True
570,8613,29.99944444444445,1,0.0522828123925302,0.0051408179012345,0.0,21.53333333333333,99.95355857424822,0.3104431462118507,9.373703514386204,9.477593947134174,8.775198343589151,True,True,True,True,True,False,False,1,False,True,False,False,False,True
571,8612,29.99944444444445,1,0.0090935919372983,0.0057355967078189,0.0,2.0,100.0,0.3103988653320934,9.4571744596942,10.250123996416958,9.530409810231571,True,True,True,True,True,False,False,1,False,True,False,False,False,True
572,8618,29.99944444444445,1,0.0090975976912389,0.0045524691358024,0.0,2.0,100.0,0.3000877404073871,9.31121103954708,9.488593088662707,8.825296444871752,True,True,True,True,True,False,False,1,False,True,False,False,False,True
573,8613,29.99944444444445,1,0.0099976100759799,0.0046296296296296,0.0,2.0,100.0,0.3085181817421394,9.32841123329629,9.40646033404654,8.744856059223876,True,True,True,True,True,False,False,1,False,True,False,False,False,True
574,8636,29.99944444444445,1,2.3452391980414213,2.478847001763668,4.066666666666666,11.466666666666669,99.25891616489116,11.790800738832642,16.53948362506723,1.4731092436974786,1.264139041443349,False,False,True,True,False,False,False,0,False,False,False,False,False,True
575,8637,29.99944444444445,1,0.0230452317548531,0.0074556327160493,0.0,38.06666666666666,99.98842190575432,3.220808397233024,5.591671066766587,0.7176648637919913,0.2267079067356941,True,True,True,True,True,True,True,3,False,True,True,True,True,True
577,8618,29.99944444444445,1,0.0406615106226385,0.0463955026455026,0.2,4.2,100.0,2.5768522110077274,1.1282956580821517,0.0125396457027926,0.0005956525102498,True,True,True,True,True,True,True,3,False,True,True,True,True,True
578,8618,29.99944444444445,1,0.0180152581231717,0.0141203703703703,0.0,4.066666666666666,100.0,0.2419202674021427,1.0832154482015235,0.0125473814496789,0.0005956525102498,True,True,True,True,True,True,True,3,False,True,True,True,True,True
579,8616,29.99944444444445,4,0.6556663682185967,0.5376648457760855,1.2833333333333334,1.7833333333333334,100.0,0.5453580763945067,9.709637661935712,6.170764524472742,5.674538234513861,True,True,True,True,True,False,False,1,False,True,False,False,False,True
58,8614,29.99944444444445,1,0.4654538016739085,0.4666666666666667,0.4666666666666666,15.533333333333331,99.97678198281866,8.553112794828714,7.237843709575772,0.1565353190266122,0.1189685672272159,True,True,True,True,False,True,True,2,False,True,True,True,True,True
580,8619,29.99944444444445,2,1.586856280973928,2.2528163580246914,2.0,35.333333333333336,99.8259658893143,6.385838138081456,4.853570093389098,3.361348405239808,0.8646898601649731,True,False,True,True,False,True,True,2,False,False,False,False,False,True
581,8614,29.99944444444445,1,0.0136140502172543,0.011574074074074,0.0,15.266666666666667,99.98839099140932,3.118098018228581,0.8594295979540929,0.2255163882630796,0.008978823977663,True,True,True,True,True,True,True,3,False,True,True,True,True,True
582,8618,29.99944444444445,1,2.0317721189617224,1.8859678130511464,7.0,92.6,91.62218612207008,4.874451204526325,92.35289924742231,29.755732740996148,23.760643835162284,False,True,False,False,True,False,False,1,False,False,False,False,False,True
583,8615,29.99944444444445,1,1.424709017686383,1.0933641975308643,3.4085714285714075,29.333333333333336,96.79628554846198,3.789838046670188,36.64376365976192,60.57868782407378,33.483531609616925,True,True,True,True,True,False,False,1,False,True,False,False,False,True
584,8617,29.99944444444445,1,0.9610387736127554,0.5830721747388414,1.6,6.533333333333334,99.96518509922248,4.008466144872575,5.347335788011198,5.843626869758354,2.83167962039379,True,True,True,True,True,True,False,2,False,True,True,True,False,False
585,8614,29.99944444444445,1,0.521617356020653,0.5282958553791888,1.0666666666666669,14.8,99.90712793127466,4.298831861139038,5.649674533152012,5.689881919798335,2.766113303923845,True,True,True,True,True,True,False,2,False,True,True,True,False,False
586,8616,29.99944444444445,1,0.2743317518909441,0.1887126473063972,1.2,36.4,99.8259052924791,2.8647703918190723,18.271420175885705,18.218402974565933,0.5907282384127789,True,True,True,True,True,False,True,2,False,True,True,True,True,True
587,8618,29.99944444444445,1,3.408271218415684,0.6323302469135802,18.73833333333332,100.8,89.40589463912741,5.566340151402355,41.68304604101192,228.5213203588784,21.731442487400948,False,True,False,False,True,False,False,1,False,False,False,False,False,True
588,8616,29.99944444444445,1,0.7668219798616734,2.039197530864197,2.4,4.666666666666667,100.0,4.006589865760335,0.991048152172804,0.2642158213188854,0.0744305253706367,True,False,True,True,True,True,True,3,False,False,False,False,False,True
589,8612,29.99944444444445,1,9.910189640699397,18.6984067207416,19.2,95.13333333333334,52.64746864839759,9.93694158481343,109.37741862662033,45.779739364469975,2.4942020963502616,False,False,False,False,False,False,False,0,False,False,False,False,False,True
590,8616,29.99944444444445,1,0.50046404996788,0.2305909617612977,1.4,4.866666666666667,100.0,4.348120036954436,1.013990226733959,0.3275470290181292,0.1042598312009871,True,True,True,True,True,True,True,3,False,True,True,True,True,True
591,8636,29.99944444444445,2,54.39911581506214,54.4743537808642,54.5,54.73333333333333,0.0,17.61646704965836,4.018701008797697,0.0,0.0,False,False,False,False,False,True,True,2,False,False,False,False,False,True
592,8616,29.99944444444445,16,0.8443369358737568,0.8265828235229277,0.9375,2.459821428571429,100.0,0.8365282369681429,10.176964369904828,3.954175530829431,0.147968781708336,True,True,True,True,True,False,True,2,False,True,True,True,True,True
593,8616,29.99944444444445,8,3.807862687258579,3.184670489618406,12.558333333333334,95.0,94.63788300835655,2.184246589053332,925.1127890186648,6.618596291707364,0.8797381896964068,False,False,False,False,True,False,True,2,False,False,False,False,False,True
594,8613,29.99944444444445,16,0.754616827138379,0.7826123649691357,0.8458333333333333,1.6875,100.0,0.0780858387087439,9.58437084414096,3.709811856938293,0.0559928789813847,True,True,True,True,True,False,True,2,False,True,True,True,True,True
595,8632,29.99944444444445,1,1.371456705944658,2.597145061728395,1.8,85.2,98.10009267840594,1.3609166904500998,70.08128638815617,372.0785292267973,330.4566411249393,True,False,True,True,True,False,False,1,True,False,False,False,False,True
596,8632,29.99944444444445,4,27.83549180608741,37.93706562775573,96.98333333333332,97.6,69.67099165894346,7.56633123230325,702.3888712075691,29.74262599849949,4.631630367624344,False,False,False,False,False,False,False,0,False,False,False,False,False,True
597,8635,29.99944444444445,4,29.006500851011563,37.105921065816894,96.8775,97.18333333333334,69.73943254198032,5.581185689335226,932.8550498989526,28.270045742715112,4.635450147227797,False,False,False,False,True,False,False,1,False,False,False,False,False,True
598,8637,29.99944444444445,4,28.92163718387668,37.00856205908289,96.71666666666664,97.15,69.74643973601945,5.703033910527319,930.6715006058356,29.117667259990988,4.673285668058159,False,False,False,False,True,False,False,1,False,False,False,False,False,True
599,8634,29.99944444444445,4,29.01175584896919,37.09569331788335,96.98333333333332,97.31666666666666,69.7359277275886,5.767637380783669,936.7657822680756,28.209383805909173,4.677257218883348,False,False,False,False,True,False,False,1,False,False,False,False,False,True
60,8635,29.99944444444445,1,0.6689710257573606,0.6558256172839506,0.8666666666666667,30.333333333333336,99.95367689635204,9.804038627551686,11.126236737913056,0.4966510961212755,0.3674796094338653,True,True,True,True,False,False,True,1,False,True,False,False,True,False
600,8618,29.99944444444445,1,4.6567539278493095,2.3624999999999994,11.4,15.6,69.61011835692736,6.534508592503144,47.54538311441015,3.895391720525162,1.8703225180482084,False,False,False,False,False,False,False,0,False,False,False,False,False,True
601,8618,29.99944444444445,1,1.1715354521835144,0.9285493827160494,2.0666666666666664,6.666666666666666,99.96518913901136,5.182386931802244,26.14439196314631,2.609626404126288,1.7412124208016526,True,True,True,True,True,False,False,1,False,True,False,False,True,False
602,8617,29.99944444444445,1,0.69167300469958,0.5624779541446209,2.0,4.133333333333333,100.0,3.313220357944973,12.052165526245831,0.3880014679916037,0.1264841398849754,True,True,True,True,True,False,True,2,False,True,True,True,True,True
603,8614,29.99944444444445,1,0.2615946355324112,0.2547839506172839,0.6,2.733333333333333,100.0,3.3743988705573726,8.159564302851393,0.6065217751832565,0.4138249472066514,True,True,True,True,True,False,True,2,False,True,True,True,True,True
604,8613,29.99944444444445,2,7.264393504762714,5.559987225351809,62.37999999999999,102.33333333333334,89.62034134447927,3.32009633261993,17.857687222281438,65.0084708482044,6.132520115113288,False,False,False,False,True,False,False,1,False,False,False,False,False,True
605,8632,29.99944444444445,2,0.0003789884813981,0.0006952491309385,0.0,0.3,100.0,0.7261206582996593,0.1175980125064925,0.0,0.0,True,True,True,True,True,True,True,3,False,True,True,True,True,True
606,8616,29.99944444444445,1,0.1123527934461082,0.1449144219977553,0.2666666666666666,2.2,100.0,3.9764332011622368,0.8933138420951791,0.2481695185037803,0.0738531856568068,True,True,True,True,True,True,True,3,False,True,True,True,True,True
607,8613,29.99944444444445,1,2.1282409019956914,1.105446118192352,10.0,25.133333333333336,86.89190758156275,2.8431589571711435,2.3725669853064493,5.909962506758048,2.134795124119402,False,True,False,False,True,True,False,2,False,False,False,False,False,True
608,17269,29.99944444444445,4,9.230947637061918,0.0,94.4,103.75,85.73165788406972,11.276678082779505,5.396663458082764,4.820171077852472,2.398005091658459,False,True,False,False,False,True,False,1,False,False,False,False,False,True
609,8616,29.99944444444445,4,18.66603930604627,0.483545524691358,102.4708333333333,104.45,71.92432683379758,5.420472732277313,10.805468363267806,9.650602837467392,4.800045319892116,False,True,False,False,True,False,False,1,False,False,False,False,False,True
61,23690,29.99944444444445,1,0.0344127520151158,0.0,0.0,16.866666666666667,99.98733642887294,9.10885223657592,0.6008989125409555,0.0214596608307034,0.0082220078125523,True,True,True,True,False,True,True,2,False,True,True,True,True,True
610,8616,29.99944444444445,4,22.63862242533465,0.3338348765432098,101.91666666666666,104.78333333333336,65.91225626740948,5.333189580255611,12.635963904879295,11.209666125038687,5.517746192023698,False,True,False,False,True,False,False,1,False,False,False,False,False,True
611,8615,29.99944444444445,4,22.50087355396264,0.4270488866843033,99.96999999999996,104.61666666666666,66.33778293673825,6.249561052672854,11.835108962746803,11.012641850636628,5.518095170773639,False,True,False,False,False,False,False,0,False,False,False,False,False,True
612,8618,29.99944444444445,4,17.903917231414187,0.251099537037037,101.33333333333334,104.73333333333332,71.04896727779068,5.861054700398933,11.940170433663702,10.573079592463442,4.567518695558844,False,True,False,False,False,False,False,0,False,False,False,False,False,True
613,8617,29.99944444444445,4,19.626184141377944,0.4149498456790123,100.65666666666668,104.53333333333336,66.41522571660671,8.061506689866897,10.76458736613663,9.951047210110689,4.922633532573186,False,True,False,False,False,False,False,0,False,False,False,False,False,True
614,17270,29.99944444444445,4,10.985508798004092,0.0,95.08333333333334,104.71666666666664,82.18297625940937,15.13026051087142,5.182818087946924,5.239427427105482,2.656486440761195,False,True,False,False,False,True,False,1,False,False,False,False,False,True
615,17270,29.99944444444445,4,9.414418461331824,0.0,90.42749999999997,104.73333333333332,84.77127967573827,10.875634794563837,5.353989610723832,5.117393742621016,2.394350463439925,False,True,False,False,False,True,False,1,False,False,False,False,False,True
616,17269,29.99944444444445,4,12.547521201172252,0.0,101.77666666666666,104.53333333333336,81.71868666396432,13.51828059028842,5.860678242173986,5.761148998279116,2.9354880975183253,False,True,False,False,False,True,False,1,False,False,False,False,False,True
617,8616,29.99944444444445,4,30.57474990126452,33.152507716049385,103.11666666666666,104.66666666666666,57.648560817084494,6.465855403884191,18.19017310838341,16.63500837312641,6.116687891766234,False,False,False,False,False,False,False,0,False,False,False,False,False,True
618,8617,29.99944444444445,4,31.207431491567498,32.63109567901235,104.28333333333336,104.81666666666666,58.001624695369614,6.489191784065739,18.02148451815099,16.45127139149711,6.149517860899432,False,False,False,False,False,False,False,0,False,False,False,False,False,True
619,8616,29.99944444444445,4,30.92776926129555,31.97260802469136,104.05,104.76666666666668,57.01021355617456,7.863349772729332,18.46623410215854,16.89824477724896,5.9525070201515184,False,False,False,False,False,False,False,0,False,False,False,False,False,True
62,8616,29.99944444444445,1,4.877114318931867,5.152673059964726,6.719047619047619,18.73333333333333,68.23351903435469,18.23597478417993,11.258498443421844,14.918254152481172,9.930951927470034,False,False,False,False,False,False,False,0,False,False,False,False,False,True
620,8617,29.99944444444445,4,33.529969452716635,36.648533950617285,103.06666666666666,104.6,53.53371242891958,6.474468813384721,13.937746611826917,13.28649478253749,6.371242891957758,False,False,False,False,False,False,False,0,False,False,False,False,False,True
621,8613,29.99944444444445,4,31.307370905472613,36.06905864197531,103.19,104.51666666666668,59.82816672471844,6.408104734006075,12.443506080784031,12.043587454768227,6.076801920166601,False,False,False,False,False,False,False,0,False,False,False,False,False,True
622,8616,29.99944444444445,4,32.49664005097284,37.013078703703705,103.45416666666668,104.63333333333334,52.90157845868152,5.813761226491585,14.243392404691152,13.136958250598571,6.303025810398722,False,False,False,False,True,False,False,1,False,False,False,False,False,True
623,17368,29.99944444444445,4,9.08555969199214,0.0,92.04249999999976,104.5,85.62874251497006,10.606821133759464,4.5674206988952495,4.355399069077961,2.28281614426824,False,True,False,False,False,True,False,1,False,False,False,False,False,True
624,17367,29.99944444444445,4,9.938129504514023,0.0,99.46166666666666,104.71666666666664,82.9676973570565,11.788298854746689,4.092831818699844,4.3707526864030575,2.424372441439292,False,True,False,False,False,True,False,1,False,False,False,False,False,True
625,17370,29.99944444444445,4,8.88837112625109,0.0,101.5,105.01666666666668,86.5572826712723,8.627714085483118,5.174990286691495,4.794666969632427,2.260601854487865,False,True,False,False,False,True,False,1,False,False,False,False,False,True
626,17366,29.99944444444445,4,9.616353003785344,0.0,86.62916666666666,104.96666666666664,83.1221927905102,11.40610896081664,4.682795285287224,4.503970027534751,2.3047388396087003,False,True,False,False,False,True,False,1,False,False,False,False,False,True
627,17372,29.99944444444445,4,9.106777069741538,0.0,101.68333333333334,105.11666666666666,86.51853557448767,10.683351580695614,4.574325657233498,4.426813011450647,2.357852537745469,False,True,False,False,False,True,False,1,False,False,False,False,False,True
628,17367,29.99944444444445,4,9.015040264336344,0.0,100.42833333333334,104.78333333333336,86.57223469799045,13.243135387316473,4.498104939947226,4.432276046250826,2.3199945435651084,False,True,False,False,False,True,False,1,False,False,False,False,False,True
629,17370,29.99944444444445,4,9.067465369818564,0.0,98.50749999999952,105.06666666666666,86.31548647092688,9.557230727949165,4.346272027403288,4.350541827199859,2.3413828840512774,False,True,False,False,False,True,False,1,False,False,False,False,False,True
63,8619,29.99944444444445,1,0.9072514212785704,0.9000771604938272,1.1333333333333333,32.733333333333334,99.93038635572572,7.85660217877639,9.362432346630047,4.094875662296477,1.6546621804540356,True,True,True,True,False,False,False,0,False,True,False,False,True,False
630,17366,29.99944444444445,4,9.435333377353704,0.0,102.61666666666666,104.68333333333334,86.16261660716343,10.28108221923385,3.955263662687652,4.132831232646965,2.285858033286917,False,True,False,False,False,True,False,1,False,False,False,False,False,True
631,17387,29.99944444444445,4,9.782663017743108,0.0,101.13500000000003,104.68333333333334,83.85000287571174,11.096878131156988,3.989690459301376,4.299317794447777,2.36982894536239,False,True,False,False,False,True,False,1,False,False,False,False,False,True
632,17385,29.99944444444445,4,8.938085726787193,0.0,86.5,104.75,85.4127121081392,9.12706366316651,4.747823908108637,4.177868344386894,2.03408118852036,False,True,False,False,False,True,False,1,False,False,False,False,False,True
633,17388,29.99944444444445,4,9.360212691155366,0.0,88.9,104.93333333333334,85.426731078905,11.137096052289404,4.130221996327932,4.219937507282228,2.22993113875619,False,True,False,False,False,True,False,1,False,False,False,False,False,True
634,17385,29.99944444444445,4,9.126347029125286,0.0,101.93333333333334,104.75,85.7003163646822,14.399027003349604,5.01159926642239,4.243142921054915,1.9199625657951804,False,True,False,False,False,True,False,1,False,False,False,False,False,True
635,17387,29.99944444444445,4,9.080694221304665,0.0,102.00166666666672,104.58333333333334,85.42014148501754,9.245555077465378,5.460616351753408,4.365496366104579,1.946364050499324,False,True,False,False,False,True,False,1,False,False,False,False,False,True
636,17386,29.99944444444445,4,9.031226916209809,0.25,101.25416666666666,104.81666666666666,85.89669849304038,9.09897078864834,5.362996863241313,4.339289697705952,1.9531573075300783,False,True,False,False,False,True,False,1,False,False,False,False,False,True
637,17387,29.99944444444445,4,8.959057453525302,0.0,102.095,104.73333333333332,85.97227813883936,13.267371552443176,4.873276741152165,4.225282684953704,1.977832022083474,False,True,False,False,False,True,False,1,False,False,False,False,False,True
638,17385,29.99944444444445,4,9.260208075007473,0.0,99.38666666666664,104.78333333333336,83.14639056658038,9.186593127009504,5.475239601736582,4.430829327416903,1.980148869441363,False,True,False,False,False,True,False,1,False,False,False,False,False,True
639,17388,29.99944444444445,4,8.778260162089527,0.0,101.72749999999996,104.81666666666666,85.92132505175984,9.803057126754222,5.383325781393414,4.186899330317205,1.8385604832378468,False,True,False,False,False,True,False,1,False,False,False,False,False,True
64,11261,29.99944444444445,1,0.9309000925664632,0.9974539156830824,1.2,14.4,99.97335938193768,7.700915311742185,8.182032128839696,0.7068076655901893,0.4635309633089581,True,True,True,True,False,False,True,1,False,True,False,False,True,False
640,17384,29.99944444444445,4,8.720369487724525,0.0,100.51416666666664,104.66666666666666,86.21145881270134,12.148844023053636,4.850682218245782,4.1626599912653175,1.905357997993468,False,True,False,False,False,True,False,1,False,False,False,False,False,True
641,17388,29.99944444444445,4,9.232740280425103,0.0,102.83333333333334,104.66666666666666,86.15136876006441,9.145703159290074,4.8027548524054735,4.140520004814346,1.972919496569428,False,True,False,False,False,True,False,1,False,False,False,False,False,True
642,17382,29.99944444444445,4,11.027742317586336,0.0,101.17916666666672,104.76666666666668,83.51167874813025,12.381893758331096,5.444498322475541,4.9352586842835375,2.297990210386655,False,True,False,False,False,True,False,1,False,False,False,False,False,True
643,17384,29.99944444444445,4,11.046006034475315,0.0,98.18999999999993,105.65,83.5020708697653,11.736078811755036,5.349378537777353,4.871169491940028,2.3204589261725133,False,True,False,False,False,True,False,1,False,False,False,False,False,True
644,17385,29.99944444444445,4,11.029166162944206,0.0,98.18999999999996,104.73333333333332,83.27868852459017,12.400391957146455,5.388967399040737,4.882709921018808,2.308941962872076,False,True,False,False,False,True,False,1,False,False,False,False,False,True
645,17383,29.99944444444445,4,9.342106177466516,0.0,102.5,104.55,86.4350227233504,13.299975967941652,4.572437582903268,4.138593260817561,2.036279999475363,False,True,False,False,False,True,False,1,False,False,False,False,False,True
646,17386,29.99944444444445,4,12.335369260342658,0.0,103.33333333333334,104.91666666666666,82.85402047624527,12.091092013832906,5.091525512142676,4.999783871400402,2.5074824056907343,False,True,False,False,False,True,False,1,False,False,False,False,False,True
647,17389,29.99944444444445,4,9.476265987416712,0.0,103.11666666666666,104.83333333333334,86.82500431307149,7.707129873376131,4.154944077175085,4.182319812442303,2.1027615418811,False,True,False,False,False,True,False,1,False,False,False,False,False,True
648,17387,29.99944444444445,4,12.431170883692523,0.0,103.43333333333334,104.9,83.20009202277564,10.857341681461644,4.899656900201848,5.162926691509828,2.584859056097625,False,True,False,False,False,True,False,1,False,False,False,False,False,True
649,17388,29.99944444444445,4,9.056172354543,0.0,101.26666666666668,104.61666666666666,87.46836899010813,9.300730387311107,3.932256901809178,4.0609139127557,2.044657738230892,False,True,False,False,False,True,False,1,False,False,False,False,False,True
65,8630,29.99944444444445,1,0.8766799873230928,0.8230866854273575,1.3333333333333337,6.2,99.97682502896872,14.07715490609156,40.86160460885837,15.40651102245251,9.5782828990245,True,True,True,True,False,False,False,0,False,True,False,False,False,True
650,17388,29.99944444444445,4,8.527066590433568,0.0,102.36083333333328,104.9,88.18725557855993,9.21012780944772,3.463872334787621,3.590678059639413,1.9179721979066355,False,True,False,False,False,True,False,1,False,False,False,False,False,True
651,17370,29.99944444444445,4,8.290827737077738,0.0,92.9425,104.68333333333334,87.6741508347726,9.968221359015924,4.1414824275705096,3.7767903694846696,1.836757893804526,False,True,False,False,False,True,False,1,False,False,False,False,False,True
652,17368,29.99944444444445,4,11.217354713649623,0.0,101.81666666666666,104.1,83.7344541685859,11.805499748857716,4.975499001996009,4.848682355568583,2.310099032703824,False,True,False,False,False,True,False,1,False,False,False,False,False,True
653,17370,29.99944444444445,4,7.899726471475176,0.0,86.5,104.71666666666664,88.06563039723662,10.135868623303748,4.122550922499109,3.845200612091804,1.919952547931823,False,True,False,False,False,True,False,1,False,False,False,False,False,True
654,17370,29.99944444444445,4,7.855251665433012,0.0,83.83499999999997,104.63333333333334,87.13874496257917,10.342047037706129,5.150705650135702,3.968610332289089,1.6773472948084347,False,True,False,False,False,True,False,1,False,False,False,False,False,True
655,17367,29.99944444444445,4,9.741102583717888,0.0,80.91166666666705,104.68333333333334,83.7623078251857,11.074638953068945,5.08265309286211,4.453074385739786,2.06395462659066,False,True,False,False,False,True,False,1,False,False,False,False,False,True
656,8614,29.99944444444445,2,50.68735638732446,50.689043209876544,51.4,52.53333333333333,0.0,17.477388253869368,23.559037184083618,23.53296307245112,17.63992817413992,False,False,False,False,False,False,False,0,False,False,False,False,False,True
657,8612,29.99944444444445,2,2.161779430992448,2.406137014991182,3.0,7.433333333333334,99.75615420343706,5.971645018815261,26.70664401527151,6.618189550940364,4.1983050784432585,False,False,True,True,False,False,False,0,False,False,False,False,False,True
658,8619,29.99944444444445,2,1.815021815887636,1.7090856481481482,2.8,9.766666666666666,99.88397725954286,3.654506716297437,7.822237670993327,3.3233196815688983,0.0275517034305756,True,True,True,True,True,True,True,3,False,True,True,True,True,True
659,8614,29.99944444444445,2,1.974956604420268,1.881700049660652,2.3666666666666667,14.066666666666668,99.860691896912,2.7659220174848915,8.205783454994043,3.343064446581976,0.0423524273884153,True,True,True,True,True,False,True,2,False,True,True,True,True,True
66,8620,29.99944444444445,1,0.6438550776369801,0.6739281575898031,0.8,32.733333333333334,99.94199535962876,7.533155596157916,9.569375717090333,0.2731350127057783,0.2318506242404154,True,True,True,True,False,False,True,1,False,True,False,False,True,False
660,8614,29.99944444444445,2,1.7781877784780036,1.72777685813607,2.3255952380952314,8.533333333333333,99.84908288832132,2.8446930226683915,7.836775978452319,3.3536026623326363,0.041880880515661,True,True,True,True,True,True,True,3,False,True,True,True,True,True
661,8614,29.99944444444445,2,1.7279699713644454,1.850121392705402,2.1333333333333333,9.633333333333333,99.87230090550268,1.5866755529836851,8.122765857636416,3.341176324256194,0.0385015533959113,True,True,True,True,True,False,True,2,False,True,True,True,True,True
662,8614,29.99944444444445,2,1.9419411367983457,1.830676488440104,2.3666666666666667,8.533333333333333,99.84908288832132,2.6048266554698567,8.181006131087393,3.349892202063087,0.0427377359116388,True,True,True,True,True,False,True,2,False,True,True,True,True,True
663,8617,29.99944444444445,2,1.7309780085876756,1.8277391975308643,2.1,8.366666666666667,99.90716026459324,1.4049885539570384,8.230523666693447,3.341620937570804,0.0397510181976933,True,True,True,True,True,False,True,2,False,True,True,True,True,True
664,8616,29.99944444444445,2,1.509757870186143,1.5860563924295097,1.8333333333333333,8.833333333333334,99.91875580315693,3.0149171951459355,7.751524147084732,3.333160896670646,0.0315780165362337,True,True,True,True,True,True,True,3,False,True,True,True,True,True
665,8614,29.99944444444445,2,1.4943077852222848,1.594598765432099,1.8333333333333333,8.1,99.930345948456,2.978891774863648,7.817140159005145,3.329250279169016,0.0321569537961457,True,True,True,True,True,True,True,3,False,True,True,True,True,True
666,8614,29.99944444444445,2,1.547502957533141,1.7503086419753089,1.933333333333333,8.0,99.895518922684,2.688753023976116,7.893231458967471,3.34006655831592,0.0391339679591362,True,True,True,True,True,True,True,3,False,True,True,True,True,True
667,23691,29.99944444444445,1,0.0017585540822212,0.0,0.0,1.3333333333333337,100.0,2.869677083932333,0.0384437731025042,0.0016546367819002,0.0002307486668636,True,True,True,True,True,True,True,3,False,True,True,True,True,True
669,8637,29.99944444444445,1,0.1399648246470059,0.0460648148148148,1.0,10.933333333333332,99.22426768553896,4.191894799184707,0.6889983043855916,0.0808190490892818,0.0704531629331907,True,True,True,True,True,True,True,3,False,True,True,True,True,True
67,8613,29.99944444444445,1,0.640242672365626,0.6016406408063417,0.8666666666666667,10.866666666666667,99.96516893068618,3.718152460938992,9.010169803943752,0.3285606475261647,0.25578555118785,True,True,True,True,True,False,True,2,False,True,True,True,True,True
670,20284,29.99944444444445,1,0.0007912640504831,0.0,0.0,1.0666666666666669,100.0,1.262148360295092,0.2004947067656592,4.624803974044752e-05,0.0,True,True,True,True,True,True,True,3,False,True,True,True,True,True
671,14459,29.99944444444445,1,2.074832284390345e-05,0.0,0.0,0.3,100.0,7.238106876467025,0.0089708502530966,6.455033773658848e-05,0.0,True,True,True,True,False,True,True,2,False,True,True,True,True,True
672,3088,10.754386574074074,1,0.538597932364124,0.4459357547031158,1.1130681818181694,69.0,99.8380829015544,2.0607142754188086,5.645907293268043,0.7280938027861602,0.0848226740875704,True,True,True,True,True,True,True,3,False,True,True,True,True,True
675,8614,29.99944444444445,2,6.781317189440593,2.732118256727179,22.68416666666664,102.43333333333334,66.29904806129557,19.24000185739889,56.25657040989349,171.42564001569983,140.77888335157607,False,False,False,False,False,False,False,0,False,False,False,False,False,True
676,8615,29.99944444444445,2,1.5992689893778111,2.655643738977073,4.333333333333333,95.5,96.00696459663378,6.233230338038172,98.69605557755584,243.98669729573967,94.60929124174336,True,False,True,True,False,False,False,0,True,False,False,False,False,True
677,8617,29.99944444444445,2,6.025445992169476,2.107727448092032,21.833333333333336,101.46666666666664,81.75699199257282,17.081174042278548,53.2188511062133,186.9435752309403,144.07377908830557,False,False,False,False,False,False,False,0,False,False,False,False,False,True
678,8616,29.99944444444445,2,1.2330449842636473,1.4952546296296296,2.1333333333333333,23.73333333333333,99.9071494893222,4.150989022516885,25.31890385870191,74.60129746807152,31.962309870440087,True,True,True,True,True,False,False,1,False,True,False,False,False,True
679,8615,29.99944444444445,1,9.564991425837334,35.53014839616402,91.2,105.95,90.33081834010449,7.567151264433972,69.15725699978746,47.09681959299487,27.226897714396262,False,False,False,False,False,False,False,0,False,False,False,False,False,True
68,20256,29.99944444444445,1,0.1854713776218515,0.0,1.2666666666666666,19.53333333333333,99.98518957345972,9.503307074925496,1.340100522831566,0.0677064526442488,0.0496278586474084,True,True,True,True,False,True,True,2,False,True,True,True,True,True
680,8616,29.99944444444445,2,0.6509321400512207,0.6307098765432099,1.0,16.833333333333332,99.79108635097494,3.9320149751762417,24.70924829774064,1.5476053156067082,1.255606444777754,True,True,True,True,True,False,False,1,False,True,False,False,True,False
681,8619,29.99944444444445,2,0.7583719367481985,0.691559109614665,1.2,17.96666666666667,99.80276134122288,3.233446426890842,23.380716264243933,1.311691806923272,1.0959740405267726,True,True,True,True,True,False,True,2,False,True,True,True,True,True
682,8615,29.99944444444445,2,0.128317994638366,0.1310433201058201,0.3,1.142857142857143,100.0,1.603901736230185,0.9059715888677,0.2863466268689715,0.0778398695519995,True,True,True,True,True,True,True,3,False,True,True,True,True,True
683,8619,29.99944444444445,1,2.995716044471701,1.0622685185185186,16.53333333333333,46.26666666666667,91.0546467107553,11.106187819785456,4.940889682631764,517.0915317884601,254.7694707762233,False,True,False,False,False,True,False,1,False,False,False,False,False,True
684,8619,29.99944444444445,1,1.0132796603558871,1.0159985269360268,1.0,18.53333333333333,99.8955795335886,10.238141079118364,4.741806187585861,4.474240429678996,2.026355508525714,True,True,True,True,False,True,False,1,False,True,False,False,False,True
685,8617,29.99944444444445,1,0.2729397985867755,0.3636925453843183,0.6,26.53333333333333,99.90716026459324,3.579536367338012,1.6931033233139532,0.3425986454070474,0.0947126729214462,True,True,True,True,True,True,True,3,False,True,True,True,True,True
686,8616,29.99944444444445,1,3.589704923287793,1.1314814814814815,13.2,95.2,90.94707520891365,4.457085411638938,20.91341681183255,265.6955189502543,135.58662215608595,False,True,False,False,True,False,False,1,False,False,False,False,False,True
687,3091,10.740763888888887,1,1.0746943232546595,0.5674618258241951,3.0,42.06666666666667,99.5470721449369,1.4825415656751415,37.396512858434576,3.29368456770592,2.679509853531206,True,True,True,True,True,False,False,1,False,True,False,False,False,True
688,8613,29.99944444444445,1,3.6928017510567135,1.19308964500158,12.933333333333332,97.0,90.73493556252176,4.708954163392075,20.548507150318365,264.20720286943725,134.5333402249285,False,True,False,False,True,False,False,1,False,False,False,False,False,True
689,8615,29.99944444444445,2,7.1237618562517,7.724749228395062,11.6,59.03333333333333,13.824724318049912,12.44888017792423,99.60231069697696,50.98183810997798,8.846185777851476,False,False,False,False,False,False,False,0,False,False,False,False,False,True
69,8635,29.99944444444445,1,23.353968728948463,23.251306216931216,23.933333333333334,31.933333333333334,0.0,8.194010106815957,8.564831293007321,4.081413570987977,2.684963315652372,False,False,False,False,False,False,False,0,False,False,False,False,False,True
690,8616,29.99944444444445,2,6.36294328124934,6.742446225649352,9.433333333333334,101.0,30.919220055710305,11.076751607762423,58.92860265315001,47.673989181083535,38.95985181704193,False,False,False,False,False,False,False,0,False,False,False,False,False,True
691,8273,28.811840277777776,2,1.6420075022818887,2.0612296075837744,4.0,54.86666666666667,96.59132116523632,3.490869105719756,11.769394814058176,3.4287049144899986,1.0536319577114934,True,False,True,True,True,False,True,2,False,False,False,False,False,True
692,8616,29.99944444444445,2,0.9413298993382558,1.0368827160493828,1.2,15.433333333333332,99.60538532961932,3.54753025246502,73.47158591627603,6.09757328809383,5.466915151481656,True,True,True,True,True,False,False,1,False,True,False,False,False,True
693,8614,29.99944444444445,2,1.3099910801733414,1.219576260288066,2.0666666666666664,14.766666666666667,99.88390991409334,2.4411284657009493,37.78500028239696,5.032064204466689,1.24174970219781,True,True,True,True,True,False,False,1,False,True,False,False,True,False
694,2537,8.806550925925926,1,3.465018931928668,3.96610725308642,4.0,92.66666666666666,96.13716988569176,8.120509263466332,130.07524874284826,5.208830264466843,2.238386170392477,False,False,True,True,False,False,False,0,True,False,False,False,False,True
695,2539,8.81349537037037,2,1.6664669254862243,1.7086033950617288,2.0666666666666664,16.166666666666668,99.60614415124066,2.766960661723762,32.89226354582794,2.18412948479904,1.1807685815562932,True,True,True,True,True,False,False,1,False,True,False,False,True,False
696,2233,7.7509143518518515,0,1.9048255893979136,1.89642781986532,2.2333333333333334,43.36666666666667,99.59695476936857,3.622848535607937,26.019624819624813,2.55849771465535,1.1899928205346924,True,True,True,True,True,False,False,1,False,True,False,False,True,False
697,8617,29.99944444444445,1,3.750550875890321,0.5552888594603542,1.2,95.06666666666666,96.55332482302424,8.391854081259664,5.519770407599699,1.131191952220152,0.8788846795925825,False,True,True,True,False,True,True,2,True,False,False,False,True,False
698,8615,29.99944444444445,1,0.6620166349417655,0.952459031452087,1.2,19.266666666666666,99.86070806732444,3.069389160370918,4.207935242999085,1.2619756721642967,1.0479663423569403,True,True,True,True,True,True,True,3,False,True,True,True,True,True
699,8308,28.936863425925925,0,4.588845089070775,21.452723059096176,7.5,69.03333333333333,89.347616754935,5.604359913857148,30.90321377119644,5.042256994730514,1.2358874114170213,False,False,False,False,True,False,False,1,False,False,False,False,False,True
7,16140,29.99944444444445,0,0.2399189384551837,0.0,0.0,92.16666666666666,99.68401486988849,2.0116926844088905,15.874344869298405,1.1886462205700123,0.2441119372160264,True,True,True,True,True,False,True,2,True,True,True,False,True,False
70,8614,29.99944444444445,1,1.023801203311303,1.130087081128748,1.3333333333333337,34.4,99.87230090550268,8.45316352343176,9.844714523667392,0.6652433608493511,0.5016777485084891,True,True,True,True,False,False,True,1,False,True,False,False,True,False
701,8259,28.76670138888889,2,3.007071101195692,5.345521935626102,5.857142857142857,55.76666666666667,79.93703838237074,5.593909331409672,17.525289706056142,2.029838395248857,1.0207147576562758,False,False,False,False,True,False,True,2,False,False,False,False,False,True
702,8308,28.93337962962963,0,2.601169939399658,3.833256083429896,6.066666666666666,59.4,92.79008184882042,5.344048328716457,18.806902889546123,2.925981985235115,1.096002848659926,False,False,False,False,True,False,False,1,False,False,False,False,False,True
703,8616,29.99944444444445,1,3.065959014548848,0.938888888888889,1.2,95.26666666666668,97.38857938718662,6.699496801360622,7.671197927665545,2.0184893507142814,1.3737602443208292,False,True,True,True,False,True,False,1,True,False,False,False,True,False
704,8614,29.99944444444445,1,2.9747956922730547,1.237160422299472,2.733333333333333,95.5,97.53889017877874,5.459445863141551,9.148091898234108,1.7002399504373036,1.2214296577194184,False,True,True,True,True,False,False,1,True,False,False,False,True,False
705,8312,28.94033564814815,0,0.6832160938062046,0.8283179012345678,1.1333333333333333,74.26666666666667,99.79547641963428,5.628789669226393,6.6833445755666645,1.912147712863545,1.1623669407536106,True,True,True,True,True,True,False,2,False,True,True,True,True,True
706,8617,29.99944444444445,8,0.9998814760310932,0.9124710648148148,1.0,26.525,99.53580132296624,6.65118181731436,100.3175939082258,0.1586578898259297,0.0920308734629263,True,True,True,True,False,False,True,1,False,True,False,False,True,False
707,8636,29.99944444444445,1,0.2117927492840646,0.0775879791504791,1.0,55.13333333333333,99.55998147290413,1.818021604601041,8.782803178628791,0.8675450495158693,0.5355742296918768,True,True,True,True,True,False,True,2,False,True,True,True,True,True
708,8633,29.99944444444445,4,28.25828850898641,34.558294663573086,94.86666666666666,98.35,59.63164600949844,8.745228088641422,11.674531638483916,11.437679857499155,5.320781659554392,False,False,False,False,False,False,False,0,False,False,False,False,False,True
709,8635,29.99944444444445,4,27.29903831475416,29.457865971798263,95.33333333333334,97.96666666666664,62.20034742327736,6.424020937411783,10.176727007792438,10.527768215185702,5.248203872946201,False,False,False,False,False,False,False,0,False,False,False,False,False,True
71,8614,29.99944444444445,1,1.1821586547497855,1.122304894179894,1.6666666666666663,29.866666666666664,99.94195495704666,9.184881170375345,10.84971136942927,19.69972541292776,12.396076123203477,True,True,True,True,False,False,False,0,False,True,False,False,False,True
710,8633,29.99944444444445,4,28.601165661484348,30.24993647110816,94.9,98.21666666666664,55.46160083400904,9.158982718397802,14.816547147075353,13.82533548796725,5.244357501964938,False,False,False,False,False,False,False,0,False,False,False,False,False,True
711,8633,29.99944444444445,4,27.39458839357484,29.16812307098765,95.46666666666664,98.1,60.45407158577552,7.492049013697798,12.126114620542976,11.069693071899724,4.854735792799039,False,False,False,False,False,False,False,0,False,False,False,False,False,True
712,8635,29.99944444444445,4,26.53609073066803,27.13055555555556,94.67166666666664,98.25,63.38158656629994,6.748709239219203,12.065710291767036,11.08932666317148,4.729093474241129,False,False,False,False,False,False,False,0,False,False,False,False,False,True
713,8634,29.99944444444445,4,30.871895185300765,25.459259259259262,95.25,97.91666666666666,56.833449154505445,8.130643875629792,12.780991292058005,12.935270527608958,5.783996049249699,False,False,False,False,False,False,False,0,False,False,False,False,False,True
714,8635,29.99944444444445,4,21.065199363462245,23.18985339506173,95.48333333333332,98.26666666666668,68.89403590040533,7.316418085704367,12.104225880276838,11.42836133691953,4.542508307493832,False,False,False,False,False,False,False,0,False,False,False,False,False,True
715,8636,29.99944444444445,4,20.043066493777182,22.34043209876544,95.05,97.98333333333332,68.66604909680407,5.519959260724887,12.738658064312302,10.182519292888678,4.027311070896063,False,False,False,False,True,False,False,1,False,False,False,False,False,True
716,8636,29.99944444444445,4,22.520467917266203,22.390547839506173,95.35,98.0,64.34691987031033,6.009134426098773,10.987247269096503,9.997843589558505,4.559347347495795,False,False,False,False,False,False,False,0,False,False,False,False,False,True
717,8635,29.99944444444445,4,8.161007012433618,7.908526234567902,11.266666666666667,36.35,0.6601042269832079,14.504897222270769,700.9694706785848,1073.225141203132,551.1960647076659,False,False,False,False,False,False,False,0,False,False,False,False,False,True
718,8637,29.99944444444445,2,37.95949945571776,17.206327160493828,91.53333333333336,92.43333333333334,0.0,16.769781529823675,54.63567517317952,481.9484498356416,242.5157609506776,False,False,False,False,False,False,False,0,False,False,False,False,False,True
719,8634,29.99944444444445,2,0.2474234928456609,0.1257540603248259,0.5,7.833333333333334,99.66411860088024,1.4129392861512986,11.904709083287958,0.1879298795560088,0.1670216259688114,True,True,True,True,True,False,True,2,False,True,True,True,True,True
72,20268,29.99944444444445,1,0.7164071793993345,0.0,5.333333333333334,21.73333333333333,91.91336096309452,19.78872172014359,1.7344389023526088,0.7544180937201955,0.1901958275700134,True,True,False,False,False,True,True,2,False,False,False,False,False,True
720,8637,29.99944444444445,8,0.0425135560186792,0.074488811728395,0.1083333333333333,2.1083333333333334,100.0,0.1525816767467606,2.0713384135579345,0.1563583034232565,0.055149219581314,True,True,True,True,True,True,True,3,False,True,True,True,True,True
721,8612,29.99944444444445,2,15.28607153671018,14.548628814213982,17.366666666666667,37.73333333333333,0.0,18.692174913446216,471.8975461258177,0.0630654296933906,0.0481615303723989,False,False,False,False,False,False,True,1,False,False,False,False,False,True
722,8616,29.99944444444445,2,1.818520072855031,1.5685142596600927,2.6,18.5,99.23398328690809,6.544237263857626,78.6148970416641,1.5475085112968106e-05,7.737542556484053e-06,True,True,True,True,False,False,True,1,False,True,False,False,True,False
723,8634,29.99944444444445,2,39.14495446707053,41.75582561728395,57.76666666666667,68.8,9.369932823720177,23.717061167073847,4582.868638471661,193.2160906552845,23.674119815016272,False,False,False,False,False,False,False,0,False,False,False,False,False,True
724,8636,29.99944444444445,1,0.0060500921547702,0.001003086419753,0.0,1.3333333333333337,100.0,0.082160943149554,0.2098143699232166,0.0,0.0,True,True,True,True,True,True,True,3,False,True,True,True,True,True
725,8636,29.99944444444445,1,0.5483262131826282,0.5732253086419752,2.2,80.06666666666666,99.86104678091708,5.09248165182533,22.396792593889053,5.587390048387617,3.498117306179488,True,True,True,True,True,False,False,1,False,True,False,False,False,True
726,8632,29.99944444444445,1,0.2528891665563352,0.2267395022899078,1.933333333333333,86.8,99.89573679332716,5.491759624798508,23.40527726572676,0.1356716666610086,0.0624025264201353,True,True,True,True,True,False,True,2,True,True,True,False,True,False
727,8635,29.99944444444445,2,0.0028256262491931,0.0006952491309385,0.0,0.8125,100.0,0.0781606332886813,0.2116765470905598,0.0,0.0,True,True,True,True,True,True,True,3,False,True,True,True,True,True
728,8614,29.99944444444445,1,3.5389919125582,3.515839947089947,4.0,20.133333333333333,99.81425586254936,7.928587506479801,870.4235740976511,86.94017600759533,3.109465718413362,False,False,True,True,False,False,False,0,False,False,False,False,False,True
729,8614,29.99944444444445,1,0.1059421539686225,0.1040233686067019,0.2,14.066666666666668,99.98839099140932,3.0855769358026763,1.0699766161398387,0.2837294216502481,0.0758587902307428,True,True,True,True,True,True,True,3,False,True,True,True,True,True
73,23687,29.99944444444445,1,0.0490982596441286,0.0,0.0,14.733333333333333,99.99155655000634,9.487241270024525,0.5382643081296351,0.0430587804843725,0.0267629219965944,True,True,True,True,False,True,True,2,False,True,True,True,True,True
730,8616,29.99944444444445,1,0.1519974837784726,0.1082947530864197,0.4,9.8,99.98839368616528,2.977584897787476,1.070275348748538,0.2798438929532244,0.0758926020590365,True,True,True,True,True,True,True,3,False,True,True,True,True,True
731,20256,29.99944444444445,1,0.0194066365385974,0.0,0.2,2.0,100.0,2.624394302544773,0.1578182204292986,0.0156267239649941,0.0012667224604428,True,True,True,True,True,True,True,3,False,True,True,True,True,True
732,8614,29.99944444444445,1,3.844089077859684,4.166743827160494,7.089999999999963,28.8,79.67262595774321,7.118712318793448,22.39221449293425,15.806605364168632,3.626078099853349,False,False,False,False,False,False,False,0,False,False,False,False,False,True
733,8615,29.99944444444445,1,1.502041630259854,2.3604607583774246,2.466666666666667,24.4,99.87231572838073,2.1128841767152795,4.557895979045138,1.4882002597905095,0.0196747091175413,True,False,True,True,True,True,True,3,False,False,False,False,False,True
734,8637,29.99944444444445,2,4.735122367855087,7.184058090828923,17.273333333333298,76.83333333333333,70.059048280653,7.40052610188289,107.2266003605184,12.907753827804193,7.343905342081793,False,False,False,False,False,False,False,0,False,False,False,False,False,True
735,8612,29.99944444444445,1,22.748244557475864,28.927314814814817,67.22999999999999,95.4,45.28564793311658,8.651764286057716,113.0869424039216,18.046073847322106,15.43874815899897,False,False,False,False,False,False,False,0,False,False,False,False,False,True
736,8616,29.99944444444445,1,10.97999778289646,10.178703703703704,21.883333333333333,95.42857142857144,54.80501392757661,5.846151383633472,34.25960305524198,2.9178838519367765,1.9611738990917265,False,False,False,False,False,False,False,0,False,False,False,False,False,True
737,8614,29.99944444444445,1,2.4341408240264752,2.114072145061728,3.1333333333333333,17.6,99.64012073368934,3.1059762046745574,5.160539789777078,0.105362256349022,0.0596050725839441,False,False,True,True,True,True,True,3,False,False,False,False,False,True
738,8619,29.99944444444445,1,4.027663173930143,5.469808201058201,5.666666666666666,40.0,78.55899756352245,7.281526445738994,9.851143314665766,2.2171357551448048,0.570942519019442,False,False,False,False,False,False,True,1,False,False,False,False,False,True
739,8616,29.99944444444445,8,0.7564597165833238,0.9274026850849768,0.9833333333333332,7.141666666666667,99.97678737233056,0.6567141921163896,21.09328125642541,5.358121857251383,3.798555126976088,True,True,True,True,True,False,False,1,False,True,False,False,False,True
74,8620,29.99944444444445,1,3.808549883990719,1.5850308641975308,12.066666666666668,95.0,76.16009280742459,14.58746908841351,18.164234232511497,3.872122927343345,3.1398222607503348,False,True,False,False,False,False,False,0,False,False,False,False,False,True
740,8619,29.99944444444445,32,1.685542412119052,0.7735325727513227,2.954166666666667,11.05,99.98839772595429,0.079966041797975,13.730679585204472,2.1720829572639526,0.7646730343562923,True,True,True,True,True,False,True,2,False,True,True,True,True,True
741,8618,29.99944444444445,1,3.552580700416625,4.824305555555556,5.142857142857143,40.266666666666666,89.71919238802506,5.201524142609622,14.437659942942492,3.33095141398402,0.7998899037452066,False,False,False,False,True,False,True,2,False,False,False,False,False,True
742,8617,29.99944444444445,8,1.1471092871047175,1.7953180114638447,1.8,4.941666666666666,100.0,1.042658585820776,25.985964174118404,8.55280216186274,5.287403649887693,True,True,True,True,True,False,False,1,False,True,False,False,False,True
743,8613,29.99944444444445,32,0.6624677453651462,0.7005837924132194,0.8604166666666667,11.935416666666669,99.98838964356206,0.0968587448950056,19.95175754428628,3.434432021788344,0.731936603200971,True,True,True,True,True,False,True,2,False,True,True,True,True,True
744,8614,29.99944444444445,1,2.0857516661034188,2.919483024691358,3.1333333333333333,29.066666666666663,99.44276758764802,5.248007972205987,15.357282764767673,3.5962271405038995,0.9536009420499784,False,False,True,True,True,False,True,2,False,False,False,False,False,True
745,8619,29.99944444444445,8,0.680093377821145,0.9628038194444444,0.9916666666666668,27.591666666666665,99.90718180763427,0.6495636561385181,27.449305285025787,8.337650999720266,4.767778003602925,True,True,True,True,True,False,False,1,False,True,False,False,False,True
746,8619,29.99944444444445,32,0.6454240729543658,0.7157074997244268,0.7625,1.6604166666666669,100.0,0.3389056304121237,21.68353792499285,4.980430169152759,1.5646689473525532,True,True,True,True,True,False,False,1,False,True,False,False,True,False
747,8616,29.99944444444445,8,0.7400126852990712,0.8520061728395063,0.9,12.783333333333331,99.94196843082636,0.7039526312179112,27.8401117143457,6.746217497296885,3.5365122825951523,True,True,True,True,True,False,False,1,False,True,False,False,False,True
748,8617,29.99944444444445,32,0.6517932480161033,0.8044136491402116,0.8666666666666667,9.391666666666666,99.98839503307416,0.07938313379579,20.676808087081383,3.907393594761588,1.4740005787412076,True,True,True,True,True,False,False,1,False,True,False,False,True,False
749,8617,29.99944444444445,1,1.9118158500687223,2.782078884335829,3.533333333333333,31.666666666666664,97.4817221770918,4.651207942864239,15.017270531036925,5.561276692824795,1.9682187376019336,True,False,True,True,True,False,False,1,False,False,False,False,False,True
75,8612,29.99944444444445,1,1.898888162206788,0.9807098765432096,2.6,95.0,99.70970738504413,12.66604557867296,18.72338674833449,2.304814214788669,1.4850293050217576,True,True,True,True,False,False,False,0,True,True,False,False,True,False
750,8613,29.99944444444445,8,1.433810569050903,1.4185943064274469,1.5333333333333334,73.11666666666667,98.2584465343086,1.3314282008188822,62.18317086083543,71.68952599318325,35.49239360720552,True,True,True,True,True,False,False,1,False,True,False,False,False,True
751,8619,29.99944444444445,32,0.7183848077513236,0.9922302138447971,1.0708333333333333,4.952083333333333,100.0,0.183567436119115,49.98511275242915,33.922381226114254,11.265201565654056,True,True,True,True,True,False,False,1,False,True,False,False,False,True
752,5198,18.12317129629629,1,2.8260123408185165,1.3826260288065844,13.807499999999983,112.19166666666666,93.26664101577528,5.755605188153811,979.2538301423256,10.613529806305875,6.702435272072633,False,True,False,False,True,False,False,1,False,False,False,False,False,True
754,8632,29.99944444444445,1,0.0157210413929598,0.0136841168091168,0.0,7.2,99.96524559777572,0.7669920896552199,1.2531271188650708,0.1074277880753784,0.0023941921532282,True,True,True,True,True,True,True,3,False,True,True,True,True,True
755,8617,29.99944444444445,1,0.0383998494767904,0.0232149754455664,0.2,3.6,100.0,3.907593799847812,0.6387640008824875,0.000440988743182,0.0,True,True,True,True,True,True,True,3,False,True,True,True,True,True
757,8634,29.99944444444445,1,0.1043256450136227,0.0718088624338624,0.0,84.53333333333335,99.76835765577948,2.924945357301959,4.608087075460251,1.5888701368895952,1.0745452640171196,True,True,True,True,True,True,True,3,False,True,True,True,True,True
758,8635,29.99944444444445,1,2.354622659718201,3.889373897707231,5.133333333333334,64.66666666666667,93.93167342211927,6.278289693739937,148.7520902606369,60.60319574268619,40.601957702594646,False,False,False,False,False,False,False,0,False,False,False,False,False,True
759,8632,29.99944444444445,1,1.104491041087427,1.2119598765432098,1.3333333333333337,13.4,99.51343836886004,1.244946757485356,143.66676171758422,42.459041661150096,1.1664509687100049,True,True,True,True,True,False,False,1,False,True,False,False,True,False
76,8613,29.99944444444445,1,1.3099032016656538,0.7774691358024691,2.0666666666666664,95.06666666666666,99.8374550098688,9.065000650242723,10.79758938218534,0.7847046654082531,0.6965334992677381,True,True,True,True,False,False,True,1,True,True,False,False,True,False
760,8633,29.99944444444445,1,1.5419098399059017,1.3586233565351895,4.666666666666667,84.66666666666666,95.47086760106568,8.675384324820422,50.47157717792202,3.973070636327904,2.334941227736316,True,True,True,True,False,False,False,0,True,True,False,False,False,True
761,8636,29.99944444444445,1,0.1328875835707702,0.1224757495590829,0.7333333333333333,13.0,99.96526169522927,3.232837921576376,4.422050172050172,0.1422242340028351,0.077146982629845,True,True,True,True,True,True,True,3,False,True,True,True,True,True
762,8637,29.99944444444445,1,0.3158258437174727,0.0588183421516754,1.0,13.266666666666667,99.96526571726294,3.217981104756832,3.981544476004359,0.133574819299029,0.0704477414446153,True,True,True,True,True,True,True,3,False,True,True,True,True,True
763,8635,29.99944444444445,4,19.569180207459016,19.51496913580247,19.866666666666667,23.15,0.0,25.10469435079796,4.576672163968052,0.133733020501984,0.0695803347395704,False,False,False,False,False,True,True,2,False,False,False,False,False,True
764,8635,29.99944444444445,1,2.27637722246871,2.2664349169563534,2.8,6.866666666666666,99.90735379270411,4.966062695381312,2.1176656464554555,0.1051225632117351,0.0721537485868696,False,False,True,True,True,True,True,3,False,False,False,False,False,True
765,8634,29.99944444444445,2,2.4650149426860684,2.4191964285714285,2.566666666666667,8.933333333333334,99.43247625665973,4.741544154984375,7.2569277790003985,0.0618593992551601,0.0341366471404692,False,False,True,True,True,True,True,3,False,False,False,False,False,True
766,8634,29.99944444444445,4,4.717437256637656,4.756896219135803,4.85,14.516666666666667,97.2550382209868,3.659383863388524,11.0952581341393,1.1937114618838038,1.1106568347360566,False,False,True,True,True,False,False,1,False,False,False,False,False,True
767,8635,29.99944444444445,1,19.506779566698498,18.560525392817063,19.866666666666667,31.066666666666663,0.3474232773595831,4.674003068921191,2.4914443171188974,61.99046329081072,51.90050375025476,False,False,False,False,True,True,False,2,False,False,False,False,False,True
768,8632,29.99944444444445,2,1.233375810936052,1.2381751543209871,1.5,5.5,99.98841519925855,5.522447875470493,17.583353147020315,1.9555455019571093,1.5982794449140605,True,True,True,True,True,False,False,1,False,True,False,False,True,False
769,8633,29.99944444444445,1,0.419940163508448,0.4278356481481482,0.4,11.285714285714286,99.9884165411792,3.0790390083974355,5.749743081287735,0.2005945494072448,0.1557398992502664,True,True,True,True,True,True,True,3,False,True,True,True,True,True
77,8614,29.99944444444445,1,1.2341103076940083,0.6868165784832451,1.4,95.0,99.67494775946136,11.656486374722409,22.30723545280661,0.7578901179696398,0.3896433823122933,True,True,True,True,False,False,True,1,True,True,False,False,True,False
770,8637,29.99944444444445,1,0.0002219134730423,0.0,0.0,1.0,100.0,2.3424040272086257,1.8695023262407773,0.0,0.0,True,True,True,True,True,True,True,3,False,True,True,True,True,True
771,8637,29.99944444444445,0,0.0813416254541645,0.2067157186948854,0.2,2.857142857142857,100.0,10.728333006568022,0.8732038666825052,3.7215302932565855e-05,2.7566891061159893e-05,True,True,True,True,False,True,True,2,False,True,True,True,True,True
772,8616,29.99944444444445,2,5.405854384318869,3.913773148148149,30.60833333333333,79.56666666666666,87.66248839368616,6.575535750503734,653.9518236290171,795.1853856449957,782.9644339411749,False,False,False,False,False,False,False,0,False,False,False,False,False,True
773,8614,29.99944444444445,2,0.5172146772042292,0.900270061728395,1.5,60.53333333333333,99.88390991409334,3.5965354715132807,24.95445922006173,4.874257852665097,4.161905867524627,True,True,True,True,True,False,False,1,False,True,False,False,False,True
774,8614,29.99944444444445,2,1.1172907890808983,1.1381668871252204,1.2666666666666666,103.0,99.0712793127467,8.620567910648738,33.876219084104505,4.925446670425774,2.4941056640905725,True,True,True,True,False,False,False,0,True,True,False,False,False,True
775,8616,29.99944444444445,2,6.370074317253982,8.339511684303352,11.5,97.53333333333336,33.61188486536676,12.423548196522798,238.1722853448393,23.789729195221884,10.767537140204272,False,False,False,False,False,False,False,0,False,False,False,False,False,True
776,8614,29.99944444444445,2,5.660658324339542,6.413016608729239,9.9,68.7,48.59530996052937,11.743037165248948,118.64008575783014,20.93566895529979,6.24083468771767,False,False,False,False,False,False,False,0,False,False,False,False,False,True
777,8614,29.99944444444445,2,0.8830308567422569,0.751850014697237,1.0666666666666669,69.43333333333334,99.40794056187602,2.986523899432893,25.502697971481343,2.596925079795988,1.1917977676684433,True,True,True,True,True,False,False,1,False,True,False,False,True,False
778,8612,29.99944444444445,2,0.6465390875574341,0.6128086419753087,1.1,61.3,99.96516488620529,2.39583656254764,5.996566346836319,2.551946460155935,1.0637602469523042,True,True,True,True,True,True,True,3,False,True,True,True,True,True
779,8615,29.99944444444445,2,2.465590671661478,1.6575038580246912,3.3,60.53333333333333,99.07138711549622,3.939833325183896,33.59440173774765,2.189831228293213,0.8984137117799335,False,True,True,True,True,False,True,2,False,False,False,False,False,True
78,8616,29.99944444444445,1,5.622552731945142,5.431198559670783,6.266666666666667,23.0,0.011606313834726,12.191343918486876,10.032816039126972,1.0998792190992748,1.0084746298012317,False,False,False,False,False,False,True,1,False,False,False,False,False,True
780,8612,29.99944444444445,2,1.5403621930270792,1.5154968824146111,2.0,7.633333333333334,99.96516488620529,1.8890099638171844,4.144131548703657,1.3520851303828545,0.6042814013668635,True,True,True,True,True,True,True,3,False,True,True,True,True,True
781,2026,7.0735879629629625,1,0.1894866732477788,0.1272927689594356,0.3,67.66666666666667,99.85192497532084,1.5636994897681915,8.7876233958539,0.9771973008893046,0.1212708811425494,True,True,True,True,True,False,True,2,False,True,True,True,True,True
782,8617,29.99944444444445,2,0.626126114289048,0.6192738509076864,0.7666666666666667,6.433333333333334,99.98839503307416,2.629779557382064,16.0949561443933,0.4932607069023454,0.1764149825133926,True,True,True,True,True,False,True,2,False,True,True,True,True,True
783,8613,29.99944444444445,2,1.1352432369673748,1.1064814814814814,1.6333333333333335,47.8,99.52397538604436,4.557226725741116,29.64879542551957,2.412109601764774,1.408951584813654,True,True,True,True,True,False,False,1,False,True,False,False,True,False
789,8621,29.99944444444445,2,0.1635095779409083,0.1554012345679012,0.3666666666666666,5.3,99.98840041758496,1.7967636118155872,2.701704288828752,4.292640893499263,1.4719069161129248,True,True,True,True,True,True,False,2,False,True,True,True,True,True
79,6610,23.02306712962963,0,1.150672742117523,1.044995590828924,1.142857142857143,92.0,99.63691376701966,7.73878277307287,26.94878718734619,0.5447454570979532,0.248520761470837,True,True,True,True,False,False,True,1,True,True,False,False,True,False
790,2849,9.893449074074072,1,1.3455843501298046,1.7693672839506174,1.4,64.8,99.26289926289928,4.233981428012491,43.8048350502896,5.64464532191805,2.784260988806443,True,True,True,True,True,False,False,1,False,True,False,False,False,True
791,8615,29.99944444444445,4,1.0576477213055857,1.0481433256172838,1.5,2.3,100.0,3.314140824043748,4.805593971386194,64.66234419478761,58.17588821638154,True,True,True,True,True,True,False,2,False,True,True,True,False,False
792,8621,29.99944444444445,4,1.3201011096933843,1.264084545855379,1.5,3.375,100.0,2.6458302313696174,6.88622632442375,7.30799376936716,4.972103004291847,True,True,True,True,True,True,False,2,False,True,True,True,False,False
793,8616,29.99944444444445,4,0.9907591740896058,0.9817690227887216,1.05,2.4375,100.0,2.589660493540117,4.754607019283204,6.675130588100643,4.654649262709848,True,True,True,True,True,True,False,2,False,True,True,True,False,False
794,8634,29.99944444444445,8,1.7793256622489162,1.990833057760141,2.0583333333333336,4.891666666666667,100.0,4.608644295695,66.15323066825847,2.8937693265090765,1.44453563063709,True,True,True,True,True,False,False,1,False,True,False,False,True,False
795,8634,29.99944444444445,2,1.015380448059392,0.9361331569664902,3.533333333333333,48.03333333333333,97.04656011118831,11.616427993058815,9.34448956379116,2.9226424664054966,2.638821496239842,True,True,True,True,False,False,False,0,False,True,False,False,False,True
796,8634,29.99944444444445,1,0.7886631128118271,0.6189464085297418,1.0,52.8,97.75306926106092,3.972529480156583,23.382641566988337,0.5151190751955173,0.1228360744344066,True,True,True,True,True,False,True,2,False,True,True,True,True,True
797,8614,29.99944444444445,1,0.0288003479377986,0.0001653439153439,0.0,3.0,100.0,1.895694609097718,0.408399613504675,0.0,0.0,True,True,True,True,True,True,True,3,False,True,True,True,True,True
798,8616,29.99944444444445,1,0.1356527254855945,0.0,2.0,3.0,100.0,1.1969218872777108,1.569546617109291,0.0,0.0,True,True,True,True,True,True,True,3,False,True,True,True,True,True
799,8621,29.99944444444445,2,0.6603176904679051,0.6323688271604937,0.9,13.633333333333333,99.91880292309476,6.399040373983821,8.25502084171612,0.0547583144149667,0.0165874028534972,True,True,True,True,False,False,True,1,False,True,False,False,True,False
8,16142,29.99944444444445,0,0.2413323937554206,0.0,0.0,92.36666666666666,99.6778590013629,2.1048007474287163,15.770883409738568,1.18823359352414,0.2461115929459381,True,True,True,True,True,False,True,2,True,True,True,False,True,False
80,8617,29.99944444444445,1,0.9264863526091331,0.8935185185185185,1.2,20.4,99.29209701752347,10.125611474931048,21.424345045564728,0.5060062859529031,0.3569067761246013,True,True,True,True,False,False,True,1,False,True,False,False,True,False
800,8621,29.99944444444445,1,1.389735198104297,1.4030092592592591,2.0,21.4,99.7912075165294,12.689585708354862,12.904606482718073,7.035112955713815,3.007330936086301,True,True,True,True,False,False,False,0,False,True,False,False,False,True
801,8620,29.99944444444445,4,2.258654706662248,2.2427083333333333,2.5,7.966666666666666,99.97679814385152,30.309066488497592,4.900770420608008,7.2739491598888355,3.683136882452428,False,False,True,True,False,True,False,1,False,False,False,False,False,True
802,8611,29.99944444444445,1,0.480135365801955,0.3921205098493626,1.1333333333333333,15.866666666666667,99.9767738938567,3.2917027682190367,1.429416349080151,0.4113961378303498,0.1076716658095127,True,True,True,True,True,True,True,3,False,True,True,True,True,True
803,8635,29.99944444444445,1,0.3364481776989015,0.1270998677248677,1.2,12.466666666666669,99.97683844817604,3.646067695474339,3.959155552033375,0.2272360548156726,0.1476080183086552,True,True,True,True,True,True,True,3,False,True,True,True,True,True
804,8615,29.99944444444445,0,1.1054170676167192,2.282137345679012,6.840476190476173,60.63333333333333,93.18630295995357,3.4354999074163204,10.932157012072857,0.4594634693996272,0.1627143054275961,True,False,False,False,True,False,True,2,False,False,False,False,False,True
805,8615,29.99944444444445,1,2.90246305574222,3.1686728395061725,10.133333333333333,73.06666666666666,87.63784097504353,4.31047562344619,19.617163471081057,2.4539027774315065,1.3318179209067196,False,False,False,False,True,False,False,1,False,False,False,False,False,True
806,8617,29.99944444444445,0,0.1112490812734517,1.110814986481267,0.5,97.56666666666666,99.84913542996402,4.763292861436269,7.0039302154655525,0.2847704150709837,0.1918378399288228,True,True,True,True,True,True,True,3,True,True,True,False,True,False
807,23688,29.99944444444445,4,0.1183004052684903,0.0,0.0,7.183333333333334,99.99155690645053,1.7563970000655562,0.532559383091298,0.1557666328942925,0.0960683327704604,True,True,True,True,True,True,True,3,False,True,True,True,True,True
808,8634,29.99944444444445,1,2.0475095516791137,2.042236384704519,2.2,5.933333333333334,99.97683576557796,5.284246607886049,2.30897341790323,0.6150979701969973,0.0943240702622217,False,False,True,True,True,True,True,3,False,False,False,False,False,True
809,20256,29.99944444444445,1,0.1492029796384061,0.0,1.0,12.333333333333332,99.98518957345972,3.114777227885817,0.4016709726610497,0.0207612010707389,0.003808062357381,True,True,True,True,True,True,True,3,False,True,True,True,True,True
81,8621,29.99944444444445,1,1.6177225048469683,1.7413580246913585,2.2666666666666666,16.866666666666667,99.94200208792483,12.023445114139196,10.123884921095222,3.3073280361906976,2.199830839423114,True,True,True,True,False,False,False,0,False,True,False,False,False,True
810,20265,29.99944444444445,2,0.2250620683152141,0.0,1.5,21.833333333333336,99.99013076733284,1.6411625760861788,0.5165551030650956,0.0077268982080232,0.0015079922407827,True,True,True,True,True,True,True,3,False,True,True,True,True,True
811,8616,29.99944444444445,0,0.0990886280231684,0.9881338183421516,0.5,98.64285714285714,99.84911792014856,2.7848444607933023,6.0187055091302994,0.1235221293717115,0.0488703187867533,True,True,True,True,True,True,True,3,True,True,True,False,True,False
812,8615,29.99944444444445,4,18.12642619496,8.395592206790123,41.09999999999988,103.5,26.279744631456765,4.684299769459059,86.08370127969665,730.415854153585,275.5127927950041,False,False,False,False,True,False,False,1,False,False,False,False,False,True
813,8613,29.99944444444445,1,0.0336197221254692,0.0,0.2666666666666666,2.0,100.0,3.151361357017432,1.0732325996693812,0.0111846433685514,0.0077634583381709,True,True,True,True,True,True,True,3,False,True,True,True,True,True
814,8612,29.99944444444445,4,3.2078188065095867,2.058762538580248,7.416666666666666,104.08333333333334,90.43195541105436,3.453021193580907,113.33530517516236,328.5235975435,141.56738994864864,False,False,False,False,True,False,False,1,False,False,False,False,False,True
815,8613,29.99944444444445,4,4.268207230898802,1.982889660493827,9.246666666666655,101.93333333333334,90.8278184140253,3.3381342112615924,100.3660056138374,493.5307587364711,193.15935895251465,False,True,False,False,True,False,False,1,False,False,False,False,False,True
816,8619,29.99944444444445,4,1.5457567843553748,1.0923032407407407,2.9,84.13333333333334,97.0646246664346,1.8190997011366656,26.932943743420594,161.04705616024793,78.934436902258,True,True,True,True,True,False,False,1,False,True,False,False,False,True
817,8615,29.99944444444445,4,2.8361785594620765,3.107166280864197,9.526666666666642,65.07142857142857,88.1369704004643,3.090041036131592,110.89500763310976,485.074618025297,243.2423265297932,False,False,False,False,True,False,False,1,False,False,False,False,False,True
818,8616,29.99944444444445,4,0.7155089288902834,0.4864927799823633,1.2333333333333334,20.766666666666666,99.80269266480964,0.9110430889531274,15.399576911598151,19.96470137691412,7.732327941711646,True,True,True,True,True,False,False,1,False,True,False,False,False,True
819,8614,29.99944444444445,4,3.064569943961052,3.574961419753086,9.766666666666666,55.13333333333333,88.98305084745762,2.5371565428920344,35.031632510808855,121.34234563066116,82.5927229517896,False,False,False,False,True,False,False,1,False,False,False,False,False,True
82,20284,29.99944444444445,1,0.0988282415343153,0.0,0.7333333333333333,14.533333333333331,99.985210017748,9.853576571353235,1.5254564924711345,0.0391049583701427,0.023779250094326,True,True,True,True,False,True,True,2,False,True,True,True,True,True
820,8617,29.99944444444445,4,3.116538465612244,1.91033950617284,4.083333333333333,102.25,95.28838342810722,2.024907024042736,21.429964162756896,213.76956674294203,60.67442127135176,False,True,True,True,True,False,False,1,True,False,False,False,False,True
821,8618,29.99944444444445,4,2.1561710974103643,2.9908547278338946,7.490833333333315,81.9,93.20027848688792,1.9559303891424016,43.29903512528832,299.3854501439614,195.74329189608247,False,False,False,False,True,False,False,1,False,False,False,False,False,True
822,8614,29.99944444444445,4,4.79825629411478,6.688387345679013,23.11749999999997,74.9,83.23659159507778,3.6049047660664857,119.35669118565563,142.02599852486085,60.66236842640372,False,False,False,False,True,False,False,1,False,False,False,False,False,True
823,8618,29.99944444444445,4,6.194759494843621,3.906365740740741,19.7525,92.28333333333336,56.68368530981667,4.38348262895008,313.2108039809653,1546.4912455002643,685.484995282431,False,False,False,False,True,False,False,1,False,False,False,False,False,True
824,8615,29.99944444444445,2,3.033218500078628,5.731865585168019,13.0,84.56666666666666,90.70226349390596,2.295514399480342,33.12389001853889,5.968543702702146,1.8124556616402232,False,False,False,False,True,False,False,1,False,False,False,False,False,True
825,8612,29.99944444444445,4,4.92649788395405,6.677188051146384,7.083333333333334,26.03333333333333,51.89270784951231,3.796864669881989,15.555027795912606,7.276882763015484,2.332171074397038,False,False,False,False,True,False,False,1,False,False,False,False,False,True
826,8617,29.99944444444445,4,15.61372117898606,32.406076388888884,32.68333333333334,59.23333333333333,53.63815713125217,1.4161227233435705,56.66392200149598,12.872882768528005,7.413885344214925,False,False,False,False,True,False,False,1,False,False,False,False,False,True
827,8614,29.99944444444445,4,46.33796729819339,59.824461254409165,80.83333333333333,89.65,2.507545855583933,5.148402975181711,178.22010004803133,29.06532398347467,7.170780493917247,False,False,False,False,True,False,False,1,False,False,False,False,False,True
828,8614,29.99944444444445,4,3.1599592005007606,2.916455853174603,7.733333333333333,32.88333333333333,90.79405618760158,3.0145533920684144,19.94478337717541,3.054690762375926,1.3903438775449457,False,False,False,False,True,False,False,1,False,False,False,False,False,True
829,8615,29.99944444444445,4,0.9342146494119796,0.6664627425044093,1.1666666666666667,21.8,99.65177016831107,2.91969007416077,12.2996700745569,1.244544122930658,0.1433629052317386,True,True,True,True,True,False,True,2,False,True,True,True,True,True
830,8619,29.99944444444445,1,1.1195641964872731,1.133333333333333,1.1333333333333333,17.666666666666668,99.97679545190856,2.407737203627528,5.753825159255023,0.038883087751866,0.0020110608345902,True,True,True,True,True,True,True,3,False,True,True,True,True,True
831,8614,29.99944444444445,1,0.0077100401340011,0.0,0.0,12.0,99.965172974228,3.527183806757789,0.675101993432618,0.0437853107344632,0.00696927482393,True,True,True,True,True,True,True,3,False,True,True,True,True,True
832,8616,29.99944444444445,2,0.5030461047000044,0.5208188489764387,0.6,7.2,99.98839368616528,1.0905292040263277,2.5308092364150863,0.1074711500198965,0.0365112525976035,True,True,True,True,True,True,True,3,False,True,True,True,True,True
833,8635,29.99944444444445,4,4.384376928723339,0.3139436075704905,5.666666666666666,33.35,23.12680949623625,1.8650381611552207,5.8831521563426605,1.6477167277167275,1.0240337369636732,False,True,False,False,True,True,True,3,False,False,False,False,False,True
834,8637,29.99944444444445,4,4.38573563848833,0.3108024691358024,5.65,27.633333333333336,23.109876114391568,1.9054106663064765,5.820526545161835,1.6423637096440151,1.0220091442911865,False,True,False,False,True,True,True,3,False,False,False,False,False,True
835,8630,29.99944444444445,1,2.942566001334831,3.040100127759456,3.1333333333333333,11.133333333333333,98.79490150637312,12.341131281850693,12.741115206089134,5.4312073879513045,2.336480457870956,False,False,True,True,False,False,False,0,False,False,False,False,False,True
836,8636,29.99944444444445,1,3.676067480522668,3.49320987654321,7.133333333333334,85.0,74.74525243168134,5.790169952890371,13.796891150188394,7.229229004938245,4.460695568905388,False,False,False,False,True,False,False,1,False,False,False,False,False,True
837,8636,29.99944444444445,1,0.0114633619815416,0.0112001424501424,0.0,3.4,100.0,1.307036901832713,0.980126381261166,0.0,0.0,True,True,True,True,True,True,True,3,False,True,True,True,True,True
838,8635,29.99944444444445,4,1.019127305815204,1.022559799382716,1.1,3.283333333333333,100.0,6.410505753596334,10.984822014503544,0.0033738660490252,0.0024705655278903,True,True,True,True,False,False,True,1,False,True,False,False,True,False
839,8614,29.99944444444445,1,0.3810821215133961,0.6187951773988853,1.0,16.0,99.98839099140932,2.3125720839752435,2.350303032944663,1.8195769967333704,1.5122518002596943,True,True,True,True,True,True,False,2,False,True,True,True,True,True
84,8617,29.99944444444445,1,1.1950625374264692,1.15040233686067,1.4,17.333333333333332,99.96518509922248,10.41207279209367,8.4593492993023,0.3341827086430776,0.2855058507054561,True,True,True,True,False,False,True,1,False,True,False,False,True,False
840,8634,29.99944444444445,2,25.7850181813785,25.81135912698413,27.31166666666668,29.73333333333333,0.0,0.0008191321726006,0.0,0.0,0.0,False,False,False,False,True,True,True,3,False,False,False,False,False,True
841,8634,29.99944444444445,2,0.0756185402120079,0.0354717813051146,0.5,8.366666666666667,99.93050729673384,3.9561856301011904,6.095001834317332,0.0336228862636089,0.0220942674035099,True,True,True,True,True,True,True,3,False,True,True,True,True,True
842,23692,29.99944444444445,2,0.068504136417356,0.0,0.0,3.5,100.0,8.16593738911091,3.5085619618436605,0.0043692667004333,0.0022366903033372,True,True,True,True,False,True,True,2,False,True,True,True,True,True
843,8636,29.99944444444445,2,29.72295976227339,28.086653169156065,34.56666666666666,39.23333333333333,0.0,0.0003060009514179,0.0,0.0,0.0,False,False,False,False,True,True,True,3,False,False,False,False,False,True
844,23691,29.99944444444445,1,0.049814643964321,0.0,0.0,6.0,99.99577898780127,11.677807357282507,1.3027284153851204,2.8140081324835e-06,0.0,True,True,True,True,False,True,True,2,False,True,True,True,True,True
845,8636,29.99944444444445,1,3.30729978393538,3.475273664149678,6.0,43.6,87.67948124131543,6.897707438750752,779.6681175705695,321.7309542507696,268.5830024958702,False,False,False,False,False,False,False,0,False,False,False,False,False,True
846,8635,29.99944444444445,2,22.665125186207987,13.477744708994708,47.476666666666645,64.3,0.0926462072958888,14.575453776203908,28.127648826757103,366.2220509144076,66.5668030483317,False,False,False,False,False,False,False,0,False,False,False,False,False,True
847,8618,29.99944444444445,1,0.0163613558252685,0.0161265432098765,0.0,4.333333333333333,100.0,3.2384040075346827,1.0280275318915373,0.0,0.0,True,True,True,True,True,True,True,3,False,True,True,True,True,True
848,8612,29.99944444444445,1,2.3925596916888137,3.464506172839506,4.266666666666667,101.0,95.66883418485834,7.18213273550054,171.91912163576987,172.82400772029484,166.84525187616222,False,False,True,True,False,False,False,0,True,False,False,False,False,True
849,8634,29.99944444444445,1,1.0149240102419397,1.001543209876543,1.0,11.733333333333333,99.8725967106787,0.6834057911115108,7.687385373808237,6.204208169253339,6.148498185468303,True,True,True,True,True,True,False,2,False,True,True,True,False,False
85,8618,29.99944444444445,1,1.067972887327726,1.0447007275132276,1.2666666666666666,10.733333333333333,99.95358551868183,10.129115245693564,8.20469878809981,0.2288310532972867,0.1913513596328634,True,True,True,True,False,False,True,1,False,True,False,False,True,False
850,8634,29.99944444444445,2,6.01021542384468,6.554891424162257,11.102500000000004,56.53333333333333,32.22145008107482,50.21012520781412,1594.0766530875376,186.21534526041995,170.67922586769006,False,False,False,False,False,False,False,0,False,False,False,False,False,True
851,8633,29.99944444444445,2,0.6933009142742144,0.5668272506814174,1.6333333333333335,8.466666666666667,99.9884165411792,5.161781523260339,221.18713124623287,0.533876625388846,0.4313613211505022,True,True,True,True,True,False,True,2,False,True,True,True,True,True
852,8635,29.99944444444445,1,1.24245041196981,1.3389017788089712,2.0,25.73333333333333,99.65257672264042,19.03504772949078,126.519592594885,4.006558003535421,2.324943379981017,True,True,True,True,False,False,False,0,False,True,False,False,False,True
853,8635,29.99944444444445,1,1.1739205602349785,1.139618945868946,1.2666666666666666,37.4,99.39779965257672,2.901907557695641,59.00438291779635,2.676331608943073,2.568201776991586,True,True,True,True,True,False,False,1,False,True,False,False,False,True
854,8635,29.99944444444445,2,2.4068029246054725,1.60452988620042,8.0,52.26666666666667,87.26114649681529,4.749569722515956,40.8171584630386,9.49676539313482,5.363758827224374,False,True,False,False,True,False,False,1,False,False,False,False,False,True
855,8637,29.99944444444445,2,3.811923625144361,2.6418525533108865,11.739999999999965,59.43333333333333,77.80479333101772,5.819342323703904,53.02760763319117,12.839193606169989,7.36356554757041,False,False,False,False,True,False,False,1,False,False,False,False,False,True
856,8635,29.99944444444445,1,2.1293639352990827,2.0813731600189933,3.8,14.866666666666667,95.52982049797336,31.83912479097961,31.0498538005776,7.342167043854941,1.483999235982444,False,False,True,True,False,False,False,0,False,False,False,False,False,True
857,8634,29.99944444444445,1,0.0818558285201787,0.0314771848414539,0.6666666666666667,12.0,99.8725967106787,5.305809226713828,2.8791053726599247,5.84671287197347,3.742582603353972,True,True,True,True,True,True,False,2,False,True,True,True,False,False
858,8636,29.99944444444445,2,2.992248599465482,3.3755366109363787,9.633333333333333,58.0,91.91755442334414,11.400415687285872,440.891366355198,13.72367811476774,2.780157874779228,False,False,False,False,False,False,False,0,False,False,False,False,False,True
859,8619,29.99944444444445,1,0.958687734897272,0.4309027777777778,1.2666666666666666,102.4,97.29667014734888,10.116016990480844,58.02582202543044,0.952314002018144,0.2665738413911055,True,True,True,True,False,False,True,1,True,True,False,False,True,False
86,8618,29.99944444444445,1,1.40136701698549,1.211587485515643,2.0,19.8,99.94198189835228,8.46147110855662,10.836108383764453,23.31348710467996,10.739819544577028,True,True,True,True,False,False,False,0,False,True,False,False,False,True
860,8619,29.99944444444445,2,13.729875280480048,14.19774994488536,14.633333333333333,108.86666666666666,0.0,10.0891000326689,33.88085663804424,2.349918912545087,0.3657889125866849,False,False,False,False,False,False,True,1,False,False,False,False,False,True
861,8619,29.99944444444445,1,3.719410494366986,3.3053167254556146,4.367272727272707,17.866666666666667,98.79336349924586,5.899523322044639,9.727417299476125,20.62086759136881,8.456253311474335,False,False,True,True,False,False,False,0,False,False,False,False,False,True
862,8619,29.99944444444445,1,1.2400458876442166,1.027792934303351,2.0,18.666666666666668,99.8259658893143,3.4755980446075023,3.2771499104600395,1.5254360521328847,0.7660285415941525,True,True,True,True,True,True,True,3,False,True,True,True,True,True
863,8616,29.99944444444445,1,1.382205839657093,1.32255658436214,2.0,15.2,99.84911792014856,2.4949442107722994,3.37377580314558,0.8575788272776433,0.5412838602514786,True,True,True,True,True,True,True,3,False,True,True,True,True,True
864,8616,29.99944444444445,2,14.95469391268486,10.06797839506173,31.666666666666664,102.63333333333334,0.0,6.671382669324882,154.10245925924897,126.77883103723111,39.17881106983649,False,False,False,False,False,False,False,0,False,False,False,False,False,True
865,8614,29.99944444444445,2,6.827886427963338,5.604969962522046,16.4,87.96666666666665,64.02368237752496,36.46567127625036,3074.7009713514817,111.74799591193836,79.01173180198023,False,False,False,False,False,False,False,0,False,False,False,False,False,True
866,8616,29.99944444444445,1,1.2560994338762446,1.264488260582011,2.0,14.133333333333333,99.94196843082636,1.7422171745914552,4.578208281968728,0.0,0.0,True,True,True,True,True,True,True,3,False,True,True,True,True,True
867,8636,29.99944444444445,4,6.130794944209719,5.638773148148148,10.1,46.3125,32.225567392311255,7.390911455980476,37472.72730117137,384.3578871552384,373.5222381640283,False,False,False,False,False,False,False,0,False,False,False,False,False,True
868,8634,29.99944444444445,1,2.0880901142714903,2.1525958994709,3.666666666666667,29.666666666666664,96.7685892981237,9.453802606873744,658.4348326505554,14.100226472238283,0.435720423889291,False,False,True,True,False,False,True,1,False,False,False,False,False,True
869,8637,29.99944444444445,4,6.627379452105919,3.9679811507936495,28.1,35.18333333333334,73.47458608313072,6.828189092737542,1750.696450809042,160.4860777770208,112.04159188071137,False,False,False,False,False,False,False,0,False,False,False,False,False,True
87,8532,29.71469907407408,0,1.2940693858415375,12.793742757821548,21.2,21.2,93.89357712142522,84.40281998856054,229.959748174938,64.89245306186235,1.826926082200344,True,False,False,False,False,False,False,0,False,False,False,False,False,True
870,8636,29.99944444444445,1,3.011653363233956,2.811702935920781,6.133333333333334,24.866666666666664,91.44279759147751,10.660176158360615,318.2366170651951,51.4810048393015,1.1655142969582524,False,False,False,False,False,False,False,0,False,False,False,False,False,True
871,8634,29.99944444444445,4,5.491319230951789,5.558596505731923,36.16166666666668,49.28333333333333,87.14384989576095,5.863376418451542,14533.425246244376,1816.2379261271635,1490.932975903398,False,False,False,False,False,False,False,0,False,False,False,False,False,True
872,8637,29.99944444444445,1,5.889515759991619,6.335989858906525,20.0,55.86666666666667,72.38624522403613,5.628771992502973,166.37219286348324,21.867845978266264,1.0947595340092735,False,False,False,False,True,False,True,2,False,False,False,False,False,True
873,8632,29.99944444444445,2,2.594393646012622,2.596661971052922,3.333333333333333,26.666666666666664,99.55977757182578,1.7213900072169188,40.83906532724304,0.7512627432808155,0.2917604483869543,False,False,True,True,True,False,True,2,False,False,False,False,False,True
874,8636,29.99944444444445,1,0.6024364434392225,0.3810185185185186,1.2,18.0,99.25891616489116,8.017544000278694,18.77012441009662,0.3757963994473952,0.2146861906299145,True,True,True,True,False,False,True,1,False,True,False,False,True,False
875,8637,29.99944444444445,2,3.331747108236341,3.313503086419753,4.033333333333333,41.0,97.16336690980664,18.23653501818629,337.42551938368194,36.48174212804293,27.38417104424399,False,False,True,True,False,False,False,0,False,False,False,False,False,True
876,8637,29.99944444444445,2,2.1131545907683456,2.147225922225922,2.733333333333333,8.8,99.59476670140094,10.836634898951662,13.638632093981172,0.9798468567311914,0.8824595088315129,False,False,True,True,False,False,True,1,False,False,False,False,False,True
877,8636,29.99944444444445,2,2.52539407770707,2.1028222934472933,3.333333333333333,18.666666666666668,98.08939323761,17.67110509291645,22.932579346827843,2.792252264872691,1.436707973206352,False,False,True,True,False,False,False,0,False,False,False,False,False,True
878,8634,29.99944444444445,1,1.9735100378863413,1.9465804883438296,2.666666666666667,16.266666666666666,98.83020616168636,19.86872491114922,27.38318615951521,0.7352431751580465,0.6908046596545555,True,True,True,True,False,False,True,1,False,True,False,False,True,False
879,8634,29.99944444444445,2,3.619103173099003,3.3650462962962964,4.433333333333334,88.26666666666667,97.41718786194116,9.094037881430989,728.386353233478,22.34654167352221,20.00243330331933,False,False,True,True,False,False,False,0,True,False,False,False,False,True
88,8635,29.99944444444445,1,0.3887112125473446,0.2954816017316017,1.0,30.933333333333334,99.94209612044008,7.7844182244274975,9.497647870047984,0.4484932165563317,0.3563330342050666,True,True,True,True,False,False,True,1,False,True,False,False,True,False
880,8636,29.99944444444445,2,3.700744108832344,3.6998732363315696,4.4,12.6,98.65678554886522,5.802698308319464,693.2779025741769,4.907395148467404,0.4362100960641952,False,False,True,True,True,False,True,2,False,False,False,False,False,True
881,8637,29.99944444444445,2,2.8294187658854204,2.9304308586860666,4.533333333333333,11.133333333333333,96.88549264791016,17.254928867649905,45.742960518698624,70.79472190520298,50.74704221042359,False,False,True,True,False,False,False,0,False,False,False,False,False,True
882,8635,29.99944444444445,2,2.655569338015777,3.1162528058361394,3.766666666666667,27.1,97.498552403011,11.777793487075574,60.30999157022608,51.14267739594897,24.924990543137618,False,False,True,True,False,False,False,0,False,False,False,False,False,True
883,8636,29.99944444444445,2,1.297221608482609,1.3285356040564376,1.5666666666666669,89.5,98.64520611394164,10.182826599952206,32.86753065523329,5.061577780718586,2.9549140916209,True,True,True,True,False,False,False,0,True,True,False,False,False,True
884,8637,29.99944444444445,2,4.550824939215005,3.999396494708995,7.633333333333334,34.13333333333333,88.02825054995948,11.78508008833442,1874.4789068093603,1001.4691284218462,963.0822693679676,False,False,False,False,False,False,False,0,False,False,False,False,False,True
885,8633,29.99944444444445,2,4.61685032054834,4.151135361552028,6.6,21.166666666666664,71.66685972431368,6.938811818477438,1251.3904014556947,18.67676402615879,0.8436292355468772,False,False,False,False,False,False,True,1,False,False,False,False,False,True
886,8632,29.99944444444445,1,0.486358351256405,0.3953703703703703,0.7333333333333333,13.8,99.96524559777572,7.3499140423204015,9.178042419235076,0.168144186868121,0.1366909011979678,True,True,True,True,False,False,True,1,False,True,False,False,True,False
887,8636,29.99944444444445,1,0.0994138600322018,0.0290123456790123,0.6666666666666667,8.6,99.65261695229272,1.2045344522733328,0.3883169439792876,0.0003165045545777,0.0002547475683186,True,True,True,True,True,True,True,3,False,True,True,True,True,True
888,8636,29.99944444444445,1,1.0881770364111727,1.06875,1.8,13.666666666666668,99.94210282538212,0.8276001582118885,1.494141491003464,12.3482919989665,11.911169276595976,True,True,True,True,True,True,False,2,False,True,True,True,False,False
889,8632,29.99944444444445,1,4.421241835473762,1.2619929453262786,2.733333333333333,128.93333333333334,96.10750695088043,6.242283589445388,898.882778906296,971.9589252614854,34.282200781146564,False,True,True,True,False,False,False,0,True,False,False,False,False,True
89,8632,29.99944444444445,1,0.4018544959057007,0.5061358494730454,0.8,15.266666666666667,99.96524559777572,7.628854418258867,9.036543253819088,0.3794677920807438,0.3056315244713066,True,True,True,True,False,False,True,1,False,True,False,False,True,False
890,8632,29.99944444444445,4,5.863605934727923,5.999074074074074,22.724166666666648,56.73333333333333,74.35125115848007,7.114522246229376,5298.078531348557,187.0493782823602,106.73399532194712,False,False,False,False,False,False,False,0,False,False,False,False,False,True
891,8636,29.99944444444445,1,2.1567910098624545,2.009567901234568,3.066666666666667,18.6,99.79157017137564,0.7855265227409923,288.14688753426594,24.61989708801311,0.4775801992511116,False,False,True,True,True,False,True,2,False,False,False,False,False,True
892,8634,29.99944444444445,4,13.792604542396065,15.78568672839506,29.766666666666666,65.81666666666666,0.0810748204771832,5.943393795983989,72359.86630280575,483.0894012596932,441.66398237312063,False,False,False,False,False,False,False,0,False,False,False,False,False,True
893,8637,29.99944444444445,1,2.0022938480736325,1.7418209876543211,2.6,18.53333333333333,99.74528192659488,0.8740919356100785,188.0698753287673,9.618106226425088,0.2568784154751504,False,True,True,True,True,False,True,2,False,False,False,False,True,False
894,8633,29.99944444444445,4,5.632188374195787,9.519020061728396,23.466666666666665,46.13333333333333,74.59747480597706,6.111793198833393,13041.619365718649,1744.1141715344772,1377.452460381813,False,False,False,False,False,False,False,0,False,False,False,False,False,True
895,8636,29.99944444444445,1,6.836766205849115,6.827065055454395,55.81666666666666,76.73333333333333,88.03844372394627,14.821752953894045,4775.189165136624,1545.6097344796628,32.91290782997302,False,False,False,False,False,False,False,0,False,False,False,False,False,True
896,8636,29.99944444444445,1,4.006169642847503,4.095679012345678,24.866666666666664,42.33333333333333,89.20796665122742,15.288803424430052,4375.218928911523,1399.6003534041224,2.7470935207039884,False,False,False,False,False,False,False,0,False,False,False,False,False,True
897,8634,29.99944444444445,2,1.5693112680951458,2.169177288528389,2.2,6.9,99.98841788278897,3.1804431472476207,10.021870776188011,0.0461685253207143,0.0092381172992708,True,False,True,True,True,False,True,2,False,False,False,False,False,True
898,8637,29.99944444444445,1,1.1294579797879556,1.117146164021164,1.1333333333333333,66.4,98.92323723515108,3.193219323001073,15.264765547832583,0.6028300170363387,0.2538690131604338,True,True,True,True,True,False,True,2,False,True,True,True,True,True
899,8634,29.99944444444445,2,0.9977074861282644,1.1299620132953463,1.3,36.4,98.6333101690989,2.1645529734230378,8.935214917311859,3.138789719340449,2.168200731204553,True,True,True,True,True,False,False,1,False,True,False,False,False,True
9,16141,29.99944444444445,0,0.2416896412861656,0.0,0.0,92.23333333333332,99.67783904342976,2.01088398861323,15.893583627614976,1.197451624228156,0.253166883505772,True,True,True,True,True,False,True,2,True,True,True,False,True,False
90,8636,29.99944444444445,1,0.4702250871715902,0.3821268341546442,1.2,14.0,99.96526169522927,7.364474917197338,8.360682948362431,0.1366136218266834,0.0604887624341074,True,True,True,True,False,False,True,1,False,True,False,False,True,False
900,8633,29.99944444444445,1,0.8460362883188088,0.2789636504253673,1.0666666666666669,62.6,99.00382254141088,3.182744099693677,12.448961906916846,0.0850376504841928,0.0216528789562497,True,True,True,True,True,False,True,2,False,True,True,True,True,True
901,8636,29.99944444444445,1,2.95805353040763,2.939891975308642,4.0,80.33333333333333,98.81889763779527,5.300402944887159,8.872720621203715,3.071274884924144,0.8003162789811701,False,False,True,True,True,False,True,2,False,False,False,False,False,True
902,8637,29.99944444444445,1,2.2352983790809424,2.178858024691358,3.2,118.66666666666666,97.0244297788584,24.24454369674085,89.79476298693909,16.890396797829933,0.7922393688284622,False,False,True,True,False,False,True,1,True,False,False,False,False,True
903,8618,29.99944444444445,2,3.9341385470142143,4.285513117283951,11.504999999999988,77.5,89.68438152703644,6.069426426669495,44.28659364603319,7.419471282243967,4.433289306165843,False,False,False,False,False,False,False,0,False,False,False,False,False,True
904,8634,29.99944444444445,1,1.1545077583472303,1.0644675925925926,1.8666666666666665,14.8,99.86101459346769,2.8360999921926044,10.07741057105199,0.0697315154924606,0.046946733291417,True,True,True,True,True,False,True,2,False,True,True,True,True,True
905,8640,29.99944444444445,2,0.3933757716049383,0.3533179012345679,0.5,16.3,99.93055555555556,0.2295320773449319,0.0045447530864197,0.0455555555555555,0.017199074074074,True,True,True,True,True,True,True,3,False,True,True,True,True,True
906,8619,29.99944444444445,1,1.272793227257202,1.252854938271605,1.6,27.2,99.88397725954286,6.460606518206565,0.0289463427472477,81.82259718115095,40.49479409640392,True,True,True,True,False,True,False,1,False,True,False,False,False,True
907,8620,29.99944444444445,1,0.1471180553141109,0.1298584806397306,0.6,10.4,99.91879350348027,6.403466397104096,0.0262839867016201,38.32907441842767,18.967182266689225,True,True,True,True,False,True,False,1,False,True,False,False,False,True
908,8635,29.99944444444445,1,0.0050528028235034,0.0218364197530864,0.0,10.8,99.95367689635204,3.814104610183077,1.1721626414504236,6.565457993078143,3.4173338878839745,True,True,True,True,True,True,False,2,False,True,True,True,False,False
909,8634,29.99944444444445,1,2.158861383835324,1.881346450617284,4.410000000000011,67.13333333333333,96.53694695390315,4.7464381671012825,0.3969350129704542,540.9301465209821,270.4963150585805,False,True,True,True,True,True,False,2,False,False,False,False,False,True
91,8635,29.99944444444445,1,0.5305344202217394,1.0156365239698573,1.0666666666666669,13.8,99.96525767226404,7.644969024465812,9.622103995213434,0.4257278911013711,0.3242021132698607,True,True,True,True,False,False,True,1,False,True,False,False,True,False
910,8616,29.99944444444445,1,0.6329388568333554,0.0078703703703703,3.2,4.0,100.0,9.656807046830028,2.724672101987562,1.014596498492738,0.5503343652891006,True,True,True,True,False,True,True,2,False,True,True,True,False,False
911,8614,29.99944444444445,1,1.3632563821906754,0.0397395574684103,4.0,10.0,99.97678198281866,7.391863679570069,2.7723423662476367,2.060239698386901,1.0808313155770783,True,True,True,True,False,True,True,2,False,True,True,True,False,False
912,8617,29.99944444444445,1,0.001214653204905,0.0081018518518518,0.0,3.2,100.0,8.733145842973906,0.9045319237903664,0.0739918875755013,0.0414561654610395,True,True,True,True,False,True,True,2,False,True,True,True,True,True
913,8619,29.99944444444445,1,1.3040364863894276,0.015432098765432,4.0,4.533333333333333,100.0,6.284223797235712,0.985300471273322,0.1766385449643368,0.0888375073895435,True,True,True,True,False,True,True,2,False,True,True,True,False,False
914,8616,29.99944444444445,1,0.0065536985453419,0.0,0.0,5.4,99.98839368616528,7.869526510297169,2.6190429257629813,2.888516512567697,1.601611934890138,True,True,True,True,False,True,False,1,False,True,False,False,True,False
915,8614,29.99944444444445,1,0.0259732218868508,0.0682098765432098,0.0,6.066666666666666,99.98839099140932,7.857318920255793,2.628243459581978,10.517093913361617,5.397827884135058,True,True,True,True,False,True,False,1,False,True,False,False,False,True
916,8615,29.99944444444445,1,0.0607095690148504,0.0797839506172839,0.2,23.53333333333333,99.87231572838073,3.0831868884448306,0.037122299252305,41.35746829587514,21.04378020863511,True,True,True,True,True,True,False,2,False,True,True,True,False,False
917,8617,29.99944444444445,1,20.340165334774827,20.123236331569665,30.933333333333334,59.0,0.0696298015550655,4.955751409039315,0.0366792727213987,2837.732526418432,1456.4271322439245,False,False,False,False,True,True,False,2,False,False,False,False,False,True
918,8611,29.99944444444445,1,0.092978645182222,0.2422067901234567,0.7333333333333333,14.933333333333332,99.9767738938567,2.406769628852839,0.0380176334072513,20.099247880469573,10.20296835965748,True,True,True,True,True,True,False,2,False,True,True,True,False,False
919,8613,29.99944444444445,1,0.1906795953121275,0.3056327160493827,1.3333333333333337,45.22222222222223,99.60524788110996,5.827052781881726,0.0876695298586625,102.06712030084547,51.89360169610953,True,True,True,True,True,True,False,2,False,True,True,True,False,False
92,8634,29.99944444444445,1,1.9594757609003608,1.978510802469136,2.1333333333333333,16.0,99.96525364836693,8.809181822343822,9.740978847806504,0.0470438024642333,0.0143662375768004,True,True,True,True,False,False,True,1,False,True,False,False,True,False
920,8617,29.99944444444445,1,0.0009584113100418,0.0,0.0,0.6666666666666667,100.0,1.9705732934346825,0.0353822547161296,1.426178386878166,0.7365639482820636,True,True,True,True,True,True,True,3,False,True,True,True,True,True
921,8634,29.99944444444445,1,0.0064619941096661,0.011574074074074,0.0,0.9333333333333332,100.0,4.42245407422736,0.135383711339236,9.266578701585653,4.608885246480798,True,True,True,True,True,True,False,2,False,True,True,True,False,False
922,8617,29.99944444444445,1,0.0335435959086881,0.030372299382716,0.0,9.133333333333333,99.90716026459324,2.539347615474465,0.0367499140447962,42.00975448609776,21.419799139843818,True,True,True,True,True,True,False,2,False,True,True,True,False,False
923,8619,29.99944444444445,1,2.303335962229105,0.3666666666666666,17.2,58.33333333333333,90.1496693351897,8.8660293963628,1.690772023673172,1130.466064346181,565.3772249955507,False,True,False,False,False,True,False,1,False,False,False,False,False,True
924,8612,29.99944444444445,1,0.0841455217384153,0.0244915674603174,0.0,49.11111111111112,99.51230840687413,8.092034791643247,1.3678069862608877,14.071586145959111,6.8731095709265695,True,True,True,True,False,True,False,1,False,True,False,False,False,True
925,8616,29.99944444444445,1,0.0578432847844407,0.0145351080246913,0.0666666666666666,9.066666666666666,99.9535747446611,6.35844560318612,0.058556616704249,24.7235475952398,12.315159886538716,True,True,True,True,False,True,False,1,False,True,False,False,False,True
926,8616,29.99944444444445,1,0.0541223883668173,0.0081018518518518,0.0,8.933333333333334,99.96518105849582,6.88523874886755,0.0551743540427384,14.518586055180764,7.284864642411648,True,True,True,True,False,True,False,1,False,True,False,False,False,True
927,8616,29.99944444444445,1,0.0007505416279789,0.0006944444444444,0.0,0.6,100.0,6.157092675352349,0.054857150226231,0.2054494171746957,0.0819660840552205,True,True,True,True,False,True,True,2,False,True,True,True,True,True
928,8615,29.99944444444445,1,0.0112295739341589,0.0,0.0,3.333333333333333,100.0,6.01296313053783,0.0628493396717424,1.1224606650201543,0.5644043368767687,True,True,True,True,False,True,True,2,False,True,True,True,True,True
929,8616,29.99944444444445,1,0.0185589563897363,0.015432098765432,0.0,29.133333333333336,99.9535747446611,8.02088554736001,0.3528615550986721,2.2319616696879927,1.073389485785029,True,True,True,True,False,True,True,2,False,True,True,True,True,True
93,8619,29.99944444444445,1,0.3207902705640262,0.1836970899470899,1.0666666666666669,17.2,99.98839772595429,2.4816257941597746,1.265299720390218,10.379556600597326,6.544923649335414,True,True,True,True,True,True,False,2,False,True,True,True,False,False
930,8615,29.99944444444445,1,0.0011685045463339,0.0002314814814814,0.0,2.2,100.0,7.088211034808767,0.0531127877732636,4.6547508498466135,2.3601066799325654,True,True,True,True,False,True,False,1,False,True,False,False,False,True
931,8614,29.99944444444445,1,0.0325324470437077,0.0186237373737373,0.0,8.6,99.83747387973068,7.715411063483373,0.0474985350536778,20.386299587727493,10.437968474525242,True,True,True,True,False,True,False,1,False,True,False,False,False,True
932,8614,29.99944444444445,1,0.0162772436396768,0.001003086419753,0.0,4.866666666666667,100.0,7.073478776577971,0.0522446393093014,10.280128223168624,5.1226226595683295,True,True,True,True,False,True,False,1,False,True,False,False,False,True
933,8614,29.99944444444445,1,0.0196418472016335,0.0010802469135802,0.0,46.8,99.94195495704666,6.935685461671063,0.0542472387143852,18.21211309779919,9.05530892372081,True,True,True,True,False,True,False,1,False,True,False,False,False,True
934,8616,29.99944444444445,1,0.2176761232036301,0.7700617283950616,1.4666666666666666,16.866666666666667,99.57056638811514,7.96813593757411,0.0525047176335477,436.75016401825246,218.46122842358045,True,True,True,True,False,True,False,1,False,True,False,False,False,True
935,8617,29.99944444444445,1,0.0289650178068421,0.0225308641975308,0.0,5.933333333333334,99.97679006614833,8.51672977428279,0.0943765778017837,15.056047645635092,7.525402550913169,True,True,True,True,False,True,False,1,False,True,False,False,False,True
938,3785,13.140127314814816,0,0.8860149391192984,3.7988828686745353,1.3333333333333337,86.2,98.73183619550858,2.563027242917182,2.0776166120683954,572.6298689480195,286.69602356838817,True,False,True,True,True,True,False,2,True,False,False,False,False,True
939,8636,29.99944444444445,4,9.348914017959292,8.164874063051146,24.925,67.9,25.578971746178787,14.92418930159914,574.1457373788402,510.3774659424641,423.240001465456,False,False,False,False,False,False,False,0,False,False,False,False,False,True
94,20265,29.99944444444445,1,0.1057269752754579,0.0,0.7333333333333333,3.0,100.0,5.4172038788473085,0.2965219531133669,0.0027183201424504,0.0013449149200444,True,True,True,True,True,True,True,3,False,True,True,True,True,True
940,8634,29.99944444444445,4,8.104519817829843,8.420763406635801,19.37250000000001,31.53333333333333,34.93166550845495,11.579984375126662,1987.2843820664705,913.2011000253704,601.907469638307,False,False,False,False,False,False,False,0,False,False,False,False,False,True
941,8619,29.99944444444445,4,32.00173338814567,32.387180335097,32.684999999999995,40.11666666666667,0.0,12.756739956174547,5.9821329435669846,141.4426577283695,51.12753456789307,False,False,False,False,False,True,False,1,False,False,False,False,False,True
942,8616,29.99944444444445,4,20.388385408502053,20.41581790123457,42.520833333333336,72.26666666666667,0.0,16.932738861435155,4070.268710960581,3175.793898713224,1838.560167415634,False,False,False,False,False,False,False,0,False,False,False,False,False,True
943,8635,29.99944444444445,6,39.91269091210319,38.838293650793645,50.32222222222222,62.14444444444444,0.0,55.06224903470368,18621.50162195425,711.6088284760983,60.97582084421402,False,False,False,False,False,False,False,0,False,False,False,False,False,True
944,8630,29.99944444444445,2,2.3125666280417154,3.191139100651862,3.8,63.5,96.73232908458864,5.674196653415729,320.446120555124,65.70248798806448,40.69445933910302,False,False,True,True,True,False,False,1,False,False,False,False,False,True
945,8635,29.99944444444445,2,0.1041076741568924,0.0130141559829059,0.5,5.166666666666666,99.988419224088,1.5106463497789664,1.0904009851693697,0.0297682925708403,0.0025632117351862,True,True,True,True,True,True,True,3,False,True,True,True,True,True
946,8615,29.99944444444445,4,0.5347293353612274,0.309583057760141,1.0,4.5,100.0,0.364088772352144,8.519949039481832,1.3925365148812625,0.8449320229006823,True,True,True,True,True,False,True,2,False,True,True,True,True,True
947,8619,29.99944444444445,2,0.2574833861076465,0.2625849266474266,0.5,8.0,99.61712495649148,2.06144927593992,5.355302506146572,0.5188685565121347,0.2351985717805418,True,True,True,True,True,True,True,3,False,True,True,True,True,True
949,8617,29.99944444444445,4,18.988823742260987,23.84416060405644,67.5,106.8,42.18405477544389,2.933667431040033,33799.04058022748,9163.746308176176,7147.091822655508,False,False,False,False,True,False,False,1,False,False,False,False,False,True
95,8616,29.99944444444445,1,0.0574411796034358,0.0577932098765432,0.2,8.666666666666666,99.96518105849582,3.0686413800250314,4.3228321463175226,0.8556159511591266,0.1048948691358161,True,True,True,True,True,True,True,3,False,True,True,True,True,True
950,8614,29.99944444444445,2,5.030570389288753e-05,0.0001157407407407,0.0,0.1,100.0,0.2191163216868474,0.0012277908609461,0.0138817944947501,0.0065336605968136,True,True,True,True,True,True,True,3,False,True,True,True,True,True
951,8614,29.99944444444445,2,5.235621275443077,4.701234567901235,32.233333333333334,108.5,88.49547248664965,1.5408866998983175,3587.563373044416,377.0924535916061,360.4792071599943,False,False,False,False,True,False,False,1,False,False,False,False,False,True
952,8618,29.99944444444445,2,16.162992367538088,11.534573412698412,69.33333333333333,112.5,67.97400789046183,1.7896524839346255,10790.256917236666,3886.26755033761,2409.046502751716,False,False,False,False,True,False,False,1,False,False,False,False,False,True
953,8614,29.99944444444445,2,3.740112251310591,4.071471327026883,9.611666666666649,108.13333333333334,93.48734618063618,2.4221501349876275,1622.416844709801,293.58119767972914,258.4933766778845,False,False,False,False,True,False,False,1,False,False,False,False,False,True
954,8618,29.99944444444445,2,5.377146129765648,6.585965057319224,31.953333333333283,102.9,88.25713622650267,3.763636399282921,2977.020092362834,861.8872288344439,841.501632242593,False,False,False,False,True,False,False,1,False,False,False,False,False,True
955,8635,29.99944444444445,1,0.5488830666856144,1.895987654320988,1.3333333333333337,64.73333333333333,97.9154603358425,2.4900174505333736,1.4481472763869985,65.84420249312548,33.593459393337795,True,True,True,True,True,True,False,2,False,True,True,True,False,False
956,8614,29.99944444444445,1,0.1534579643327031,0.1406635802469135,0.2666666666666666,15.066666666666668,99.08288832133736,2.4560608199636844,5.261485593773148,2.8089881366988405,2.15913780998817,True,True,True,True,True,True,False,2,False,True,True,True,False,False
957,8634,29.99944444444445,4,1.7733361878514764,1.6449074074074077,6.866666666666666,32.016666666666666,92.84225156358582,1.7441498912989368,1348.1339388001134,345.040901557519,337.38611938405194,True,True,False,False,True,False,False,1,False,False,False,False,False,True
958,8616,29.99944444444445,4,44.02442302358737,42.978472222222216,53.9,62.3,0.0,23.66104218542695,19.238294180285823,2925.4669388855496,1253.485064892551,False,False,False,False,False,False,False,0,False,False,False,False,False,True
959,8640,29.99944444444445,1,0.201983024691358,0.2023148148148148,0.4,15.4,99.98842592592592,2.0677274292609167,0.7962808641975309,0.3254706790123456,0.0781018518518518,True,True,True,True,True,True,True,3,False,True,True,True,True,True
96,4021,13.963113425925926,0,0.1226217122014187,0.1141532858798212,0.2,41.26666666666667,99.90052225814476,1.597900558681308,6.067411457811857,1.3013739555644552,0.1739048566454684,True,True,True,True,True,True,True,3,False,True,True,True,True,True
960,8640,29.99944444444445,1,0.2083333333333333,0.2156635802469135,0.4,15.866666666666667,99.94212962962963,2.1915040049871624,0.7889506172839506,0.2979089506172839,0.0791203703703703,True,True,True,True,True,True,True,3,False,True,True,True,True,True
961,8640,29.99944444444445,1,0.2112731481481481,0.2168981481481481,0.4,15.933333333333332,99.94212962962963,2.569791504740174,0.7486882716049382,0.2983333333333334,0.0792901234567901,True,True,True,True,True,True,True,3,False,True,True,True,True,True
962,8640,29.99944444444445,1,0.1402623456790123,0.1483796296296296,0.4,9.466666666666669,99.97685185185186,2.317518940292324,12.940493827160497,0.2884336419753086,0.0775231481481481,True,True,True,True,True,False,True,2,False,True,True,True,True,True
963,8640,29.99944444444445,1,0.1155787037037037,0.1168209876543209,0.2666666666666666,15.533333333333331,99.98842592592592,1.973472366904,0.854158950617284,0.2848842592592592,0.0772145061728394,True,True,True,True,True,True,True,3,False,True,True,True,True,True
964,8632,29.99944444444445,1,0.3370187350493189,0.2187920875420875,0.8,2.0,100.0,5.940146257994335,1.411050459683453,0.0003268568780616,0.0002978948762081,True,True,True,True,False,True,True,2,False,True,True,True,True,True
965,8640,29.99944444444445,1,7.32153549382716,8.235339506172838,26.139999999999905,105.26666666666668,75.59027777777779,3.264899158870242,21.94218364197531,18.122445987654324,7.158641975308642,False,False,False,False,True,False,False,1,False,False,False,False,False,True
966,8640,29.99944444444445,4,2.8747029320987654,3.1006944444444446,6.85,54.91666666666667,91.94444444444444,5.557562150218763,25.289699074074075,11.486257716049382,4.88204475308642,False,False,False,False,True,False,False,1,False,False,False,False,False,True
967,8640,29.99944444444445,4,1.3989081790123457,1.4640046296296296,2.2666666666666666,48.0,99.54861111111111,2.0574950684302946,16.174097222222223,3.0013271604938274,1.8870756172839505,True,True,True,True,True,False,False,1,False,True,False,False,True,False
968,3767,13.140127314814816,4,2.009112898428003,2.1121527777777778,1.933333333333333,55.53333333333333,98.56649853995222,1.7855400390141862,18.18032299971509,6.9506238385983545,2.5921245907441817,False,False,True,True,True,False,False,1,False,False,False,False,False,True
969,8640,29.99944444444445,1,1.3058564814814813,1.3203703703703704,2.2,11.866666666666667,97.93981481481482,4.239844288355039,28.647700617283952,10.650100308641976,7.259351851851852,True,True,True,True,True,False,False,1,False,True,False,False,False,True
97,23686,29.99944444444445,1,0.0472553608118921,0.0,0.0,2.285714285714286,100.0,4.641955833042876,0.1937827448804397,0.0030550495973108,0.0024153307358576,True,True,True,True,True,True,True,3,False,True,True,True,True,True
970,8640,29.99944444444445,1,72.22468364197532,81.17816358024692,100.26666666666668,108.13333333333334,0.0,17.567238780625427,384.420524691358,102.3304012345679,25.34993055555556,False,False,False,False,False,False,False,0,False,False,False,False,False,True
971,8640,29.99944444444445,8,15.60621141975309,17.312201003086418,22.991666666666664,53.1,0.0,32.78449941744724,2937.7898070987653,506.12390432098766,177.0420061728395,False,False,False,False,False,False,False,0,False,False,False,False,False,True
972,8640,29.99944444444445,8,8.070681905864197,8.00216049382716,15.32541666666666,25.683333333333334,12.939814814814817,9.301150154539622,1307.2852314814816,311.731612654321,3.94175925925926,False,False,False,False,False,False,False,0,False,False,False,False,False,True
973,8640,29.99944444444445,1,6.25359582739791,4.731655092592593,19.60333333333329,103.46666666666664,79.13194444444444,14.87334953645477,780.5110992826618,145.6687363909239,2.392804529575363,False,False,False,False,False,False,False,0,False,False,False,False,False,True
974,8640,29.99944444444445,1,1.2772916666666665,1.1847993827160497,2.0,12.2,98.79629629629628,4.443081345087216,28.50395833333333,7.479274691358024,5.311087962962963,True,True,True,True,True,False,False,1,False,True,False,False,False,True
975,8640,29.99944444444445,4,0.7711516203703703,0.6681134259259259,1.017499999999988,68.48333333333333,98.4375,1.747109557036855,19.33923611111112,1.9038811728395064,0.7279012345679013,True,True,True,True,True,False,True,2,False,True,True,True,True,True
976,8640,29.99944444444445,2,6.848514660493827,7.672800925925926,8.668333333333308,114.03333333333336,86.4699074074074,11.035576837212924,159.78381944444448,2.5777854938271605,1.649567901234568,False,False,False,False,False,False,False,0,False,False,False,False,False,True
977,8640,29.99944444444445,2,30.028773148148147,28.34050925925926,66.0,87.66666666666666,0.0,15.238198510762643,982.4326554232804,538.5401697530864,240.30700617283952,False,False,False,False,False,False,False,0,False,False,False,False,False,True
978,8640,29.99944444444445,1,27.75400462962963,29.483796296296298,94.93999999999993,111.06666666666666,0.0,36.54659103464197,510.6185262345679,133.02332561728397,1.6995601851851851,False,False,False,False,False,False,False,0,False,False,False,False,False,True
979,8640,29.99944444444445,2,5.087989969135803,4.150501543209877,7.2,25.066666666666663,40.03472222222222,22.028866820865208,24.28185956790124,2.012631172839506,1.479050925925926,False,False,False,False,False,False,False,0,False,False,False,False,False,True
98,8614,29.99944444444445,2,1.2158591621210613,1.4927385090768637,1.6,8.366666666666667,99.88390991409334,5.260870796750656,9.754690060732548,3.08696586157696,1.6445069899272362,True,True,True,True,True,False,False,1,False,True,False,False,True,False
980,8640,29.99944444444445,4,43.95329089506173,44.65237268518518,50.08333333333333,68.61666666666667,0.0,27.003305114572203,1141.0249228395062,372.780262345679,33.01257716049382,False,False,False,False,False,False,False,0,False,False,False,False,False,True
981,8640,29.99944444444445,4,3.86157600308642,4.240972222222222,4.616666666666667,57.75,95.4050925925926,10.921952383700928,411.4271450617284,3.5397839506172835,2.347229938271605,False,False,True,True,False,False,False,0,False,False,False,False,False,True
982,8640,29.99944444444445,4,3.867503858024692,4.017766203703704,4.8,27.8,96.04166666666669,10.82875565044058,228.94446759259256,8.138541666666667,4.3805401234567904,False,False,True,True,False,False,False,0,False,False,False,False,False,True
983,8640,29.99944444444445,2,38.40784336419753,50.57743055555555,72.46666666666667,101.73333333333332,0.0,10.826471194440938,311.2161105599647,88.4252700617284,28.595856481481484,False,False,False,False,False,False,False,0,False,False,False,False,False,True
984,8640,29.99944444444445,2,30.906323302469133,35.77276234567901,69.2,83.6,0.4976851851851852,13.214498637929376,228.58770833333327,119.5705324074074,10.405239197530864,False,False,False,False,False,False,False,0,False,False,False,False,False,True
985,8640,29.99944444444445,2,1.9954398148148147,2.029166666666667,2.2,40.4,98.88888888888889,3.240688559081099,5.179776234567901,1.4797608024691355,0.7904552469135802,True,False,True,True,True,True,True,3,False,False,False,False,False,True
986,8640,29.99944444444445,2,1.950991512345679,2.2243827160493828,2.4,46.4,99.23611111111111,2.68390767310668,6.088433641975309,0.288557098765432,0.1404475308641975,True,False,True,True,True,True,True,3,False,False,False,False,False,True
987,8640,29.99944444444445,2,4.680883487654321,4.580825617283951,5.633333333333334,19.366666666666667,75.05787037037037,11.304419956089538,12.011936728395062,2.769652777777777,1.612839506172839,False,False,False,False,False,False,False,0,False,False,False,False,False,True
988,8640,29.99944444444445,2,1.1574614197530864,1.1956404320987657,1.2666666666666666,22.833333333333336,98.26388888888889,5.099027581420946,9.378989197530863,1.3043132716049382,0.7169367283950617,True,True,True,True,True,False,True,2,False,True,True,True,True,True
989,8640,29.99944444444445,2,2.4712229938271606,2.491435185185185,2.8666666666666667,21.2,99.8726851851852,4.431021365854475,7.230424382716049,0.1314583333333333,0.0703935185185185,False,False,True,True,True,True,True,3,False,False,False,False,False,True
99,8619,29.99944444444445,1,0.2798971725442313,0.2045524691358025,0.7333333333333333,12.6,99.95359090381714,5.852235734924744,4.090569228247613,0.2214373120916802,0.0559637069818065,True,True,True,True,False,True,True,2,False,True,True,True,True,True
990,8640,29.99944444444445,4,6.302235725308642,6.547434413580247,15.7,35.1,42.24537037037037,21.751032391827767,4343.2422916666665,402.4703163580247,271.6231481481482,False,False,False,False,False,False,False,0,False,False,False,False,False,True
991,8640,29.99944444444445,2,4.349305555555556,4.032716049382716,5.666666666666666,67.73333333333333,79.39814814814815,8.366214685234024,112.61228395061728,29.80096450617284,11.161682098765432,False,False,False,False,False,False,False,0,False,False,False,False,False,True
992,8640,29.99944444444445,2,0.3754166666666666,0.5371527777777778,0.8,12.966666666666669,99.61805555555556,2.8438909120029874,6.401882716049382,0.6898765432098765,0.43,True,True,True,True,True,True,True,3,False,True,True,True,True,True
993,8640,29.99944444444445,2,13.099702932098763,13.376774691358024,15.7,18.933333333333334,0.0,8.179015431875063,108.62652777777777,0.243341049382716,0.1065972222222222,False,False,False,False,False,False,True,1,False,False,False,False,False,True
994,8640,29.99944444444445,4,0.354579475308642,0.32914737654321,0.15,23.516666666666666,98.17129629629628,2.744646468897447,20.59846450617284,17.168773148148148,3.0202237654320987,True,True,True,True,True,False,False,1,False,True,False,False,False,True
995,8640,29.99944444444445,2,3.962249228395061,4.062461419753086,12.534999999999972,64.26666666666667,84.27083333333333,15.863850524018517,31.94983024691357,27.139830246913583,1.1238734567901234,False,False,False,False,False,False,False,0,False,False,False,False,False,True
996,8640,29.99944444444445,4,5.288184799382717,4.76622299382716,27.316666666666663,65.86666666666667,73.28703703703704,18.75272613076485,2280.383603395062,17.43416666666667,5.512438271604938,False,False,False,False,False,False,False,0,False,False,False,False,False,True
997,8640,29.99944444444445,8,47.91390914351852,47.10647183641975,65.04208333333334,86.51666666666667,0.0,72.36249743463699,89993.4650369268,418.30069940476193,118.51286430776015,False,False,False,False,False,False,False,0,False,False,False,False,False,True
998,8640,29.99944444444445,2,49.70104938271605,49.879938271604935,53.5,57.0,0.0,0.0,0.0,0.0,0.0,False,False,False,False,True,True,True,3,False,False,False,False,False,True
999,8640,29.99944444444445,4,0.0032889660493827,0.0025462962962962,0.0,5.216666666666666,99.98842592592592,5.2918888215632505,0.7127006172839506,0.1006018518518518,0.0020293209876543,True,True,True,True,True,True,True,3,False,True,True,True,True,True
