vm_id,samples,days_observed,cpu_cores,cpu_mean,cpu_last_3_days_mean,cpu_p95,cpu_max,cpu_below_5_pct,memory_mean,disk_mean,network_mean,outbound_network_mean
1,8634,29.999444444444446,4,4.0226322414169875,11.556509038800707,1.0666666666666669,97.86666666666666,95.7493629835534,0.5913256734816683,421.5392942745618,15.530891670294034,2.982650497521936
10,16140,29.999444444444446,0,0.23750383548710685,0.0,0.0,92.3,99.68401486988847,2.020929239778351,15.517451466336226,1.1840334572490707,0.2263341594382487
100,20255,29.999444444444446,2,0.2880575903977533,0.0,2.1,4.8,100.0,13.230098104626737,0.5689139072069213,0.020162687637385237,0.0058156128410386575
1000,8640,29.999444444444446,4,3.3725038580246913,3.3658564814814813,17.766666666666666,24.966666666666665,78.66898148148148,13.322768096285767,164.27065586419752,6.126543209876543,4.281481481481482
1001,8640,29.999444444444446,1,0.2606944444444444,0.27476851851851847,0.5333333333333333,16.2,99.7800925925926,2.8756621908871787,2.674861111111111,4.402839506172839,3.9792206790123457
1002,8640,29.999444444444446,2,1.881304012345679,1.8832175925925927,2.3,8.066666666666666,99.9537037037037,3.567984149399592,12.069583333333332,0.6607947530864198,0.6318287037037037
1003,3791,13.160960648148148,0,1.4343850096092248,4.020138888888889,2.4,105.33333333333334,98.07438670535478,7.782761242434673,35.664250391011144,283.1585111772662,6.44195379198017
1004,3787,13.150543981481482,0,1.2081114203110506,1.0704251715839201,2.0,55.93333333333333,99.6831264853446,8.96408376121287,4.878817361818418,0.3313792799929583,0.1884927969955696
1005,8640,29.999444444444446,4,18.970083636463844,18.02577160493827,29.15,31.55,0.0,36.365520923298,4.791460707502374,1783.3390058167142,46.158658000949664
1006,8640,29.999444444444446,4,7.6343152006172845,7.40673225308642,13.434166666666654,33.583333333333336,4.398148148148148,19.31324048338728,3.847615740740741,1078.9246450617284,8.795516975308642
1007,8640,29.999444444444446,8,17.87559895833333,16.968557098765434,29.175,30.1,0.0,9.891502956365361,5.203819444444444,38.203773148148144,6.0678935185185185
1008,8612,29.999444444444446,1,0.23512931242262405,0.25655864197530864,0.5333333333333333,15.066666666666668,99.96516488620529,4.238495977249194,1.682229307566047,1.6446413823184607,0.8181254941966739
1009,8616,29.999444444444446,2,0.005311807988514118,0.020274650995971973,0.0,5.5,99.98839368616528,6.905431105145391,0.08371482535827938,0.5811320024760136,0.2912836583101207
101,20255,29.999444444444446,2,0.01693691063044309,0.0,0.2,1.1875,100.0,1.0416171686081497,0.13939064624450945,0.04750620070294224,0.015656510444217186
1010,8614,29.999444444444446,1,0.17400311166273555,0.14000771604938272,0.4,14.866666666666667,99.98839099140933,5.4486882459028125,1.2602876037488295,1.46287041841372,0.6500273331652481
1011,8636,29.999444444444446,1,0.13224670445606065,0.13449074074074072,0.4,2.1333333333333333,100.0,25.0318023458469,1.1168159798746875,0.15930214605527254,0.07939632545931759
1012,8633,29.999444444444446,1,0.1173029545843168,0.1371141975308642,0.4,0.75,100.0,24.933368195901913,0.38397556373636527,4.952174128045783,2.4741092838973064
1013,8635,29.999444444444446,1,0.0,0.0,0.0,0.0,100.0,6.337480051849987,0.0,0.0001775718973171202,0.0
1014,8636,29.999444444444446,1,0.13124241822713337,0.13649691358024693,0.4,1.0,100.0,23.522055262158588,0.05303080816049781,0.0,0.0
1015,8636,29.999444444444446,1,0.0,0.0,0.0,0.0,100.0,0.8252571987958208,0.0,0.0,0.0
1016,8635,29.999444444444446,1,0.0,0.0,0.0,0.0,100.0,0.47104332680062366,0.0,0.0,0.0
1017,8634,29.999444444444446,1,1.6110344485257622,1.9065000275892512,3.0,11.866666666666667,99.9073430623118,15.479292963745028,0.8382187382534846,109.36822062193848,54.63651820343968
1018,8636,29.999444444444446,1,0.1313844292190749,0.1363425925925926,0.4,2.0,100.0,19.37576181499267,0.049551841229122366,0.0,0.0
1019,8636,29.999444444444446,1,0.13287853300011707,0.13820037986704653,0.4,1.2857142857142858,100.0,26.76423366275042,1.1162530704332463,5.111874419389473,2.5897252919485436
102,8617,29.999444444444446,2,1.5744670118799746,5.539285714285715,2.6333333333333333,73.26666666666667,97.47011721016595,2.32965599506135,23.18050786267103,2.443965799135812,1.2338297950808106
1020,8633,29.999444444444446,1,0.13124693176239569,0.13668981481481482,0.4,2.0,100.0,22.057530106335467,1.1435629871370634,7.72230588053592e-06,0.0
1021,8632,29.999444444444446,1,0.1313203362902158,0.1361000881834215,0.4,0.5333333333333333,100.0,26.0433050590373,1.08857102119382,0.0,0.0
1022,8636,29.999444444444446,1,0.0881464760343871,0.07854938271604939,0.4,0.7,100.0,19.092723330328823,0.037214812232181364,7.719623282383811e-06,0.0
1023,8633,29.999444444444446,1,0.10851329064001368,0.11647078298294983,0.4,0.6666666666666667,100.0,23.110136968008845,0.05466510014175945,0.00016216842349125446,0.0
1024,8615,29.999444444444446,1,0.0,0.0,0.0,0.0,100.0,6.741417083146149,0.0,0.00014703037337976396,1.5476881408396206e-05
1025,8615,29.999444444444446,1,7.000211106363168,24.205550044091712,42.879999999999804,101.06666666666666,76.07661056297155,54.151613617772455,0.22545674870689378,6052.448013006533,3026.185240561335
1026,8616,29.999444444444446,1,0.9173659789606865,0.9185185185185186,1.0666666666666669,4.533333333333333,100.0,45.40157579882302,0.2284390825825366,7.7608270894482585,3.909999356621919
1027,8636,29.999444444444446,1,0.12436177763875773,0.11936728395061727,0.4,1.5,100.0,21.616509262864362,1.4658431665987246,0.1391134012660182,0.06763731739414924
1028,8633,29.999444444444446,1,0.08403964852476378,0.06512345679012345,0.4,5.066666666666666,99.98841654117919,15.00675144990512,0.03261052048843082,0.0,0.0
1029,8635,29.999444444444446,1,0.1321140430694571,0.13800705467372135,0.4,0.8,100.0,19.881704824807805,1.1328751156197594,3.7222352054430803,1.9101412272344525
103,20258,29.999444444444446,2,0.026946987041764413,0.0,0.2,1.2333333333333334,100.0,1.0556943199289368,0.3012069305953204,0.04679961825780761,0.01529354658242011
1030,8636,29.999444444444446,1,0.13165707227773002,0.13672839506172837,0.4,2.0,100.0,23.574626597154836,0.041866963320761355,0.0,0.0
1031,8636,29.999444444444446,1,0.13138277115813013,0.1367173721340388,0.4,1.6666666666666663,100.0,19.19789133771092,0.034270058720035544,0.0,0.0
1032,8636,29.999444444444446,1,0.13146947810565227,0.1371847928047233,0.4,0.8571428571428571,100.0,20.810868121664754,1.0862864623025577,1.1472499931363989,0.5912244280730848
1033,8636,29.999444444444446,1,0.11223623913526647,0.13543447293447294,0.4,2.0,100.0,26.42612754910547,0.05097835621226078,0.0,0.0
1035,8636,29.999444444444446,1,0.08495969253843269,0.07563932980599647,0.4,4.333333333333333,100.0,19.382300634910333,0.03512396846116159,0.0,0.0
1036,8635,29.999444444444446,1,1.228371967735025,1.4994174806674807,1.2666666666666666,70.06666666666666,97.44064852345107,20.279689567199927,1.1158363736244454,941.0510695018164,473.48674262814967
1037,8634,29.999444444444446,1,0.8258595585558755,0.382390873015873,1.2666666666666666,83.6,98.21635394950196,19.155300711277345,1.1346156391674111,654.458718162966,329.14223294946885
1038,8632,29.999444444444446,1,0.13115428747958868,0.13652998236331568,0.4,0.5333333333333333,100.0,20.203894383866302,1.0929258878285757,0.00012357120790855729,0.0
1039,8617,29.999444444444446,1,0.9145075863365292,0.9140900573192241,1.0666666666666669,1.8,100.0,34.81364358189416,0.2108883212515567,2.9264620168298947,1.4759387589316801
104,20259,29.999444444444446,2,0.2938035770110403,0.0,2.2,5.566666666666666,99.99506392220742,12.30418845400834,0.4086019382332132,0.054211297036707955,0.022005034799348434
1040,8615,29.999444444444446,1,0.9164479484531719,0.9140434603976273,1.0666666666666669,3.0,100.0,34.61137074364882,0.21056637500630535,1.0302408644428378,0.5168768028257291
1041,8636,29.999444444444446,1,0.1595116362717104,0.16078593474426806,0.4,8.866666666666667,99.81472904122278,26.57708604143898,1.1160253376904605,19.526819325366105,9.8166873352318
1042,8617,29.999444444444446,1,0.9104296126809763,0.9125000000000001,1.0666666666666669,1.8666666666666665,100.0,53.960119991825806,0.3278781087647282,1.1608714554693431,0.5750067885642911
1043,8634,29.999444444444446,1,0.14344231554099518,0.1465002204585538,0.4,2.4,100.0,24.923253793667293,1.1353017417298166,9.151512569354821,4.609581582227517
1044,8632,29.999444444444446,1,0.15199355112758728,0.1544684193121693,0.4,3.8,100.0,26.161787780425282,1.108426563396443,15.970789582675588,8.021186309057022
1045,8634,29.999444444444446,1,0.15981336245408517,0.16790409899458625,0.4,8.0,99.79152189020152,24.963838068294482,1.0904034981953674,21.09243638956982,10.590182532894485
1046,8635,29.999444444444446,1,0.0,0.0,0.0,0.0,100.0,6.5207661074185745,0.0,0.0001235282763945184,0.0
1047,8635,29.999444444444446,1,0.13766233766233768,0.1390652557319224,0.4,4.066666666666666,100.0,17.124569348050386,1.1061565263533994,12.924911822398794,6.414173651093165
1048,8613,29.999444444444446,1,0.9740884488010924,1.1031635802469135,1.3333333333333337,3.333333333333333,100.0,38.446269760442995,0.3358281777822008,0.19322729207786682,0.09734122837571114
1049,8617,29.999444444444446,1,0.9117483711599993,0.9114748677248679,1.0666666666666669,1.6666666666666663,100.0,52.48272156427137,0.2198173021516412,0.3013732544195582,0.14927082124482613
105,8618,29.999444444444446,0,0.37863577592052877,1.1587962962962963,1.1333333333333333,91.73333333333332,99.72151311209097,5.116804684829207,10.842071893708004,0.6266553294053874,0.38287947451326426
1050,8618,29.999444444444446,1,0.9166383357494986,0.9173500881834217,1.0666666666666669,1.8666666666666665,100.0,28.570850963114175,0.22799022037244362,2.717376152250833,1.3585666100228642
1051,8613,29.999444444444446,1,0.9144782710613432,0.9138001434641064,1.0666666666666669,3.0,100.0,42.123698190525374,0.24564290799052205,0.357978802806389,0.17977475908510387
1053,8617,29.999444444444446,1,0.92398563295047,0.9237433862433863,1.0666666666666669,2.666666666666667,100.0,52.82700979353456,0.22296285104396973,11.979415840629139,6.207323475140001
1054,8537,29.72164351851852,1,0.9116918993309998,0.9127865961199296,1.0666666666666669,1.8666666666666665,100.0,52.329692983765625,0.2378869519844101,0.1322556713911991,0.06658076607707625
1055,8632,29.999444444444446,1,0.08959928895633251,0.07616840478949402,0.4,1.5,100.0,15.412222370630856,1.0901137375650813,0.00012357120790855729,0.0
1056,8631,29.999444444444446,1,0.13047799630177107,0.1343942901234568,0.4,1.3333333333333337,100.0,20.11916204416259,1.1059804727514149,0.00012358552504537903,0.0
1057,6608,23.033483796296295,1,0.9232000797830098,0.9138227513227514,1.0666666666666669,40.53333333333333,99.9546004842615,32.87626239296371,0.2198476916545924,6.825101840250147,3.4359212216355073
1058,8615,29.999444444444446,1,0.9096157779152556,0.9102797550074491,1.0666666666666669,2.666666666666667,100.0,48.166226413065466,0.19376138532261572,0.00014703037337976396,1.5476881408396206e-05
1059,8615,29.999444444444446,1,0.9128944531962524,4.31008111239861,7.4866666666666175,32.2,93.99883923389437,7.312720713581904,0.0,978.0615262373532,489.6946432557575
106,8611,29.999444444444446,8,1.5283553216451544,1.5398637290564372,1.6416666666666666,5.825,99.95354778771339,0.985094027183958,45.49595105664668,7.470102239339262,2.8082408333482545
1060,8619,29.999444444444446,1,0.9117186232570847,0.9139715608465612,1.0666666666666669,3.0,100.0,50.567253875733634,0.21920582189464888,0.00013922728854855537,0.0
1061,8635,29.999444444444446,1,0.13128519039347067,0.13651895943562609,0.4,0.5333333333333333,100.0,23.096789871861898,1.0882783959911928,0.00011635922463947932,0.0
1062,8636,29.999444444444446,1,0.08878478708261016,0.08007054673721342,0.4,9.769230769230768,99.98842056507642,16.514992680143887,1.079589316041377,0.0001703831138754713,0.0
1063,8616,29.999444444444446,1,2.66986975420123,1.3306327160493825,17.866666666666667,34.6,89.39182915506035,43.21759560616988,0.25849796868250907,1549.7038141301982,775.867972940283
1064,8617,29.999444444444446,1,0.9183642147956874,0.9292438271604939,1.0666666666666669,4.6,100.0,35.577231303610255,0.22874196967268798,0.9744165741032401,0.4848784517868887
1066,8616,29.999444444444446,1,0.9145112341491173,0.9113676447009781,1.0666666666666669,1.5,100.0,41.61555724635432,0.20401741944221052,0.0017409470752089136,0.0
1067,8618,29.999444444444446,1,0.9123095072329233,0.9155092592592595,1.0666666666666669,1.2,100.0,41.855841724044275,0.2194838599166749,0.0019107294809313834,3.0942987545447506e-05
1068,8634,29.999444444444446,1,0.13184753822349377,0.1397296376463043,0.4,3.0,100.0,25.22929869474062,1.1245415029466455,0.45491835526581875,0.2257464950307202
1069,8616,29.999444444444446,1,0.9146921529929888,0.9164241622574957,1.0666666666666669,6.466666666666666,99.98839368616528,40.40338309044842,0.1944933432398613,3.6635572515795363,1.8228001854742804
107,8602,29.954305555555557,4,1.5111563926592408,1.7094135802469137,1.7666666666666666,5.75,99.98837479655894,0.47099159518445644,8.152463607590322,3.438624219047376,0.05596094726529507
1070,8616,29.999444444444446,1,0.9295967805020731,0.9104938271604939,1.0666666666666669,46.6,99.9071494893222,34.133151636026795,0.19112296967450168,14.435660307143593,7.2168446301454665
1071,8616,29.999444444444446,1,0.9157470186369908,0.9350694444444445,1.0666666666666669,8.066666666666666,99.98839368616528,39.18939775291483,0.2925962204513736,3.0849996967336804,1.555711751881668
1072,8615,29.999444444444446,1,0.9126051172017511,0.9127976190476191,1.0666666666666669,2.25,100.0,35.36985756815823,0.19826728214714284,0.0018417488875991485,3.095376281679241e-05
1073,6073,21.10261574074074,1,0.14368255013735007,0.13634607956740052,0.4,9.6,99.98353367363741,16.8239296125692,1.1015132031186698,0.6022174652834952,0.30311252773791886
1075,8633,29.999444444444446,1,0.13185693413887553,0.13611432985708768,0.4,1.2,100.0,17.80568469963393,1.1174230395908837,0.2668101728509466,0.13087989240253806
1076,7801,27.16585648148148,1,0.9135580908430545,0.912885802469136,1.0666666666666669,2.933333333333333,100.0,33.162736147115936,0.2179099796071979,12.593848656577794,6.33200763685317
1077,8616,29.999444444444446,1,0.9122619275648524,0.9119157848324517,1.0666666666666669,3.0,100.0,50.338000870487555,0.22173219235371044,0.0001702259362426492,1.547508511296812e-05
1078,4073,14.140208333333334,1,0.14950486946558636,0.14038800705467372,0.4,7.4,99.9754480726737,16.325015825416543,1.0975870761532438,2.710896379175289,1.3674336221107644
1079,8616,29.999444444444446,1,2.048622656874746,0.9205136684303352,12.216666666666667,51.66666666666667,93.75580315691737,37.46821390360583,0.21486690988780122,581.1886112159788,290.5034342076473
108,8616,29.999444444444446,8,1.240544432524107,1.27163387345679,1.6416666666666666,6.0,99.97678737233055,0.40720832769508114,11.302543694570156,4.200122711421457,0.6687055294210588
1080,8616,29.999444444444446,1,1.0563136930128574,1.5122685185185187,1.6,22.2,99.43129062209842,34.21790318514071,0.20253122509389918,47.53249049387628,23.76013304888653
1081,8619,29.999444444444446,1,2.10077224183559,2.0633873456790126,3.466666666666667,12.666666666666668,99.47789766794291,46.32120140121922,0.20515906918621848,712.8564636971877,358.13167039094645
1082,8616,29.999444444444446,1,0.9092987193091651,0.9097222222222223,1.0666666666666669,1.2,100.0,33.98100816470982,0.19849820817787386,0.0025126748316163356,0.00034045187248529866
1083,8619,29.999444444444446,1,0.9123895225966232,0.9119795713545715,1.0666666666666669,1.5,100.0,33.82745179338058,0.20567373480704493,0.002116770442562297,0.00010828789109332093
1084,8631,29.999444444444446,1,0.1292497272163591,0.1339520494972931,0.4,1.0,100.0,16.78769602350574,1.0878006203171307,0.007129339976055304,0.003421774224693933
1085,8636,29.999444444444446,1,0.13137343396143766,0.13707443579981238,0.4,0.75,100.0,19.19846860055502,1.0921271773489234,0.00010807472595337337,0.0
1086,8620,29.999444444444446,1,0.9128810973764571,0.9110339506172841,1.0666666666666669,3.0,100.0,45.92863241621138,0.23764052201987237,0.004735112142304715,0.001531322505800464
1087,8613,29.999444444444446,1,1.022857028029442,0.996141975308642,1.5333333333333334,18.866666666666667,99.74457215836526,39.48226881562435,0.21826200361553894,51.741763822049435,26.07479936565621
1088,8616,29.999444444444446,1,0.9141315122512895,0.9124118165784834,1.0666666666666669,7.0,99.97678737233055,40.70351372846836,0.19721380574444639,3.5417687285375306,1.7793792648597662
1089,8617,29.999444444444446,1,0.9375320561609294,0.9204475308641977,1.0666666666666669,24.066666666666663,99.91876523151909,36.00507941596273,0.213245659862812,10.539695065678586,5.314775057057754
109,8616,29.999444444444446,8,1.0750877176734592,1.0795779596560846,1.1916666666666669,3.141666666666667,100.0,0.15468779651315087,10.57984546597012,4.04731436931994,0.7670104346288189
1090,8619,29.999444444444446,1,0.9139198408429178,0.9150518077601412,1.0666666666666669,2.0,100.0,50.94497273267011,0.5827763111699763,6.19090281262227,3.1066473245206274
1091,8636,29.999444444444446,1,1.9557253657386817,1.9436698717948717,12.133333333333333,15.0,85.3520148216767,10.436906426726088,1.6362445156099625,384.0237332764632,189.4223908187433
1092,8635,29.999444444444446,1,0.09945653073041609,0.09724426807760142,0.4,7.416666666666666,99.988419224088,20.108880128073395,1.0804543381729252,0.0001935643973860533,0.0
1093,8634,29.999444444444446,1,0.1323111873841547,0.13756363235529903,0.4,1.6,100.0,18.00166146573875,0.08572090760242253,1.0865774292112027,0.5469163991749121
1094,8635,29.999444444444446,1,0.11879337608926491,0.11414750373083705,0.4,0.8571428571428571,100.0,22.211153676484283,0.043003628938776566,0.0002944825874762179,0.0
1095,8616,29.999444444444446,1,0.9148850974930364,0.9126736111111113,1.0666666666666669,3.266666666666667,100.0,53.42127483333188,0.21532410254555095,0.816719925076471,0.3899403907760453
1096,8617,29.999444444444446,1,0.9121698926967582,0.9137235449735451,1.0666666666666669,2.25,100.0,52.74713069610513,0.22856863456840246,0.024347220610421254,0.01178290975204054
1097,8635,29.999444444444446,1,0.13144952711831692,0.13700396825396824,0.4,0.6,100.0,22.8321505144861,1.084962348980878,0.00012407974191413668,0.0
1098,8632,29.999444444444446,1,0.12048303102519971,0.11731701940035275,0.4,6.2,99.98841519925857,21.83893264563948,0.037165144092854915,0.000131294408402842,0.0
1099,8635,29.999444444444446,1,0.13532522679019493,0.13687169312169312,0.4,7.8,99.988419224088,18.277130996960054,1.124368598010752,3.925890704547334,1.9780960903601321
11,8635,29.999444444444446,1,2.526625031019935,2.9456073633156965,3.0,54.33333333333333,97.1742906774754,4.538819884940267,23.472177234076483,0.271645339798206,0.05272468508137296
110,8619,29.999444444444446,8,4.012441252540887,1.5958815586419755,3.341071428571419,95.49166666666666,95.73036315117763,1.1436941176794067,29.959500178052213,196.55679120707836,73.161316289388
1100,8619,29.999444444444446,1,0.916601071125958,0.9616512345679014,1.0666666666666669,7.2,99.95359090381714,32.78878837025099,0.2009816227010797,0.17618439880883321,0.0828943806319372
1101,8617,29.999444444444446,1,0.9125017510824637,0.9138007054673722,1.0666666666666669,1.5,100.0,43.44207061917515,0.2114368952131514,0.2195350276585045,0.10989130014312792
1102,8632,29.999444444444446,1,0.13104671432984688,0.13618827160493827,0.4,0.5333333333333333,100.0,18.405191622839748,1.0999352439343169,0.0006879165011695127,0.0
1103,8634,29.999444444444446,1,0.11820037798147597,0.13621031746031745,0.4,0.5333333333333333,100.0,24.152632694802747,1.1028373747710092,0.031051656242761173,0.015564435178750675
1104,8632,29.999444444444446,1,0.08789002162496139,0.09027731742348913,0.4,0.6,100.0,15.814084354589834,1.0885157387792932,0.00013901760889712683,0.0
1105,8635,29.999444444444446,1,0.13155154823944631,0.13657407407407407,0.4,0.6666666666666667,100.0,18.109269994132717,1.1156205719263046,0.10036118163506699,0.049788131189405074
1106,8637,29.999444444444446,1,0.19470543253975,0.2622189153439153,0.6666666666666667,3.0,100.0,22.075892498493264,1.1178087070584466,64.51137493589734,32.42320073118962
1107,8637,29.999444444444446,1,0.14382474073338958,0.17551256613756616,0.4,2.4,100.0,25.61929226323888,1.1620749662517638,69.56670077539303,34.871686120409635
1108,8635,29.999444444444446,1,0.13080779093517947,0.13660714285714284,0.4,1.3333333333333337,100.0,16.508664901136836,0.03915210055337441,0.0001389693109438331,0.0
1109,8637,29.999444444444446,1,0.13128741056841092,0.13641975308641976,0.4,0.8888888888888888,100.0,19.154772751813972,1.0855150313903354,0.16649299525298136,0.0869900814325962
111,8616,29.999444444444446,8,1.2055406225235612,1.2471739969135802,1.4083333333333334,2.783333333333333,100.0,0.38847074780120405,7.8508464708586585,3.4366693655952014,0.055224003274142515
1110,8636,29.999444444444446,1,0.12362211665129684,0.1359457671957672,0.4,0.8,100.0,18.840713438343716,0.04264151138861651,0.00029334568473058503,0.0
1111,8632,29.999444444444446,1,0.1307366405605516,0.1363425925925926,0.4,0.5714285714285715,100.0,20.689311629962624,1.0998199051489135,7.723200494284824e-06,0.0
1112,8614,29.999444444444446,1,0.9101060427331614,0.9121141975308644,1.0666666666666669,2.8461538461538463,100.0,50.71868763728023,0.2222184169827541,0.7573464142595788,0.35475408875107034
1113,2832,9.837893518518518,1,0.0,0.0,0.0,0.0,100.0,6.184844089079014,0.0,0.0,0.0
1114,8635,29.999444444444446,1,0.13105264162589003,0.13683862433862434,0.4,1.3333333333333337,100.0,23.852575385405135,0.04032782504120082,0.0008338158656629992,0.00036286431190889787
1115,8616,29.999444444444446,1,0.9278375949336952,0.9421902557319226,1.0666666666666669,20.33333333333333,99.96518105849582,51.42776966551286,0.21564073371176432,12.194673353830735,6.127763493083826
1116,8632,29.999444444444446,1,0.10375481214800028,0.1001878245497735,0.4,0.75,100.0,20.01261293994874,1.083198792634613,0.15521040204775147,0.07712084602144842
1117,8618,29.999444444444446,1,0.9355581893931859,0.9912808641975309,1.0666666666666669,6.733333333333333,99.94198189835228,46.97188871289954,0.20894763451911277,9.600874691951509,4.82942678115572
1118,8615,29.999444444444446,1,6.964596633778293e-05,0.0,0.0,0.6,100.0,6.875154134617397,0.0,0.07164414227675982,0.03499064938414909
1119,8615,29.999444444444446,1,0.9096624636729106,0.9132649119902887,1.0666666666666669,1.2666666666666666,100.0,35.82485594978289,0.2045646099563685,0.24180711015301842,0.1193101732857972
112,8610,29.999444444444446,8,6.195376461275852,7.110358796296297,8.00083333333332,34.525,6.92218350754936,2.1714464949060357,51.21932354843505,597.3047090601359,304.21778862800636
1120,8613,29.999444444444446,1,0.9671400970251546,0.9785493827160494,1.2666666666666666,3.1333333333333333,100.0,43.492083072318245,0.2055678889012222,1.167398119122257,0.5167678426299115
1121,8635,29.999444444444446,1,0.13133721197415466,0.13658509700176366,0.4,1.5,100.0,23.233060514589845,0.044006997956042515,0.00011580775911986091,0.0
1122,8612,29.999444444444446,1,0.991410103288877,0.9463734567901235,1.4666666666666666,2.8666666666666667,100.0,45.31991796902264,0.23283541238139469,0.12647523942229005,0.06344635392475617
1123,8616,29.999444444444446,1,0.9155493364058824,0.9133487654320989,1.0666666666666669,3.0,100.0,42.8709707075274,0.20924666675014864,8.51129681213246e-05,6.190034045187244e-05
1124,8616,29.999444444444446,1,0.9152845384652489,0.9142636684303352,1.0666666666666669,3.0,100.0,43.01083147637775,0.2913627848603475,0.12851781845514437,0.06543943714904718
1125,8616,29.999444444444446,1,0.9101501820164773,0.9125771604938272,1.0666666666666669,2.733333333333333,100.0,48.4068540601877,0.20749192517994744,0.03313676290695789,0.013660631383472607
1126,8539,29.72164351851852,1,0.9112298853896232,0.9126488095238096,1.0666666666666669,1.2,100.0,52.35408152391924,0.21813828225878812,0.004904109436256057,0.002381231213647187
1127,8635,29.999444444444446,1,0.13127963331784986,0.13628747795414461,0.4,1.3333333333333337,100.0,25.210919757686618,0.04094304845897201,0.0001389693109438331,0.0
1128,8635,29.999444444444446,1,0.17463519302546515,0.22039091309924644,0.4666666666666666,8.066666666666666,99.93051534452808,26.372233395113533,1.597457674539319,116.36884239867447,58.54169369329763
1129,8637,29.999444444444446,1,0.11441748402498664,0.1377204585537919,0.4,1.0,100.0,18.11612891452466,1.1310087841609202,0.11277408381437556,0.05008214933536225
113,8344,29.051458333333333,0,1.2956722949569606,1.1521894290123458,1.55,53.63333333333333,99.65244487056567,1.0802883024318966,8.97897168813396,91.97839491524772,67.8342116077435
1130,8634,29.999444444444446,1,0.13139388022987744,0.13680555555555554,0.4,1.0,100.0,22.730450037597315,0.041249328619029774,0.18199697761893732,0.09111817068731594
1131,8636,29.999444444444446,1,0.08962221775445492,0.09231701940035274,0.4,1.2857142857142858,100.0,21.636258671471477,1.082553331016161,0.00010090650433401697,0.0
1132,6358,22.092291666666668,1,0.1345803562066538,0.13607804232804233,0.4,8.214285714285715,99.98427178357974,15.857112259562848,1.1013193841913564,9.436929852154756e-05,0.0
1133,8636,29.999444444444446,1,0.1495682524978495,0.14963624338624337,0.4,5.333333333333334,99.98842056507642,16.8222147866456,0.044746244954674774,11.635881233171645,5.872541681724174
1134,8635,29.999444444444446,1,0.11468276945983953,0.12217813051146385,0.4,0.5333333333333333,100.0,12.803322004046596,0.04155988385287747,0.00010808724184520364,0.0
1135,8636,29.999444444444446,1,0.1313878706595242,0.1368757931909728,0.4,0.75,100.0,24.656264037419696,1.1015651921800602,8.491585610622192e-05,0.0
1136,8616,29.999444444444446,1,0.9146055858538449,0.9151510141093476,1.0666666666666669,3.0,100.0,34.37922612176589,0.21698906781601765,0.00012380068090374485,0.0
1137,8634,29.999444444444446,1,0.1314719216387041,0.13644731040564373,0.4,2.0,100.0,24.29799353447244,1.1249995365353254,0.00016270117034536754,0.0
1138,8618,29.999444444444446,1,0.9120559258178196,0.9138007054673722,1.0666666666666669,1.2857142857142858,100.0,43.40846948938604,0.2442292745031199,0.00012377195018178992,0.0
1139,6342,22.092291666666668,1,0.912888924383721,0.9115740740740742,1.0666666666666669,3.8,100.0,32.6176076514326,0.2218963576106433,0.059056347135817304,0.006352960610292681
114,8616,29.999444444444446,16,2.7576331069285676,1.8417135767396187,3.8676339285714283,12.854166666666668,98.0385329619313,0.6863432780977347,21.961369915870264,146.1593404825212,34.29002066778007
1140,8617,29.999444444444446,1,0.9109395903697866,0.9144841269841272,1.0666666666666669,2.0,100.0,43.11446048318345,0.20335239110044726,0.000108313024641213,0.0
1141,8633,29.999444444444446,1,0.1514942661878837,0.14220879545329138,0.4666666666666666,5.8,99.94208270589598,23.71243769271057,1.1017957967743672,46.213337949744755,23.38090583496584
1142,8616,29.999444444444446,1,0.9221473267782461,0.9138888888888891,1.0666666666666669,3.666666666666667,100.0,38.74334862968367,0.2198068618681432,10.066480327935759,4.992555024414355
1143,8635,29.999444444444446,1,0.13348112609259108,0.14828042328042326,0.4,1.4,100.0,25.7113379108164,0.04288153460127981,5.9244457877578895,2.970611045005949
1144,6564,22.828622685185184,1,0.9128290534369147,0.9101190476190476,1.0666666666666669,1.3333333333333337,100.0,55.32780907558675,0.22275827082728358,0.00015234613040828745,0.0
1145,8637,29.999444444444446,1,0.11176940846965161,0.13683862433862434,0.4,1.0,100.0,12.658835063884371,1.1242310851897515,1.4546530155422133,0.7297551508735948
1146,8619,29.999444444444446,1,0.9154068849509157,0.9152777777777779,1.0666666666666669,3.0,100.0,34.199282076997264,0.20630655842977455,1.3207874076652357,0.668669992651893
1147,8633,29.999444444444446,1,0.13243294924054796,0.14243827160493827,0.4,2.25,100.0,17.945513994014032,1.1166634808619054,0.047738559495770196,0.023919474736108583
1148,8615,29.999444444444446,1,0.9149332031224081,0.9131172839506173,1.0666666666666669,3.0,100.0,40.03349620469362,0.27107327411738324,0.057462287502914315,0.028130602872332412
1149,8632,29.999444444444446,1,0.13089942186327727,0.13637566137566137,0.4,0.5333333333333333,100.0,17.406765687046686,0.1224993380113862,0.6035813159654679,0.30272047615652803
115,8616,29.999444444444446,4,2.0701239611711406,2.590308090828924,3.016666666666667,24.433333333333334,98.25905292479109,5.179907373533107,22.218593803673887,148.87338519187404,86.74835303005567
1150,8612,29.999444444444446,1,0.9448797912104927,0.9748456790123456,1.2,2.6,100.0,40.01088499156268,0.19163680799769978,0.0,0.0
1152,8633,29.999444444444446,1,0.1310795232027712,0.13675440048557083,0.4,0.4285714285714285,100.0,23.63307588451924,0.0405244548879438,0.0001158345882080389,0.0
1153,8635,29.999444444444446,1,0.13123258906698396,0.1365299823633157,0.4,2.0,100.0,23.493801863786057,0.04420599923784634,0.0003330851738495048,0.00012407974191413668
1154,8635,29.999444444444446,1,0.13101908707004248,0.13683862433862434,0.4,1.3333333333333337,100.0,20.024470390048148,0.042134595765168995,0.0001235282763945184,0.0
1155,8636,29.999444444444446,1,0.1311484042435872,0.13623787477954144,0.4,0.75,100.0,24.336206102810976,1.1230555244508464,0.00013178499746355232,0.0
1156,8635,29.999444444444446,1,0.09766785231753386,0.06960978835978836,0.4,0.8666666666666667,100.0,21.262877064028554,1.090571671139129,1.212859643733992,0.600510221297714
1157,4631,16.140358796296297,1,0.9143428298470406,0.9144290123456792,1.0666666666666669,9.133333333333333,99.97840639170805,31.964535187655056,0.21283997079721542,0.0002303318217807529,2.8791477722594105e-05
1158,8629,29.999444444444446,1,0.16591154367837643,0.16057740169238427,0.4,3.0,100.0,15.959601667952088,1.1133320414407448,25.869554282649656,13.010542576749554
1159,8635,29.999444444444446,1,0.13109851931507985,0.13665123456790124,0.4,1.0,100.0,18.56465378434012,1.0838966396146477,0.0001312487936691758,0.0
116,8617,29.999444444444446,4,1.439955534485243,1.5047839506172838,1.65,5.05,99.98839503307416,3.0915110147789506,8.296676795539508,3.308656410060611,0.02965864741424679
1160,8619,29.999444444444446,1,1.4153000845308539,1.384104938271605,1.0666666666666669,65.13333333333333,98.0276134122288,18.318941857789905,0.27477499875689915,327.7732136641639,164.8050099724308
1161,8629,29.999444444444446,1,0.13178793882235765,0.13676941774389573,0.4,1.0,100.0,19.29248131642626,1.123803103259008,0.8232541100109764,0.40315225811517386
1162,8616,29.999444444444446,1,0.9678808273254652,0.9533797799422801,1.2666666666666666,3.0,100.0,44.12478071604647,0.24459361759152842,17.110977190172875,8.831513752161385
1163,8616,29.999444444444446,1,0.9177831170171004,0.9416666666666669,1.0666666666666669,12.6,99.98839368616528,43.87425255361446,0.251612140374327,2.0160225162488397,1.0140890978025376
1164,4076,14.150625,1,0.14757689971134522,0.13654100529100527,0.4,7.266666666666667,99.92639842983317,17.794658014328608,1.0890704963447846,7.64743616703872,3.857582489476503
1165,8619,29.999444444444446,1,0.9111362493715436,0.9127314814814816,1.0666666666666669,1.5,100.0,36.11212561699807,0.20226271968353415,0.00016243183663998143,1.5469698727617277e-05
1166,8618,29.999444444444446,1,0.9118950922211541,0.9138695987654322,1.0666666666666669,1.8,100.0,46.898927982164636,0.22743065706630336,1.1228160328879753,0.5699300467460132
1167,8612,29.999444444444446,1,1.4855489571583396,2.432677469135802,1.3333333333333337,49.8,98.4440315838365,49.879842433659874,0.2012344347864552,334.7925414150797,168.22682110233782
1168,8635,29.999444444444446,1,0.13153629616860651,0.1367228835978836,0.4,2.0,100.0,23.7104362134672,0.042557757818325256,0.00011580775911986102,0.0
1169,8635,29.999444444444446,1,0.1310241351005682,0.1361386684303351,0.4,2.0,100.0,16.150922289499853,0.05911595835162713,0.0,0.0
117,8619,29.999444444444446,16,3.740506764948224,4.3814883708112875,4.904166666666667,9.804166666666667,98.34087481146304,0.5779088880233243,18.52646412932699,27.14190147749145,12.345164644111739
1170,8635,29.999444444444446,1,0.00011580775911986103,0.0,0.0,0.4,100.0,6.095667121003194,0.00035569526015385864,0.2779409588674209,0.13654895191664151
1171,8632,29.999444444444446,1,0.13080784677170218,0.13614417989417987,0.4,0.5333333333333333,100.0,23.648507044491268,0.040117613310384374,0.05434816187828236,0.027289928946555454
1172,8635,29.999444444444446,1,0.1312513581766622,0.13672839506172837,0.4,0.7272727272727273,100.0,20.73044481254741,0.5048598043531454,2.5914275391982398,1.297204561185453
1173,8617,29.999444444444446,1,0.9128376884034306,0.9139109347442682,1.0666666666666669,3.0,100.0,52.7232601144726,0.2239692553780983,1.7595771371099211,0.8629735240968849
1174,8636,29.999444444444446,1,0.13094822808810763,0.13664404348065992,0.4,0.5454545454545454,100.0,21.994581966379354,1.1044066497806655,0.0,0.0
1175,8636,29.999444444444446,1,0.1124539579611372,0.13640321869488534,0.4,1.3333333333333337,100.0,23.459924008082965,0.04139458882684911,0.0,0.0
1176,8633,29.999444444444446,1,0.09207231755592696,0.09311188361014548,0.4,0.6666666666666667,100.0,16.919942925786728,1.076763857402106,0.17988670274086696,0.08943257599576375
1177,8618,29.999444444444446,1,0.9142372277293372,0.9158950617283952,1.0666666666666669,2.0666666666666664,100.0,43.28204329340066,0.22613425388721278,1.8971330769485795,0.9438026997756634
1178,8635,29.999444444444446,1,0.13134557586786888,0.13639219576719577,0.4,1.5,100.0,25.60750219987745,1.0770103787996088,0.0,0.0
1179,8617,29.999444444444446,1,0.9115527052860232,0.9125771604938272,1.0666666666666669,6.6,99.98839503307416,43.54248741930534,0.19601590497493943,0.21240736749614555,0.1061379222688263
118,8616,29.999444444444446,32,10.450249990598614,10.601284773892198,15.178125,17.460416666666667,0.0,0.19712265232647927,10.48598046954593,4.00375734602754,0.07528701181208142
1180,8632,29.999444444444446,1,0.13090769672094973,0.1357583774250441,0.4,0.5333333333333333,100.0,17.692557787567157,1.1085764019730655,0.0,0.0
1181,8635,29.999444444444446,1,0.13140030882069098,0.1349316578483245,0.4,1.2,100.0,23.44697219933222,1.109287510726422,0.0,0.0
1182,8636,29.999444444444446,1,0.11985101127064998,0.12071952767201898,0.4,0.6,100.0,18.149356192598685,1.080812225960443,0.00011579434923575717,0.0
1183,8635,29.999444444444446,1,0.13084622383985442,0.13544973544973546,0.4,1.0,100.0,23.66612370471794,1.0918334779162806,0.0,0.0
1184,8617,29.999444444444446,1,0.9914288514729505,0.9109567901234569,1.8,5.4,99.98839503307416,41.70231654644203,0.19300194344873464,0.13179484628944999,0.06518178351763126
1185,8632,29.999444444444446,1,0.13134249452020536,0.13673232908458866,0.4,2.0,100.0,21.348497593937566,1.1003705339172207,0.0,0.0
1186,8632,29.999444444444446,1,0.13133936846286243,0.13665123456790124,0.4,1.2,100.0,21.98492829499933,0.04977129212821982,0.0,0.0
1187,8612,29.999444444444446,1,0.9401657156127663,0.9834104938271606,1.2,2.4,100.0,54.02491995644106,0.20478927520845772,0.0,0.0
1188,8617,29.999444444444446,1,1.1709288132985476,1.1164351851851853,1.2,186.6,98.6074039688987,45.71017072159854,0.2916423518199078,231.84523809266182,116.14020866372033
1189,8616,29.999444444444446,1,0.9147922489148116,0.9134406231628455,1.0666666666666669,3.0,100.0,34.87720721512793,0.20290107183387124,0.0,0.0
119,8614,29.999444444444446,32,10.542190060551341,10.454732280643737,14.913229166666666,18.45833333333333,13.18783375899698,0.22818232969729102,10.620451275628893,4.011650909070807,0.07242200180440253
1190,8636,29.999444444444446,1,0.1304635884418191,0.13518733101583622,0.4,0.7333333333333333,100.0,15.444181416300072,0.6175187535047424,2.781424840277318,1.4033301659228015
1191,8637,29.999444444444446,1,0.08843233876231446,0.09064662189662188,0.4,2.0,100.0,21.324558186158608,1.0832833283423766,0.0,0.0
1192,8632,29.999444444444446,1,0.13125082748576727,0.13559303350970017,0.4,0.5333333333333333,100.0,28.391107901960766,0.04059755505538636,0.0,0.0
1193,8634,29.999444444444446,1,0.08349964451423798,0.07399691358024692,0.4,0.6,100.0,17.81968295261596,0.0318337178483113,0.0,0.0
1194,8635,29.999444444444446,1,0.0,0.0,0.0,0.0,100.0,6.179605439172214,0.0,0.0,0.0
1195,8636,29.999444444444446,1,0.13145982857654925,0.1375600066214203,0.4,0.8571428571428571,100.0,24.213710130190634,1.1120296428135705,0.0,0.0
1196,8619,29.999444444444446,1,0.9107415531188591,0.9125826719576721,1.0666666666666669,1.25,100.0,42.135053135310905,0.20027968769702148,0.00016243183663998143,1.5469698727617277e-05
1197,8633,29.999444444444446,1,0.13130733122624702,0.13622134038800707,0.4,2.0,100.0,17.447520670627938,1.1160320168139004,0.0,0.0
1198,8636,29.999444444444446,1,0.08630649110037716,0.06673280423280424,0.4,0.8571428571428571,100.0,14.076993999328366,0.033035025033635486,0.0,0.0
1199,8613,29.999444444444446,1,0.9138905349459164,0.9118827160493829,1.0666666666666669,7.0,99.98838964356206,38.6863608713938,0.21819106883544362,8.599904493251758,4.283836600207204
12,8635,29.999444444444446,1,1.0083072765875314,1.0151399911816579,1.0,10.733333333333333,99.95367689635205,0.17517427983529255,0.4086775220533182,0.0,0.0
120,8613,29.999444444444446,32,9.938287286881527,9.592708333333334,14.464583333333332,16.96875,13.061650992685475,0.16304238440967883,8.809347369221976,3.589868446503765,0.04054703762122777
1200,8632,29.999444444444446,1,0.1312888918310605,0.1364528218694885,0.4,0.9333333333333332,100.0,25.781515409758565,0.046810318195860345,1.3271759905216811,0.6667225113471639
1201,8616,29.999444444444446,1,0.0,0.0,0.0,0.0,100.0,6.668760590481374,0.0,0.00014701330857319714,1.547508511296812e-05
1202,8615,29.999444444444446,1,3.5630281113740194,17.474855156431055,21.666666666666664,158.2,85.26987811955891,7.381810705590171,0.0,3396.6461483186963,1698.296618839985
1203,8617,29.999444444444446,1,0.9094631246540265,0.9113425925925926,1.0666666666666669,1.2666666666666666,100.0,46.02910246538843,0.22413499102602036,0.00016246953696181965,1.547328923445901e-05
1204,8615,29.999444444444446,1,0.9209584743624211,0.9171079178023624,1.0666666666666669,3.0,100.0,35.11098849427761,0.20552820204880562,5.112136404899028,2.573921926400162
1205,8635,29.999444444444446,1,0.13181290047532085,0.13667328042328042,0.4,1.3333333333333337,100.0,22.172888562041635,1.0839760239760239,1.3449339902843087,0.6911495440157861
1206,8634,29.999444444444446,1,0.13130147784421586,0.1368909512761021,0.4,0.75,100.0,23.127122856898932,0.047135080578444004,3.533523335208533,1.806627728691662
1207,8633,29.999444444444446,1,0.13992262419228713,0.1419753086419753,0.4,4.0,100.0,23.297922726094374,0.04362474854771852,8.210867490747024,4.2006310227090955
1208,8635,29.999444444444446,1,0.1314349769126839,0.13659611992945328,0.4,2.0,100.0,20.412569174651303,1.1135032836943664,0.00011580775911986102,0.0
121,8613,29.999444444444446,4,2.965225244104554,3.042066936728395,4.233333333333333,12.1,99.25693718797167,1.08452533509483,9.94563114620586,4.011591601246774,0.21172378068929795
1210,4329,15.08125,1,0.9103790180713258,0.9131944444444445,1.0666666666666669,4.466666666666667,100.0,32.79658877986308,0.20878105493490104,0.645969045969046,0.005713405713405713
1212,4244,14.765405092592593,1,0.9110027159980035,0.9151052048726469,1.0666666666666669,1.3333333333333337,100.0,37.9650366214402,0.19863926391965978,0.0002303906168185148,0.0
1213,23690,29.999444444444446,2,0.026188198087733754,0.0,0.0,1.0333333333333332,100.0,16.833680280911054,0.9774009192814596,0.0,0.0
1214,13086,29.999444444444446,1,2.8340288239703644,0.0,0.5,103.0,95.49900657190891,10.99733529135017,0.5853066414964626,2.0969119124036593,1.1012683493082394
1215,8618,29.999444444444446,1,0.05888063742554343,0.3097222222222223,0.6,5.533333333333334,99.97679275934091,8.601700180012061,0.33898134239860855,6.398353561036319,3.222832333211772
1216,8636,29.999444444444446,1,0.003401596859216127,0.0036693704132869836,0.0,0.8,100.0,1.6336143734130013,0.3830231959255813,0.022986832528286903,0.01934537594565385
1217,8632,29.999444444444446,2,0.7565558939052914,0.8750771604938271,4.748333333333297,28.266666666666666,95.21547729379056,3.055289349898518,1.6918139591332362,2.280042146608412,2.218473895582329
1218,15663,29.999444444444446,1,0.17895691566444294,0.0,1.0,86.33333333333334,99.46370427121242,1.1853359119082008,1.268366603283286,0.0565132264998191,0.021875028502111437
1219,8634,29.999444444444446,1,0.001380739688592364,0.004156491656491657,0.0,1.0,100.0,1.5281741870965189,1.6971363160557045,0.0,0.0
122,8613,29.999444444444446,16,2.3573853992479905,2.37010582010582,2.901666666666665,12.629166666666668,99.36143039591315,1.2266840592728046,31.553039922266677,132.85798417657523,63.71120041284618
1220,8616,29.999444444444446,1,1.0659175653604622,1.0425925925925925,1.2,86.46666666666665,99.60538532961931,3.779691890857771,12.726660681665907,0.2518600499624176,0.13271571163284254
1221,8618,29.999444444444446,2,0.708469589253994,0.5506751543209876,1.0666666666666669,58.73333333333333,99.88396379670456,1.9533015269504865,10.81138298249287,0.3564441167249243,0.21386435564899245
1222,8620,29.999444444444446,1,0.46143569983767196,0.23632054673721342,2.0,17.266666666666666,99.98839907192576,2.3270725964141925,4.361583289422616,7.143382833652556,1.752396850378289
1223,4021,13.966585648148149,0,0.15033692163759313,0.10546900894928737,0.2,66.93333333333334,99.80104451628948,1.1387460998881491,7.744702002797004,3.006304025080449,0.8180575786643928
1224,6601,22.991805555555555,0,1.3711650743842838,0.9976466049382716,2.0,92.0,99.46977730646871,3.726316556895602,21.63382296640894,0.5331725942088009,0.06959787674830849
1225,8635,29.999444444444446,1,1.0863363211452386,1.0673611111111112,1.8,9.266666666666666,99.95367689635205,0.46677497765810333,0.6778281243944243,0.035163697526175805,0.005281936746904895
1226,8637,29.999444444444446,8,12.02040179088308,12.981800457451497,24.99333333333332,37.95,3.4965844621975224,15.157460561370696,364.8959966618615,253.19374763825962,145.699990415204
1227,8633,29.999444444444446,4,7.784973806214251,2.5376803647299013,11.45,13.983333333333333,27.510714699409245,13.879339662099285,6.119787114696184,2727.877617034304,15.307119690225216
1228,8635,29.999444444444446,4,10.703038712879478,34.518430335097,34.666666666666664,42.56666666666667,16.247828604516503,10.00106712802618,73.1842753386355,175.88201447269196,52.833850160648076
1229,8637,29.999444444444446,4,4.169153062405928,5.917078648589065,18.623333333333296,64.03333333333333,75.14183165450967,11.15324526940931,5.604081182797751,105.14412177398455,36.57296253108167
123,8615,29.999444444444446,4,2.8733615233673273,3.425318287037037,3.388333333333321,39.86666666666667,96.59895531050493,4.950577357200369,22.1310287023868,116.1462775336484,49.450692866815906
1230,8613,29.999444444444446,2,11.455460765030601,20.269907407407405,26.966666666666665,79.36666666666667,27.760362243120863,10.699026347683128,13.183157212319525,1625.3008392983488,11.767317682059932
1231,8637,29.999444444444446,4,0.8209093606019623,0.8616043871252204,2.1666666666666665,30.466666666666665,98.93481532939678,4.880572212513563,5.731424461070172,7.909678482915718,4.0431014298503
1232,8633,29.999444444444446,4,0.7279015300278187,0.9840966710758378,1.6233333333333273,30.966666666666665,98.2045638827754,4.598846977644398,4.259859301026913,9.2434966776534,2.541670903905932
1233,8637,29.999444444444446,4,2.8877223958936358,4.548341049382716,11.686666666666648,39.4,80.35197406506889,10.621423795214204,17.685510979892708,57.41764101843122,35.69678997337038
1234,5754,20.057372685185186,0,2.6145668349917566,4.5724454365079366,4.766666666666667,15.766666666666667,97.74070212026416,16.31895550239159,9.647997699496656,207.4515874520567,2.7924891699657084
1236,8635,29.999444444444446,1,0.09713661941224189,0.12955246913580248,0.0,36.53333333333333,99.47886508396063,1.8639828858592449,4.5383894854421785,0.015437525223280867,0.0017202716218350266
1237,8634,29.999444444444446,1,0.022382717275003582,0.022861552028218688,0.2,0.6666666666666667,100.0,0.6250206520658753,0.3182563749276744,0.0,0.0
1238,8634,29.999444444444446,4,0.06604357633718298,0.09663273188765654,0.1833333333333333,0.6166666666666667,100.0,0.03302672595336086,0.2851824841053472,0.0,0.0
1239,8632,29.999444444444446,0,0.31309082483781275,3.1352668213457076,0.0,101.61666666666666,99.60611677479147,2.3063794744105732,0.655776953969725,5.353001354530548,0.19799137377914022
124,8618,29.999444444444446,32,4.131012898494568,4.521135774911817,7.933958333333332,10.75,91.65699698305872,0.03130593603210672,37.69029462357091,291.5097916597598,226.3511969686923
1241,8633,29.999444444444446,0,0.31911670610558607,3.188581624779541,0.0,101.5,99.57141202363026,2.4996394873184826,0.8359241669562532,5.664480702509198,0.2849370907867375
1242,8635,29.999444444444446,0,0.31511098243582325,3.156593194122196,0.0,102.0,99.60625361899247,2.547923959937965,0.9643179750186117,5.459262690600271,0.26951553754101526
1243,8633,29.999444444444446,0,0.31847175566624203,3.1821373456790125,0.0,101.53333333333336,99.58299548245107,2.528113565133915,1.020533611336345,6.441893509401908,0.2562029421985405
1244,8636,29.999444444444446,0,0.32089171298440633,3.2074315200617285,0.0,101.85,99.55998147290413,2.6209708254871193,0.9119962945808243,6.428624363131079,0.2527945036282229
1245,8637,29.999444444444446,0,0.32537070576754495,3.252577298280423,0.0,101.5,99.5600324186639,2.3914183743789335,0.6578910649768588,6.8618489919636145,0.3212927090662416
1246,8634,29.999444444444446,0,0.31171724191182143,3.1150077160493823,0.0,100.51666666666668,99.59462589761408,2.429529604830508,0.8414253725581037,5.606850822330322,0.20016987105242842
1247,8633,29.999444444444446,0,0.31999884165411796,3.197395833333333,0.0,101.65,99.54824510598866,2.3707721345629533,0.6284914475462373,6.908189505386308,0.2632831935044375
1248,8634,29.999444444444446,0,0.3176583165116869,3.17805550957347,0.0,101.46666666666664,99.58304378040306,2.344984265917412,0.8704863895273902,5.584664088903144,0.23970171593521145
1249,8636,29.999444444444446,0,0.32265757681025165,3.2250819830246913,0.0,101.46666666666664,99.59471977767484,2.664964541564299,0.785618341824919,5.837042612320519,0.263436004322989
125,8613,29.999444444444446,32,9.940043008290134,9.957887249228396,14.989583333333332,23.85,18.495297805642632,0.13422541399267138,8.469883075630202,20.9544986303607,5.269468207399242
1250,8631,29.999444444444446,0,0.3247630357901473,3.244247409611993,0.0,101.9,99.58289885297185,2.433051314161845,0.6647011814895027,6.188213624709976,0.2651233330065446
126,8615,29.999444444444446,16,2.268810300323105,3.0403317108720755,3.591666666666667,24.0,96.3435867672664,1.285998366434822,31.996681488370402,27.69145239200085,14.52149107808423
127,8619,29.999444444444446,8,1.6237234503484939,1.4896301807760142,1.875,4.066666666666666,100.0,0.9701141189335771,13.347881988066463,3.6695723704947514,0.22719082267463744
128,8613,29.999444444444446,32,6.10019812562916,3.6936504491843034,7.579583333333331,14.802083333333332,22.87240218274701,0.6933747321229254,692.696495607415,207.92618858365984,188.24956452657602
129,8616,29.999444444444446,4,2.98441292970802,2.2331838348765434,3.6,30.633333333333336,98.49117920148561,4.120897528745613,15.09933135283936,26.5118892900404,8.087838823458599
13,8635,29.999444444444446,1,0.009279510298618579,0.02588734567901234,0.0,2.0,100.0,1.7083745740980776,0.9779899081809911,0.07333609066093141,0.0018595417321531972
130,2060,7.191655092592592,0,2.8585044281668974,2.8676249724426808,2.9084375,6.358333333333333,99.85436893203884,5.511175368715508,18.09508321775312,36.246028663892744,18.842609801202038
131,8617,29.999444444444446,16,2.0299225747899157,2.0308300953483243,2.620833333333333,13.3125,99.86074039688987,1.9014051914000032,36.90018669775546,55.0931805612669,31.12096307622593
132,8619,29.999444444444446,16,1.6281793921793488,1.8279176311728393,2.2795833333333313,3.825,100.0,0.4324999740813905,1.276557002575102,0.0,0.0
133,8618,29.999444444444446,32,3.692062091259447,3.4694797522597005,7.708541666666656,13.358333333333333,93.94291018797864,0.6600524638235901,32.14405623385665,23.835507976590595,12.80915181553961
134,8617,29.999444444444446,4,3.868449378751688,2.9155768912431714,10.733333333333333,98.63333333333334,89.33503539514912,5.89995555270613,40.60109356621484,190.14381974935824,94.73399330737733
135,8617,29.999444444444446,32,5.191233090919757,7.516574349647266,7.7054166666666655,9.7875,54.92630846002089,0.06508031674462712,8.29688603822003,7.179696947089891,2.516819955217889
136,8614,29.999444444444446,16,1.6493784343317082,1.8041425540123457,1.8666666666666665,4.108333333333333,100.0,0.3801260718049554,21.424267335481638,5.850695434895575,2.084488153283138
137,8614,29.999444444444446,8,1.243450066060787,1.2907228284832453,1.4083333333333334,5.6,99.98839099140933,1.3771220890391584,13.179801558243629,3.90469612037989,0.44724700653421334
138,8619,29.999444444444446,8,1.5631581297870891,1.6639274691358024,1.6916666666666669,5.975,99.98839772595429,0.1519493569875151,13.06505045147579,3.9524306764125767,0.4903568528002917
139,8619,29.999444444444446,8,1.410202380527389,1.570600098204265,1.6916666666666669,6.133333333333334,99.98839772595429,0.14697136892175372,13.414627476531411,4.511659139870069,1.0400025745483457
14,16143,29.999444444444446,0,0.24092924693881762,0.0,0.0,92.3,99.67787895682339,2.1146935803706484,16.05404199962832,1.199540564537777,0.24735489066468438
140,8619,29.999444444444446,8,1.5508605019917237,1.5349826388888888,1.6333333333333335,8.708333333333334,99.93038635572572,1.3287651194120713,13.577306823199619,3.8940325637158213,0.4276288819275244
141,8633,29.999444444444446,2,0.925999142272454,1.0063795194003529,1.0666666666666669,5.7,99.98841654117919,4.400762032276654,2.0787142954089557,5.178438126862776,2.8332482960364342
142,8634,29.999444444444446,2,10.861107089542633,3.0095568783068782,25.94500000000001,107.33333333333334,60.49339819318972,14.962000047880338,1138.3346696961187,11.668164390688714,2.7496753330318304
143,8617,29.999444444444446,8,4.274189793707897,3.882156635802469,7.1749999999999545,93.19166666666666,94.48764071022397,0.9239399177326832,9.81183825651738,392.3252789336693,191.5869167813348
144,8614,29.999444444444446,8,1.1288804140484543,1.1455067791005291,1.275,2.975,100.0,0.6792106638022619,7.7660729178723145,3.273703937112342,0.00860669784514688
145,8614,29.999444444444446,32,11.708729248897143,13.262075617283951,20.54437499999998,73.93125,6.53587183654516,0.5795159742892286,2349.437135981424,273.83216414032523,260.68017513018674
146,8615,29.999444444444446,4,2.3148177760525406,2.1474010942760944,2.716666666666667,31.0,98.57225769007545,5.0703788006239305,10.953475354206638,623.0204206227769,427.55149421417553
147,8612,29.999444444444446,4,1.4842523517729624,1.6282189758869945,2.5,14.35,99.77937761263354,3.035333261006309,20.554065638134382,42.79301698714146,18.975191512569587
148,8618,29.999444444444446,4,0.8582504535509873,0.5135030864197531,1.2166666666666668,3.65,100.0,0.6336223133864333,2.4462404978534007,0.8150824208668256,0.4481857999147393
149,8616,29.999444444444446,2,1.1832141805244172,1.1575617283950617,3.2,94.53333333333336,98.64206128133705,11.15488528170252,458.0084231218719,1.2393843041823542,0.5441151991900599
15,8632,29.999444444444446,1,2.4735694680666875,1.7534722222222219,3.1333333333333333,11.533333333333331,99.88415199258573,17.19230950000303,6.791719823786552,0.49775546253766817,0.37984886856527256
150,10370,29.999444444444446,2,0.7164878917289718,0.0,2.769999999999951,94.73333333333332,97.21311475409836,9.230639712821235,290.81422223281913,0.26737968663716005,0.18756039952761264
151,8617,29.999444444444446,2,0.5161496363422787,0.5008101851851852,0.5,2.0,100.0,4.159995609751437,12.040614143892547,0.13653960928244321,0.1362327223792931
152,6873,23.90164351851852,2,0.42957156371604205,0.3350510728982951,0.5,87.53333333333335,99.91270187690965,3.85436871866984,4.1900259132690385,0.004658209372308017,0.004105321259402444
153,8618,29.999444444444446,2,0.503409327257668,0.5003616898148148,0.5,1.5,100.0,4.910992463154682,12.144662152717967,0.10803883592233555,0.10798726427642649
154,8613,29.999444444444446,2,0.5141333281963725,0.5,0.5,1.7,100.0,2.9686141331086247,11.355740600846836,0.10228739100212456,0.10228739100212456
155,8617,29.999444444444446,1,3.121732510716496,3.045216049382716,4.0,13.933333333333332,95.9614715098062,3.6768228175578193,0.5157803001222985,19.69830170860692,10.082714143811392
156,8615,29.999444444444446,2,5.74734467940649,6.792639187772443,9.533333333333331,95.0,45.118978525827046,15.648175112349614,71.13697591471532,10.278674796216874,3.370007110320517
157,8365,29.127847222222222,0,3.0882431996508504,3.013888888888889,3.466666666666667,94.73333333333332,99.53377166766289,10.756001968144991,12.258825158039146,0.4772663008108316,0.42475327886565184
158,8613,29.999444444444446,1,0.09436155102299303,0.35270061728395063,0.4666666666666666,57.26666666666667,99.9187275049344,2.1596683670690147,5.438569323139159,0.24688317217052838,0.0009675297031618867
159,8613,29.999444444444446,1,3.375297066415144,3.1297798377752026,5.0,9.533333333333331,94.91466388018112,4.341528898983468,12.431044117782188,0.533093932397311,0.51562421607702
16,16141,29.999444444444446,0,0.23992701225214702,0.0,0.0,92.0,99.68403444644073,2.066450760229401,15.725834830555726,1.2174534828490593,0.23887408875947383
160,8614,29.999444444444446,1,3.060711810633449,3.015432098765432,3.466666666666667,7.133333333333334,99.55885767355468,3.6905054856646413,11.239189489920857,0.4453935595014072,0.4271906340312423
163,8615,29.999444444444446,1,0.4494527391741553,0.7998070987654321,1.2,17.0,99.9883923389437,1.2314519982142078,1.2732227345750269,0.13231637325078996,0.009414365862421574
164,8618,29.999444444444446,2,1.5626556819060882,1.7010030864197532,2.0,9.966666666666669,99.9187746576932,3.9649899567611144,5.953912747150738,0.62608782523786,0.48330140920939246
165,8619,29.999444444444446,2,2.0831763343075558,2.4067708333333333,2.5,12.9,99.8259658893143,4.586875017904628,40.67101887586573,0.8938121842577116,0.6336875426851062
166,8617,29.999444444444446,2,1.829350209575346,2.3742476851851855,2.733333333333333,11.466666666666669,99.88395033074156,1.9831934648899414,5.47216762097521,0.25700422100561365,0.16875682889957
167,8615,29.999444444444446,2,2.2466693115358236,2.210293549633063,2.766666666666667,11.1,99.90713871154962,2.7304136136947554,35.43639944501233,0.591304387880128,0.411505587338437
168,21267,29.999444444444446,2,1.516477441932372,0.0,13.666666666666668,21.3,89.11929280105328,10.28000800018255,3.4698316876198096,0.03995470290434319,0.03641949185749439
169,8636,29.999444444444446,1,0.3582841313387863,0.3548721340388007,0.6,19.133333333333333,99.94210282538212,8.600597061284207,8.61750790380943,0.03279361136007731,0.011396920973113654
17,8636,29.999444444444446,1,0.02943333877794276,0.03445797153792519,0.1333333333333333,11.466666666666669,99.97684113015285,5.537224247598705,3.053257225058406,0.44222200911640464,0.1748586763321594
170,8633,29.999444444444446,1,0.0027353510615412617,0.025509021685151463,0.0,6.466666666666666,99.98841654117919,0.8404370949577102,0.34158109545576243,0.3936533677527537,0.03564064801178204
171,8636,29.999444444444446,1,0.19642815884131307,0.43918565019376143,0.6,84.13333333333334,99.57156090782769,2.297467784089546,5.285362127065462,1.123780023820552,0.5084041884470323
172,8612,29.999444444444446,1,1.461274412226572,1.4666666666666666,1.4666666666666666,22.2,99.96516488620529,7.065879023019998,1.6280959016212149,0.03889146926768849,0.002059142282087009
173,8614,29.999444444444446,2,0.01176414716001435,0.029170173961840625,0.0,39.333333333333336,99.95356396563734,0.40865758047447165,5.453198666514199,0.017189072053246653,0.0016716972370559554
174,9261,29.999444444444446,2,1.0143371331903888,0.41644469994570593,1.5666666666666669,6.066666666666666,99.94601015009178,2.2422252244141534,1.9233828754479871,0.04715113558650973,0.0008854335384947629
175,8615,29.999444444444446,1,0.16224329356076309,0.006095679012345678,1.0,2.8,100.0,0.14487346350897384,0.612095385429686,0.014285161539949699,0.013519055910234086
176,8634,29.999444444444446,1,1.1334006199190354,1.144380069524913,1.8,15.266666666666667,99.93050729673384,2.2128795727160075,1.1325354824312432,0.09418136492493684,0.005946038364384437
177,8632,29.999444444444446,1,1.0807306147667595,1.0538707719472493,1.4666666666666666,8.333333333333334,99.95366079703429,1.9973365688164515,1.854643712211483,0.056736837459729024,0.054172183238448295
178,8634,29.999444444444446,1,0.0543863132466329,0.029646164021164014,0.2,15.133333333333333,99.98841788278897,2.470772189733828,1.235403223137761,0.1306534520224583,0.011075813230087024
179,20265,29.999444444444446,4,0.07382535570359404,0.0,0.5166666666666666,4.633333333333333,100.0,0.5719682272210207,0.531941858892266,0.16078295912492802,0.14338350193272476
18,16143,29.999444444444446,0,0.24107242413783947,0.0,0.0,92.28333333333336,99.67787895682339,2.0438959835007187,15.950023746102543,1.1830597369344815,0.24105597885564434
180,20264,29.999444444444446,1,0.14201859409617007,0.0,1.0,16.53333333333333,99.99013028030004,6.592578518406142,0.53119403666803,0.16554151862087116,0.14824283740341776
181,8618,29.999444444444446,4,0.28521892163688395,0.28333333333333327,0.2833333333333333,0.7833333333333333,100.0,0.667811471843612,0.18342229442252644,1.001028854335886,1.000533766535159
182,8619,29.999444444444446,4,0.5000676799319332,0.5,0.5,0.75,100.0,0.9518229488646673,0.07389101597246392,1.2198727617279654,1.1099866573848474
183,11288,29.999444444444446,8,43.79322719561081,0.4666666666666666,103.93333333333334,105.7,51.49716513111269,16.78190947842431,3.249870940491511,156.5291502440488,3.7522122859029308
184,11286,29.999444444444446,8,42.48933507148802,0.4583333333333333,103.25,104.99166666666666,52.551834130781494,16.469069135826807,3.8490738004095264,144.93246027261182,3.5085905081784934
185,11285,29.999444444444446,8,43.866438900168404,0.0,103.725,105.18333333333334,51.35135135135135,16.38971741617145,3.1107808673382444,114.55705600754781,3.1228844733762764
186,11284,29.999444444444446,8,42.97630297090262,0.44166666666666654,104.61666666666666,105.53333333333336,52.52570010634526,16.322806655861886,3.10817848134181,132.47251364473095,3.3361989265215066
187,11285,29.999444444444446,8,43.73192689593305,0.0,104.76666666666668,105.56666666666666,52.02481169694284,16.500575361356336,3.2506501016337084,116.90666365928661,3.4125260335096397
188,11284,29.999444444444446,8,43.53099319343143,0.0,104.5,105.4,52.53456221198156,16.44868470205986,4.007546313379795,112.75471788712882,2.9364563604106317
189,11286,29.999444444444446,8,43.41245961465509,0.0,104.44166666666666,105.31666666666666,52.72018429913167,16.532851903443046,3.024691828639197,126.40349986271039,3.980261307892887
19,16138,29.999444444444446,0,0.24504128085736712,0.0,0.0,92.58333333333334,99.68397570950552,1.9475011760788645,15.654380964183913,1.1755959020118145,0.23358429379931422
190,11285,29.999444444444446,8,43.07634327270598,0.0,103.84833333333331,105.31666666666666,52.671688081524145,16.2343213639788,2.9612269645876195,112.63058905599888,3.422923494562839
191,11283,29.999444444444446,8,43.01545412185036,0.0,104.59166666666664,105.775,52.72533900558363,16.403538928001986,3.15385107595291,127.89472379595354,3.255126500726075
192,11285,29.999444444444446,8,42.615826143899916,0.0,104.52333333333334,105.69166666666666,53.38059370846256,16.252611173409917,4.5225689805198,118.50875525473886,3.6431721957951466
193,11286,29.999444444444446,8,44.11557617853969,0.375,104.55,105.55833333333334,52.19741272372851,16.64689740581613,3.9714416512662125,126.69252318506705,3.192535421044193
194,11286,29.999444444444446,8,42.951658331737086,0.0,103.56458333333333,105.69166666666666,52.50753145489988,16.216090880631814,4.268255042749993,138.73677535422618,3.1601802002120976
195,11288,29.999444444444446,8,43.688034768239135,0.0,104.38333333333334,105.625,52.888022678951096,16.761368692023446,3.398906490342086,131.010090198702,3.3858221287925403
196,11286,29.999444444444446,8,42.940434553509384,0.0,103.89166666666668,105.26666666666668,53.535353535353536,16.272022890189852,2.862207975585169,134.53501800614373,4.051267478460461
197,11286,29.999444444444446,8,43.370947595474114,0.0,104.01666666666668,104.9,52.39234449760766,16.460544565567027,3.054378964705919,117.15133611244721,3.042512285202344
198,11282,29.999444444444446,8,43.14957412260915,0.0,103.87458333333332,105.11666666666666,52.52614784612657,16.47796978373998,3.0631608565064514,129.59661232029606,3.1387287292667545
199,11287,29.999444444444446,8,42.83040714475246,0.0,104.41666666666666,105.325,52.91042792593249,16.45164125534076,3.111759474885195,150.90960718745336,3.4038327398166155
2,16142,29.999444444444446,0,0.24073641815789631,0.0,0.0,92.26666666666668,99.6778590013629,1.9850049409090824,15.882591996035188,1.1876078965844796,0.24526700532771653
20,8615,29.999444444444446,0,0.1862878348194657,1.8574880751964087,0.5,58.96666666666667,99.6285548461985,3.4364659171784675,13.508972721996518,0.02010446894950667,0.00420197330237957
200,11283,29.999444444444446,8,43.24656216464412,0.0,103.95,104.59166666666664,52.53921829300718,10.28170437322853,3.9505666214786133,112.89717475794318,2.7988083366307244
201,11285,29.999444444444446,8,43.25213724956553,0.0,103.96666666666664,104.875,53.68187859991139,16.448296217514596,3.103227116505805,116.38856194511935,3.105442917246196
202,11282,29.999444444444446,8,44.19566042295224,0.0,104.35833333333332,105.46666666666664,52.64137564261656,16.75800954351798,3.073405802966165,143.92933387251327,3.305093637871514
203,11285,29.999444444444446,8,43.88397411227329,0.0,104.20833333333334,105.48333333333332,51.73238812583075,16.19029483901432,3.054632394140591,112.30055964023178,2.855998146981754
204,11284,29.999444444444446,8,42.495761538006086,0.0,104.66666666666666,105.525,53.44735909252039,16.194651673715224,3.126346620510924,136.62602286444897,3.1090355334727895
205,11285,29.999444444444446,8,43.367449020358855,0.0,104.625,105.64166666666668,52.88435976960567,16.397744764194485,4.2829181378361705,140.88063932965574,3.2921737879114925
206,11286,29.999444444444446,8,42.6253093411661,0.0,103.21666666666664,105.03333333333336,53.11890838206628,16.136996295540214,3.8294721886694245,116.9758924830363,2.9636994800737493
207,11283,29.999444444444446,8,43.30270637906905,0.0,104.45833333333334,105.15,52.62784720375786,16.27428807665428,3.0197605893963244,150.36994116600604,3.3540242449309186
208,11284,29.999444444444446,8,43.45124806524465,0.0,104.175,105.19166666666666,53.19035802906771,16.276670169055844,2.923709333027837,120.85789119649894,3.1472235639818056
209,8613,29.999444444444446,0,34.98006990880554,3.7903886959876547,104.775,105.99166666666666,57.8544061302682,10.652048552204008,6.4074045131951785,203.05835580850388,36.36748399890162
21,8636,29.999444444444446,2,0.6118345015722273,2.015981867283951,4.166666666666667,13.333333333333332,98.77257989810097,1.7547994059741128,2.362128436896848,6.413161475702004,3.2774461527356387
210,11281,29.999444444444446,8,43.835471695038116,0.34166666666666673,105.04166666666666,106.20833333333334,53.523623792217,16.670262405986918,4.597762453839042,126.50220980006904,3.1811178455048674
211,8616,29.999444444444446,0,41.987022624398584,39.2103057484568,104.75833333333334,105.675,48.978644382544104,13.55042212371656,6.2351510306855005,275.79144165375016,49.32873781923225
212,11285,29.999444444444446,8,44.19441632605567,0.0,104.88333333333334,105.95833333333334,52.9198050509526,16.951775179233866,4.271284001529904,138.74937644544204,4.354427776722859
213,8618,29.999444444444446,0,43.166341442974655,37.402690972222224,105.11666666666666,105.91071428571428,49.5126479461592,13.509140327165913,6.653782181627968,259.41164008885056,48.5079220494572
214,11283,29.999444444444446,8,44.21237697733643,0.0,105.1,105.88333333333334,52.83169369848445,17.136438763536635,3.12343792626962,154.41244725957569,4.192742006435173
215,11280,29.999444444444446,8,43.932322952362846,0.0,104.43333333333334,105.61666666666666,53.10283687943262,16.651998584116306,2.965024244126638,129.25562498105717,3.8330542782670443
216,11287,29.999444444444446,8,44.46928403812208,0.0,104.79166666666666,105.95,52.245946664304064,16.94491312248879,3.1486028422814103,130.32875438673923,3.6170170973706015
217,11283,29.999444444444446,8,44.45574565523548,0.0,104.775,105.75,51.95426748205264,16.666138380853248,3.047973434878513,127.52640658405082,3.645553058421976
218,11285,29.999444444444446,8,4.471985464813334,0.0,34.37833333333329,105.35833333333332,93.30970314576872,3.6807451767566883,2.6882586738324443,52.09027121969745,6.990923792645104
219,7500,26.11715277777778,0,49.16641046176047,41.048818041526374,104.475,105.30833333333334,40.053333333333335,12.707200415514906,18.566348225108225,286.7956144492544,54.84482158730159
22,8635,29.999444444444446,1,0.6513207849861006,0.6918129709796377,0.8666666666666667,11.933333333333332,99.95367689635205,9.011276406468983,11.288019897492973,0.3042042612859057,0.24833142923472973
220,7481,26.047708333333333,0,48.65208685958252,38.59028303872054,104.525,105.43333333333334,41.59871674909771,13.051666114291896,19.043063741275883,299.58235327476075,56.033230041357285
221,7478,26.058125,0,49.957275885972145,36.817905008041734,104.29166666666666,105.25833333333334,42.17705268788446,13.55272644374652,19.04364820790336,299.9574758975535,59.47119996433984
222,7486,26.06854166666667,0,49.714164254349264,42.18575862794613,102.95833333333334,105.20833333333334,40.95645204381512,12.744702490318849,18.57507793287248,285.8719751557849,53.57951331589122
223,7491,26.078958333333333,0,48.023384982975244,40.12510752051767,104.83333333333334,105.55833333333334,41.302896809504745,12.704814755202227,18.776477911059406,284.88585614907197,54.26574428997336
224,7480,26.04076388888889,0,48.784277593507205,38.08335193452381,104.70833333333334,105.60833333333332,41.3903743315508,12.61851643974859,17.771553300383516,286.1757801757066,52.93954322638146
225,7478,26.03729166666667,0,49.325906166153395,35.01816991843034,104.76666666666668,105.425,41.200855843808505,12.71599967513606,18.65392359935687,281.5732928745499,54.96543651365128
226,7485,26.07548611111111,0,48.22592247988039,35.36995563271604,103.8,105.28333333333336,43.64729458917836,13.105274447326071,17.62282151604797,301.744794986799,58.70607691573623
227,7479,26.065069444444443,0,48.708678824518174,34.88896742724868,104.18333333333334,104.98333333333332,43.548602754378926,13.064091714173536,17.43180132698785,307.9747348252763,57.53881471294227
228,7477,26.051180555555554,0,49.67401415929485,41.98656442901234,103.46666666666664,104.675,41.91520663367661,12.597083119328882,17.84153478481752,271.56323047169644,55.776505940970296
229,7494,26.11715277777778,0,47.119834736837085,46.68358410493828,96.50833333333334,99.825,37.72351214304777,11.109234972352143,18.785857574948846,239.59548967845606,46.76306136262101
23,8614,29.999444444444446,2,5.53719553864086,5.492410196987254,9.0,55.73333333333333,49.14093336429069,11.094542772993295,19.44935529604673,4.727610027345922,2.165316055677676
230,7473,26.033819444444443,0,46.08337400840161,39.281462191358024,96.19166666666666,99.64166666666668,39.71631205673759,11.315635232224814,18.818577820324105,222.7257626601063,42.95192644680802
231,7485,26.07201388888889,0,43.7188022871139,24.79189814814815,95.875,99.91666666666666,40.6813627254509,10.705579240179087,17.229707148785305,239.27133904171978,39.78250671617404
232,7474,26.030347222222222,0,44.10934091357977,18.714120370370367,96.44166666666666,100.0,42.56087770939256,10.947709178057206,17.303458338111803,247.65794054308907,40.71439084062847
233,7485,26.078958333333333,0,43.038308774049,20.191989087301586,96.52333333333334,99.83333333333334,43.09953239812959,10.812464534008516,17.57333294294216,239.999878487133,37.95706269682221
234,7476,26.047708333333333,0,43.80737313003565,20.2752025462963,96.21874999999997,99.8,43.111289459604066,10.890312466196422,19.463872805676576,230.96281625009556,38.38520201151621
235,7481,26.065069444444443,0,42.49510617067511,20.395336957120815,96.6,99.98333333333332,44.36572650715145,11.03895765314608,17.165778915050403,245.70935321863007,42.351636208553735
236,7478,26.058125,0,43.64876993882911,27.882717427248675,96.52625,99.89166666666668,42.645092270660605,11.727228407943214,19.813422882131093,241.57660033942466,41.162448530341024
237,7477,26.051180555555554,0,43.40193717693969,29.505372988315692,96.46666666666664,99.9,43.60037448174401,11.568698837767036,18.094825049231897,243.10946672693362,41.217978330349595
238,7475,26.04076388888889,0,45.30954386722531,30.81687885802469,96.34666666666664,99.94166666666666,41.76588628762542,11.597993761631603,17.793729501267965,242.02063431217613,42.34307123868327
239,8615,29.999444444444446,8,47.9140413764993,24.195018022101355,103.075,104.95833333333334,39.895531050493325,11.647370383134845,6.519484025357501,175.51150054111747,4.496612728214585
24,8614,29.999444444444446,2,0.3132447886452994,0.3229772927689594,1.0,18.2,99.721383793824,2.131543691565752,11.478532941273825,3.072059327561997,0.6893256087358711
240,8615,29.999444444444446,8,47.410133949528905,40.99164237334811,104.25,105.64166666666668,41.567034242600116,10.584417115097057,4.033566651958991,188.00990684880992,4.540518450402374
241,8618,29.999444444444446,8,49.69377898296876,23.551800411522635,104.78333333333336,105.74166666666666,42.73613367370619,12.211040923412778,7.795208950302938,182.31191433466614,4.634418143355832
242,8616,29.999444444444446,8,47.38602880768836,38.5956428433642,104.625,105.94166666666666,44.05756731662024,10.436187746577591,3.610305877193064,273.1147973699158,50.681451522015585
243,8617,29.999444444444446,8,50.026621345126195,24.15371954916226,103.45,104.71666666666664,42.43936404781246,12.45550366140756,5.615400442915819,187.67562137229655,4.760682053237467
244,8615,29.999444444444446,8,48.01841277592113,37.27942617806102,104.46666666666664,105.65833333333336,43.6680208937899,10.352714643152506,3.9669154215875055,199.32037866370428,4.536616811317914
245,8619,29.999444444444446,8,57.88788211875141,69.93778131430042,104.80833333333334,106.05,33.27532196310477,11.502947389018797,5.4361653329718065,125.25862819613255,3.384717131175537
246,8612,29.999444444444446,8,49.36686186613614,39.32235223656863,103.79166666666666,105.025,40.19972131908964,11.32928392993583,3.970028229047621,199.30397663085483,4.575637816278782
247,8615,29.999444444444446,8,51.879144228482225,24.57533396026235,104.00833333333334,104.725,40.51073708647707,12.430593961533717,5.974168673269079,175.01294271022073,4.545605130666071
248,8619,29.999444444444446,8,47.11117149301756,30.483690200617282,104.71666666666664,105.63333333333334,42.63835711799513,11.06500997161516,3.963197437979895,209.45468534250296,4.782789365177114
249,8614,29.999444444444446,8,51.3496437963882,24.05591322659465,104.10833333333332,105.0,42.04782911539355,12.461669201581607,5.962950543638958,179.12187695343894,4.565581227907093
25,8614,29.999444444444446,2,5.1684565505438504,4.530415013227513,8.7,62.56666666666667,61.13303923844904,10.448591011105652,20.481703830377498,4.0447137372984825,0.5574739902926575
250,8616,29.999444444444446,8,46.8697017831963,30.54355951003086,104.17708333333333,105.73333333333332,43.31476323119777,10.659059866820328,3.963603438498982,200.3629528549445,4.597458673329147
251,8616,29.999444444444446,8,49.72094721199439,23.103289842873178,104.58333333333334,105.31666666666666,43.16388115134633,12.399307712391641,5.613412731457648,179.38273355204066,4.561488890249336
252,8615,29.999444444444446,8,46.43085641091191,30.164779785222496,104.24166666666666,105.15833333333336,43.48229831688914,10.16639932476584,3.9203729085127805,186.355674821084,4.323920916254056
253,8617,29.999444444444446,8,49.7882627271604,22.136397247942387,103.40166666666667,105.35,42.92677265869792,12.276411848048896,6.4310390993865525,177.1830812122387,4.424262521355477
254,8613,29.999444444444446,8,47.691949342768964,29.49871003007229,104.45333333333333,105.675,43.19052594914664,10.037627571546622,3.7018780035063563,259.3128809745668,45.35977794023771
255,8617,29.999444444444446,8,49.825523814903455,22.63915279510949,103.96666666666664,105.3,40.9539282813044,12.109899622423718,4.961530014799714,180.06958457516077,4.433807753501383
256,8617,29.999444444444446,8,47.00985995987302,34.517867833691994,103.98499999999999,105.675,44.13368921898573,10.245287559140086,4.3884461901231075,185.4174267887799,4.330546585826847
257,8615,29.999444444444446,8,50.56308798177704,38.22523488439288,104.50833333333334,106.10833333333332,36.3087637840975,11.025229784798768,6.616932909419851,142.81967066982156,3.583689673646145
258,8615,29.999444444444446,8,47.663381579567016,34.17161833793779,104.2525,105.04166666666666,44.28322692977365,10.19800863203969,3.8786768741672977,178.01900660440998,4.1442108136913705
259,8617,29.999444444444446,8,48.78218395661821,16.435935689455388,103.95,105.16666666666666,43.76233027735871,11.959236749768476,6.568212141616459,172.21226965367615,4.305644121844655
26,8614,29.999444444444446,2,0.1390814510155118,0.13439153439153437,0.3,14.1,99.84908288832133,1.7613876800859105,10.572460391168304,2.398684312359724,0.35974272225723347
260,8614,29.999444444444446,8,46.677878432112095,15.36605698747626,104.66666666666666,105.425,44.43928488507081,11.690204345094106,4.4535888259768,169.06973919264956,4.108713216845327
261,8614,29.999444444444446,8,48.42261880830163,16.45525102790728,103.875,105.36666666666666,43.90527048990016,11.665045463466283,5.365879425697745,169.7807693883007,4.289549509000404
262,8612,29.999444444444446,8,47.81842151150347,14.42470603759666,104.875,105.91666666666666,42.951695308871344,11.736418947827895,5.51280294091778,173.2275088654443,4.355172461460199
263,8617,29.999444444444446,8,49.0125537275575,17.753197337962963,103.76666666666668,105.0,44.59788789601949,11.839844185239354,5.846167683489257,167.4044220160328,4.256251587567591
264,8616,29.999444444444446,8,47.98181572325461,17.064958748812916,104.86666666666666,105.61666666666666,45.39229340761374,12.330131312639505,5.939761743208819,172.95728827617756,4.3659092590325175
265,8614,29.999444444444446,8,47.26846821049246,16.36454813050989,103.50833333333334,105.30833333333334,44.17227768748549,11.397535015474654,5.292316908705927,154.34287669931388,4.089501546295718
266,8614,29.999444444444446,8,47.34436631240345,16.407277993996743,104.13333333333334,105.375,44.207104713257486,11.291156379220572,6.104901903877409,153.41906074828353,3.913791576622433
267,8617,29.999444444444446,8,48.60011403624647,17.41286651234568,104.05,104.925,44.53986306139027,11.741755032895057,5.729767813517958,162.28575668268138,4.139263832759248
268,8618,29.999444444444446,8,47.26861011319848,15.487183938746435,103.60833333333332,105.26666666666668,44.56950568577396,11.366732789408085,5.533994442163391,160.75512296359943,4.065309956926341
269,8619,29.999444444444446,8,47.29042876707448,16.814999554843304,104.75833333333334,105.63333333333334,45.1212437637777,10.910424303687979,5.4260887544215075,157.84183877768982,4.097939926994922
27,8619,29.999444444444446,2,0.26795509282456725,1.062028268799102,1.2714743589743467,19.066666666666663,99.80276134122288,1.7509046974579763,12.491737238796063,2.1286363460571605,0.2745830087459047
270,8619,29.999444444444446,8,46.806184370653135,15.269569830246914,104.50833333333334,105.54166666666666,47.67374405383455,11.757269990694166,5.5861238289884305,176.06015766342952,4.367248331588742
271,8620,29.999444444444446,8,45.66186654702606,14.78002025462963,104.10874999999999,104.975,46.67053364269142,11.461382355639682,5.7721713398743555,158.55887516582413,4.0749654734283505
272,8617,29.999444444444446,8,46.23582942626983,14.054916100489018,104.54166666666666,105.475,46.48949750493211,11.22873473034203,7.42762388282871,161.79053052378745,4.231599942357747
273,8615,29.999444444444446,8,44.85629897074616,15.10484536224687,103.89166666666668,104.85,46.09402205455601,10.652809235558223,5.1233064903755565,171.77908902183134,4.342057599007686
274,8618,29.999444444444446,8,44.837755380594494,16.38224344135803,104.225,105.025,47.598050591784634,10.628132117334486,5.029363569825394,166.91951874998986,4.342609611514809
275,8617,29.999444444444446,8,46.03975663112145,17.240181327160492,104.38333333333334,105.88333333333334,47.52233956133225,10.757426328420904,5.283862291950953,164.21343665650556,4.233554379034245
276,8618,29.999444444444446,8,45.032706803523695,16.991619130291006,104.88583333333334,106.18333333333334,48.23624970990949,10.590646098017338,6.403110482836057,161.9113036553452,4.191713665579411
277,8617,29.999444444444446,8,44.18940922871887,11.254180021367521,103.99166666666666,105.275,48.195427643031216,10.439142217815755,4.674830962816921,161.7722780082476,4.2141582828219715
278,8617,29.999444444444446,8,38.538757612933665,29.839492394179892,104.26,105.54166666666666,52.2803760009284,9.896950022312696,3.9482847681118542,176.89650432929415,4.372054864790155
279,8617,29.999444444444446,8,44.6364132159892,10.370383522727273,104.32666666666667,106.53333333333336,49.63444354183591,10.229015211054474,5.102240939208562,149.51238935719033,4.092303646220322
28,8634,29.999444444444446,1,1.1236021487585075,1.1322518346852066,2.0,14.466666666666669,99.9073430623118,1.8047722636213355,1.0209069094753598,0.09422879645256294,0.005752451548143
280,8615,29.999444444444446,8,37.21688529621858,30.335069444444443,103.2025,105.875,54.370284387695875,9.255498862045497,3.5700651602218634,265.74990110811353,52.30087166589779
281,8614,29.999444444444446,8,43.864321840463155,10.524324845679011,104.025,105.775,49.431158579057346,10.050338314917832,4.8939440676961,158.37929191000933,4.2628831852305265
282,8615,29.999444444444446,8,36.87395904331046,30.831649466306587,104.26666666666668,105.275,55.72838073128265,9.524789653864454,3.8965931166917827,178.1180088686705,4.291380078617456
283,8619,29.999444444444446,8,43.22258373793027,10.686400979662698,103.93333333333334,105.5,49.04281239122868,9.701211674266016,4.619545452742459,146.38237765251338,4.037839476144384
284,8612,29.999444444444446,8,36.581624017416374,29.27693865740741,104.55,106.04166666666666,56.87412912215514,9.823547376310307,3.855927646307349,182.0032686345883,4.3566804482996995
285,8619,29.999444444444446,8,43.56795118422881,10.617207995756173,103.85833333333332,104.76666666666668,50.62072166144564,10.409398931675634,5.028086215520952,175.71457846983432,4.515108965752892
286,8612,29.999444444444446,8,36.775542994285736,30.12257908950617,104.45,105.73333333333332,55.956804458894574,9.443395550525638,3.9467473403667093,167.66166348939805,4.205480458734638
287,8615,29.999444444444446,8,43.22765940293181,9.489879344870664,104.31666666666666,105.36666666666666,50.80673244341265,10.143391918797233,5.321490716351424,166.73302478072645,4.331740061383126
288,8616,29.999444444444446,8,37.30826080063545,32.721626984126985,103.76666666666668,105.125,54.79340761374188,9.484729470033118,3.9524483920984617,168.97327230665496,4.512643981289525
289,8611,29.999444444444446,8,43.02414521857966,8.409617612977984,104.95833333333334,105.74166666666666,51.19033793984439,9.81427927982354,5.1681714928898765,167.83762438254658,4.315601583799238
29,8637,29.999444444444446,1,0.02828307889092884,0.03009259259259259,0.2,11.933333333333332,99.98842190575431,1.1413663727327479,1.2791871659273537,0.15637713373038137,0.032277606226894164
290,8616,29.999444444444446,8,37.52579205011852,28.27602237654321,103.84166666666664,105.10833333333332,54.38718662952646,9.260354078277723,3.8993087653602974,169.0691652977168,4.2836923850677335
291,8615,29.999444444444446,8,41.52200324631839,10.084669863315696,103.73333333333332,105.08333333333334,51.874637260591996,9.133638916091675,4.9111085045733915,146.95274099860285,3.923481830608934
292,8617,29.999444444444446,8,12.754353337451427,0.4583892826405847,102.35999999999999,105.125,82.23279563653244,4.1910335316991105,4.273949146671672,90.3413243839059,7.519163796243987
293,8618,29.999444444444446,8,13.129721676720692,0.36104359567901234,99.60958333333332,103.99166666666666,81.1905314458111,3.8306254833880837,4.44812933353488,84.56350289624251,7.319109102199726
294,8619,29.999444444444446,8,10.854639158942152,0.38653583829365085,95.75,105.25,83.75681633600186,3.474697397722292,3.98521218117459,93.84881473478758,20.64175465057818
295,8619,29.999444444444446,8,4.163651463721077,0.7401716820987654,18.575,67.33333333333333,92.15686274509804,5.710846884099286,31.990568456179318,811.4610540665971,452.3997476505395
296,8615,29.999444444444446,2,6.353831068492995,4.618277391975308,10.633333333333333,87.3,37.49274521183981,14.16209286818323,281.22925933839167,13.750876509509707,1.5885263620754044
297,8614,29.999444444444446,1,2.8796909186188264,2.648225308641975,5.289999999999964,88.66666666666666,94.07940561876016,21.84020087762272,1345.853463438633,3.6726179755028148,1.0311904326357542
298,8614,29.999444444444446,1,1.4475584073331926,1.1154486331569664,2.733333333333333,6.333333333333334,99.965172974228,8.337243678180217,12.481619570030878,0.33006664574751404,0.1203701443282358
299,8616,29.999444444444446,2,1.5376254034897836,1.714351851851852,2.0,36.63333333333333,99.84911792014856,2.05630232683524,3.6971000496331277,1.0730614479918097,0.06973855608953097
3,8634,29.999444444444446,2,3.2552695875663216,3.475026209788666,3.7,9.466666666666669,98.67963863794301,6.403576950864021,12.78453940083544,13.637118649245126,2.9435359058361144
30,8635,29.999444444444446,1,9.264620729588881e-05,0.0006944444444444443,0.0,0.2,100.0,0.19159661161213803,0.07615499921811442,0.00021672594921002544,0.0
300,8617,29.999444444444446,2,1.0032355857686597,1.4228009259259258,2.0,15.4,99.86074039688987,2.4863606466797044,17.808495820904433,0.5588067043010758,0.12808357554789027
301,8613,29.999444444444446,2,1.036602816601075,0.8334492081884898,2.0,12.4,99.28015790084756,2.8423074671696558,25.104363567982514,1.3447449421587354,0.6234700484700484
302,8615,29.999444444444446,2,1.531361865064709,1.4206983024691358,2.766666666666667,20.6,99.5473012188044,5.197892235691346,29.64287150651631,0.32579006599900384,0.10811837031221826
303,2070,7.233333333333333,0,0.26472739820565905,0.34952050264550266,0.5,61.96666666666667,99.61352657004831,1.5919805762201378,17.857689251167514,3.6669869904652512,0.469187945709685
304,2070,7.233333333333333,0,0.24137623648493212,0.2095238095238095,0.5,40.16666666666666,99.80676328502416,1.4362048822042055,10.754739817348513,2.0840838066925023,0.14168958255914776
305,8611,29.999444444444446,1,12.37762079885817,11.89182098765432,13.4,16.0,0.0,25.64029467840651,41.29558327065004,0.00550016313574553,1.9355088452754222e-05
306,8613,29.999444444444446,1,0.741813285273752,1.4269430415263746,2.0,33.8,99.93033786137234,1.5926624601823591,9.341772087130845,20.989559505538256,12.684428337571841
307,8613,29.999444444444446,1,0.5374371271619618,0.2504769921436588,1.5333333333333334,4.133333333333333,100.0,3.8630889282299856,0.9862501892369534,0.2650384485285216,0.07552580938160874
308,2070,7.233333333333333,0,0.23014315796924492,0.16222167107583776,0.4666666666666666,35.1,99.80676328502416,1.3629215824243581,7.341179327918457,0.8290499194847021,0.11631009891879457
309,2068,7.229861111111111,0,0.5161658377083908,0.5660879629629629,0.7,36.8,99.80657640232108,1.3140235347267004,7.306235608363267,0.8175370728562219,0.11376301003960579
31,8617,29.999444444444446,2,1.006623888470819,0.7608342989571263,1.9666666666666663,10.0,99.70987582685389,2.7699641150660135,21.537902077356062,0.6186863572902797,0.3817537291019942
310,2070,7.229861111111111,0,0.2746589602024384,0.13288966049382717,1.0516666666666652,41.1,99.80676328502416,1.364806351054599,7.482178513917645,0.8256498734759604,0.11391764435242696
311,8617,29.999444444444446,2,0.4437294160457675,0.1726328262786596,1.1333333333333333,7.066666666666666,99.97679006614831,2.2497752116415786,2.368547514404541,2.4429615308807597,0.6955740087282387
313,5774,20.06778935185185,0,0.21697174251296178,0.039052854938271604,0.2333333333333333,30.3,98.99549705576723,1.0553690310628072,12.072782753558643,0.19032444290497635,0.02807989839510449
315,8617,29.999444444444446,2,1.145200416290993,1.1027391975308642,1.9666666666666663,20.17857142857143,99.8955552976674,1.4975877389175023,55.57657752096652,2.2920584334881657,1.037543247630865
317,8635,29.999444444444446,1,1.026874017702043,1.0545524691358024,1.0,11.133333333333333,99.94209612044007,2.6092816794121556,4.585111427850281,63.89852617304847,11.736626388473521
318,5705,19.880277777777778,0,1.2752074437394332,1.4205246913580245,1.5833333333333337,28.816666666666663,98.00175284837862,6.1097881847930395,258.25745461277455,237.11421522094616,199.1271652799435
319,8619,29.999444444444446,4,5.472402988910124,3.7636611965388003,30.803333333333317,59.16666666666667,88.49054414665274,2.3739059270660077,654.0366370393346,1561.5647783743502,1464.0120679210568
32,8616,29.999444444444446,2,0.4270083596250031,0.5830263197450697,0.8,42.96666666666667,99.72144846796658,2.1414585105896045,29.591021498812236,1.8557298637991535,0.41095054454211843
320,8635,29.999444444444446,1,7.850847445033894,5.417901234567901,17.01999999999995,85.0,21.424435437174292,13.734271399462664,115.50552165392351,4.050971957978327,3.6161025174400976
321,8636,29.999444444444446,2,4.709408242675958,2.6667452960326656,24.666666666666664,66.83333333333333,89.30060213061603,8.125095784232316,1206.5967097361493,226.2610747684074,140.27495512535174
322,8632,29.999444444444446,2,10.71669326740863,20.648133587154444,55.6,84.6,62.917052826691375,10.936316761138558,2195.7685267206152,486.4991731726209,282.73132899435035
323,8635,29.999444444444446,2,2.7306339431976374,2.723092203277603,3.1,7.0,99.84944991314418,5.389140168310294,20.99928000134717,4.469667860930166,2.3788160228113906
324,8635,29.999444444444446,2,4.955915968641794,9.032599459250676,8.976666666666642,91.3,80.84539664157498,6.475244413694741,449.87487590322564,1.7266609823297723,1.5155418254781312
325,8635,29.999444444444446,2,2.1823203335942187,2.2948743386243384,2.833333333333333,14.733333333333333,99.01563404748119,3.2296587097119245,21.231014548084616,83.33767783525745,72.62344306790166
326,8637,29.999444444444446,4,3.5677178266814424,3.042249848434744,7.05,10.316666666666668,87.22936204700706,3.502047912547527,68.63596156072711,440.2149165825876,434.1483182818108
327,8636,29.999444444444446,2,2.4697755778522335,2.206349206349206,3.2,10.6,99.15470125057897,2.783896884158296,15.160399797181872,10.099840036963705,7.196314084890973
328,8636,29.999444444444446,2,2.1892907006790745,2.22173721340388,2.733333333333333,12.033333333333331,99.55998147290413,2.672649949184585,11.00723910822336,11.289652914375008,8.895281188113517
329,8614,29.999444444444446,4,20.039047673958144,3.67163387345679,68.73333333333333,77.54166666666667,56.930578128627815,9.09844592086717,764.9417748418415,4113.739753962984,2552.978643034532
33,8616,29.999444444444446,2,0.6466359524811823,0.6328719778806584,0.8666666666666667,5.333333333333334,99.96518105849582,2.854390256575972,19.18723621530899,0.5359878128680358,0.32982688672103716
330,8632,29.999444444444446,2,1.95919527645663,1.8914930555555556,2.8666666666666667,10.833333333333332,99.16589434661724,3.1105186339751136,22.08131749313399,33.16322984244671,25.291767252158817
332,8636,29.999444444444446,4,6.9359903116510635,4.692948814414631,9.65,11.788461538461538,38.14265863825845,8.313870713275453,58.19982886690275,2314.289218722839,2301.0786735497018
333,8636,29.999444444444446,1,0.0010885671376639414,0.002210097001763668,0.0,1.0,100.0,1.6423057894271273,1.856586263756829,0.0,0.0
334,8614,29.999444444444446,1,2.6849480911473016,2.227037466203167,3.666666666666667,15.533333333333331,99.83747387973068,3.469589365293493,4.130123463719935,0.1230654416398554,0.08356883036474398
335,8617,29.999444444444446,2,3.452166813110297,3.391593555150913,4.033333333333333,12.466666666666669,99.5009864221887,1.5188229085793576,4.704651253740263,0.9981304950899937,0.5146974143028454
336,4021,13.959641203703704,0,0.07553905308817022,0.07404238315696648,0.2,37.7,99.92539169360856,1.3432065796935397,3.892943001622435,0.6388555322651319,0.13140417569664026
337,8615,29.999444444444446,2,0.375801770938161,0.12821042768959437,1.3,9.766666666666666,99.9883923389437,2.506886605486762,12.595423365568461,6.956134111583908,5.236017155605084
338,6596,22.991805555555555,0,1.7565698788106305,1.1176256613756612,3.0,92.0,99.51485748938751,3.701000993803411,29.571380193992383,2.5602944786161883,0.14410176441710704
339,8613,29.999444444444446,2,2.243188936436063,2.3409336419753086,2.5,18.066666666666663,99.17566469290607,2.7610758367534984,94.45242917647133,2.665927243609236,1.4121305649083427
34,8612,29.999444444444446,2,0.15124355472416315,0.10238921957671956,0.5333333333333333,1.6333333333333335,100.0,1.2003257142393133,0.9952660302230668,0.2721105783054226,0.07018455495580436
340,8618,29.999444444444446,2,8.249111250138169,8.136247060552616,12.8,40.06666666666666,10.977024831747505,6.642971007596604,102.19775901427676,1405.2878226827838,961.6461018275709
341,8613,29.999444444444446,2,4.263800446750639,3.890444499559083,7.3,79.16666666666667,92.24428189945432,3.7793004590956754,1535.8168633004054,173.90825709341033,94.92864455326142
342,8615,29.999444444444446,0,0.6356396012577091,2.030054012345679,2.2333333333333334,66.9,99.79106210098665,2.0756170172666097,8.445262671165166,1.105193184644723,0.49714631180388574
343,8615,29.999444444444446,4,2.679820275487716,2.353222828483245,3.95,36.98333333333333,98.09634358676726,6.290875313097015,152.16227660519013,30.41757483762127,13.25498457046919
344,8618,29.999444444444446,4,14.376435916137703,15.992669753086421,18.98333333333333,48.26666666666667,5.952657229055465,6.8173946727251025,2087.976608546555,580.394717887512,322.0552468624179
345,8615,29.999444444444446,4,1.4933952959402759,1.6327739197530864,1.8333333333333333,7.65,99.82588508415554,1.8994749741188242,35.279642760025816,3.7305994411856283,0.0576324906795017
346,8616,29.999444444444446,4,1.7290521924879516,1.671205357142857,2.1666666666666665,8.65,99.94196843082636,1.9672306706500873,222.31439954544064,5.395913493423939,1.4300897087282878
347,8635,29.999444444444446,4,0.10117402413580756,0.09939787257495593,0.1,19.933333333333334,99.52518818760858,0.3610090360577411,2.036958547468102,7.47446180146817,7.105656466675575
348,8617,29.999444444444446,4,6.173851568788902,12.029764663687029,25.45666666666666,68.5,83.54415689915284,7.123573868830506,650.5603059120292,1458.7774659491993,786.9356384389662
349,8615,29.999444444444446,4,2.6635983311200957,3.1449067184744277,3.3,32.4,98.68833430063843,3.5325640564993614,71.79273748145194,28.359816995411887,14.259604253681445
35,8616,29.999444444444446,1,1.0281893912726086,0.9955967555040557,1.0,3.466666666666667,100.0,9.959682984552234,4.570970334601951,2.771233481905487,1.0179273334217624
350,8618,29.999444444444446,4,2.960217224692741,2.328530092592593,10.516666666666667,36.35,90.62427477372941,3.658740071497977,79.0359105252294,157.3603350979105,74.9423820368152
351,8616,29.999444444444446,4,1.7597591137197683,1.7178640401699499,2.0166666666666666,11.516666666666667,99.26880222841226,2.9663683730649453,60.11539333074848,8.835319671043905,4.493468685059911
352,8616,29.999444444444446,4,6.524435021222974,11.643839320200849,10.966666666666669,47.43333333333333,5.176415970287836,5.779868145466106,1672.2177197802198,893.5194798160677,473.02492566432335
353,8635,29.999444444444446,1,2.316155182397221e-05,0.0002314814814814815,0.0,0.2,100.0,0.604495049525819,0.27635726173074177,0.000193012931866435,0.000193012931866435
354,8634,29.999444444444446,2,0.8152157328104165,0.8089010141093474,2.3783333333333454,17.333333333333332,99.36298355339356,6.12562854876069,37.390870482887514,0.019509655724040696,0.019509655724040696
355,23686,29.999444444444446,1,0.038627264917056356,0.0,0.0,11.8,99.99155619353205,3.340118243452574,0.2175582421603278,0.014229020156572299,0.0020355604878107606
356,8613,29.999444444444446,1,0.8820764249360556,0.6639660493827159,1.4,106.0,99.7561825148032,3.3386545756207275,45.93599810151534,43.81734469234468,26.45523718512224
357,8621,29.999444444444446,6,12.161180144763836,12.116653806584361,47.68888888888889,86.1111111111111,54.228047790279554,5.398658325986219,3547.1830071641234,10818.189162530685,9297.89869418657
358,8635,29.999444444444446,1,0.0486493372162162,0.0458864426419467,0.2,4.8,100.0,2.4986118745602277,0.6293878909484005,2.018169636449891,1.5814532424405034
359,23688,29.999444444444446,4,0.03602542376288576,0.0,0.0,0.9333333333333332,100.0,1.5460480112958785,1.3872750518647177,0.0032439571573310145,0.0014558305591740228
36,8620,29.999444444444446,1,0.9958660123712331,0.996141975308642,1.0,1.5,100.0,10.630723559779105,4.327927920880357,2.7348628144219793,1.0
360,8633,29.999444444444446,2,10.715357627976358,9.945329139767148,15.833333333333332,51.46666666666667,0.0,29.757887105951863,647.604650178515,16.33559412934775,8.259964454120599
361,9330,29.999444444444446,2,11.429183744533422,3.874203082119485,15.9,18.566666666666663,11.511254019292604,7.3123020355094885,31.047130278914846,0.34576124601848074,0.03988822538661767
362,8616,29.999444444444446,2,1.443721571520144,1.2541666666666667,1.6666666666666663,8.666666666666666,99.94196843082636,2.4715184511263573,0.9173166044597103,0.363347260909935,0.19503249767873723
363,8615,29.999444444444446,2,1.3289557601745647,1.0991801697530863,2.466666666666667,10.233333333333334,99.91874637260591,1.6764746357375302,0.673351222518373,0.05729031463796407,0.030500008793682618
364,20255,29.999444444444446,1,0.00018362202267410856,0.0,0.0,0.4285714285714285,100.0,0.34351893081114604,0.019481242584180127,0.0,0.0
365,12745,29.999444444444446,0,0.0,0.0,0.0,0.0,100.0,1.5588597799309256,0.0,0.0,0.0
366,8620,29.999444444444446,2,2.8974717258765983,2.70366512345679,3.933333333333333,58.03333333333333,96.04408352668213,3.838729143851152,343.29041238344024,304.0467989724893,157.836446006301
367,8616,29.999444444444446,2,5.481472346614233,18.60000275573192,34.44166666666667,94.53333333333336,89.35701021355618,9.200746896589067,1536.1613640228545,931.7520232404806,675.9884232942468
368,8616,29.999444444444446,2,1.646184371184371,1.653780864197531,2.1666666666666665,12.633333333333333,99.58217270194986,1.5906817306938443,10.60009871743855,5.292822685284384,1.3016255003894277
369,8613,29.999444444444446,2,7.690433066295137,10.334698081627398,47.03333333333333,92.23333333333332,83.91965633344944,8.653401088020889,1600.5605396802716,930.4599120192989,659.4785401911839
37,8637,29.999444444444446,1,0.06452802725814187,0.07393628747795414,0.3333333333333333,17.066666666666666,99.97684381150863,4.858648561497126,1.7908720086212266,0.11330653831522187,0.024054869139968137
370,8611,29.999444444444446,2,2.0214480505881043,2.1691743827160495,2.3666666666666667,36.06666666666666,98.73417721518987,2.7263887105769062,177.02552990049213,96.96485950403614,44.70933678832297
371,8612,29.999444444444446,2,4.438082520514011,3.2437885802469135,29.25666666666663,64.2,91.65118439386902,6.7879197266689255,1214.063656661886,312.9606324508438,284.669306947117
372,8614,29.999444444444446,2,2.294675334726415,2.6263172398589063,2.733333333333333,13.3,99.44276758764802,1.536810110532508,8.490749214797278,4.022283215584817,0.6968589339613255
373,8615,29.999444444444446,2,1.6825768282790918,1.8302854938271604,2.1,11.0,99.70980847359257,1.4978255121417103,8.48076643418489,3.9299643556288943,0.6212431252245529
374,8616,29.999444444444446,2,1.5728367036862858,1.5609402557319225,1.9666666666666663,10.833333333333332,99.70984215413185,1.4168923436397078,8.47901340380449,3.938430854003626,0.630547818012999
375,8616,29.999444444444446,2,1.8167889611613497,1.8483192990137436,2.966666666666667,12.266666666666667,99.48932219127205,1.5450099297464213,8.148479642455966,3.9324880911928255,0.6306708746994262
376,8618,29.999444444444446,2,1.7747311605776446,1.6517939814814815,2.7,12.933333333333332,99.5126479461592,1.539912591357495,8.068731210127126,3.7502535717550805,0.44848230596664107
377,8617,29.999444444444446,2,1.7372683239806368,1.6982093571937322,2.6333333333333333,11.966666666666669,99.52419635604038,1.5540460031857146,8.17661789585603,3.8996325080925285,0.59759940844425
378,8620,29.999444444444446,2,1.8626908062290894,1.8915702160493826,2.550624999999991,17.266666666666666,99.43155452436196,1.494592206437326,8.241311569971664,4.131159351089746,0.8160541971562854
379,8614,29.999444444444446,2,1.7275447339209817,1.6052083333333331,2.2333333333333334,11.8,99.67494775946135,1.4694805253439478,8.348079945813286,3.5344281312037293,0.24123298727431539
38,8634,29.999444444444446,1,0.07086380533218614,0.07099817910941897,0.2666666666666666,12.0,99.96525364836693,2.4512715685097213,4.195974514251096,0.1176599710998599,0.06685639277717109
380,8615,29.999444444444446,2,1.8324724303554831,1.9548721340388004,2.6333333333333333,14.866666666666667,99.51247823563551,1.4953823097802594,8.199535201369214,3.6839696213375843,0.35797178445466316
381,8612,29.999444444444446,2,1.997546889169044,2.639274691358025,2.666666666666667,14.4,99.80260102183,4.2860002935140855,3.8151632067679446,1.166627257245,0.004289142503262335
382,8612,29.999444444444446,2,1.7183606937264624,1.9889274691358023,2.0666666666666664,14.7,99.55875522526708,1.5943036675708115,8.08402172735661,3.84248446243337,0.5404087320018579
383,8612,29.999444444444446,2,1.7150099252427398,1.776929012345679,2.033333333333333,12.733333333333333,99.60520204366001,1.5531727701642477,8.102141232354889,3.8021785769579544,0.49762402406387535
384,8618,29.999444444444446,2,6.166195104243375,6.607307700016033,34.376666666666644,107.5,86.9923416105825,9.182128613786505,1715.1904078506395,1542.7689028606962,930.1837199612871
385,8615,29.999444444444446,4,1.6065336098737144,1.5882068452380953,1.7666666666666666,5.433333333333334,99.9883923389437,2.6207922940856765,7.764021324648138,3.2753729652046544,0.008572534062957741
386,8617,29.999444444444446,2,1.789930204413203,1.657656017215693,2.1,14.6,99.84913542996402,3.6066150422583494,7.756816430252662,3.280839094370486,0.008726935128234883
387,8636,29.999444444444446,4,9.117771452917932,8.717230213844799,12.237499999999999,58.35,0.01157943492357573,5.310613255399013,35541.44106158817,266.2020184057875,141.08106652109666
388,8636,29.999444444444446,4,13.340042587295365,8.406345072751323,35.63333333333333,72.35,0.02315886984715146,6.618941825118826,37334.40591591421,284.52089619312295,202.24415638302565
389,8616,29.999444444444446,1,4.1217125789201,5.290972222222222,7.533333333333334,118.13333333333334,84.21541318477252,4.549187317260335,1.8614540783934934,2181.760968040007,1099.9315473523693
39,8634,29.999444444444446,1,0.0015078813549974078,0.0004634994206257241,0.0,5.6,99.98841788278897,1.0033851623619312,0.41475659310961605,0.00022447246213750708,0.0
390,8635,29.999444444444446,1,3.08820690986296e-05,0.0003086419753086419,0.0,0.1333333333333333,100.0,3.5134636036426343,0.029297242036095537,0.0,0.0
391,8617,29.999444444444446,4,3.160897106452404,1.5108410493827162,2.0,94.28333333333336,97.79505628408958,1.2115751189403472,10.705719888405277,24.087278235670947,15.114476431077337
392,8616,29.999444444444446,4,3.3020862938516142,2.066032848324515,2.0666666666666664,89.91666666666666,97.85283194057567,1.2242878195753648,10.825022219346733,25.652568373285646,16.210627905056874
393,8617,29.999444444444446,4,1.422064646055014,1.5496913580246914,1.6666666666666663,7.8,99.51259138911455,1.0412323127718115,10.259867598457014,4.261325786253256,0.39950873369406503
394,8616,29.999444444444446,4,1.466392621615463,1.6831211419753087,1.7666666666666666,11.0,99.43129062209842,1.0641826751304224,9.928583715108784,4.580587483547093,0.9705129055407606
395,8615,29.999444444444446,4,1.5738528930925912,1.8253665123456788,2.033333333333333,9.366666666666667,99.41961694718515,0.9474585363189285,10.537001605797313,4.478354213658915,0.6055042848426481
396,8616,29.999444444444446,4,1.6507484255917404,1.623048941798942,1.8166666666666669,9.233333333333334,99.4196843082637,1.033115305352636,10.859305643288932,4.223834073694798,0.358256348263312
397,8616,29.999444444444446,4,1.6268344101735468,1.608032958553792,1.7833333333333334,10.133333333333333,99.38486536675951,1.03939348229952,10.37609723918916,4.441367650455394,0.5599968624690073
398,8613,29.999444444444446,4,2.088830415362982,2.1496913580246915,2.3166666666666664,9.183333333333334,99.44270289097875,1.00790436803942,10.397504719631156,4.233608172018133,0.376146171835827
399,8613,29.999444444444446,4,1.3746706252453378,1.5663979828042331,1.7333333333333334,7.883333333333334,99.54719609892024,3.1912370817133495,10.430979574561949,4.459720402667111,0.5673674984019812
4,16139,29.999444444444446,0,0.23974341951911812,0.0,0.0,92.2,99.68399529091022,2.092431576564448,16.06509903546275,1.1850754900138383,0.2362217816056344
40,8616,29.999444444444446,1,1.3838262580167178,4.778163580246915,1.4,95.46666666666664,98.99025069637884,3.5069045706849833,2.7437217462461194,1.6488308394123157,1.0937720080651834
400,8615,29.999444444444446,4,1.6817793045607905,1.8660631613756615,2.3833333333333333,8.1,99.50087057457922,3.278589494666072,10.42520384626014,4.421406631673608,0.5229594858614011
401,8612,29.999444444444446,4,2.370818441699189,1.569780113667715,2.733333333333333,10.0,99.37296795169532,1.0348848441990777,10.64352958867009,4.248892510957072,0.39091887430833083
402,8617,29.999444444444446,4,1.6501548174273601,1.5789723875661374,1.8666666666666665,10.45,99.3965417198561,1.030484614194974,10.342231164448874,4.54665370218347,0.6637054028199438
403,8612,29.999444444444446,4,1.6987805921822412,1.57810517022568,1.8833333333333333,9.683333333333334,99.44263817928471,1.032150158943323,10.222858955180136,4.211356493277069,0.3548689202370112
404,8612,29.999444444444446,4,2.0682423779773407,1.7277030568890364,2.3,10.916666666666668,99.39619136089178,1.0765558025736068,10.646659492775377,4.530870899885066,0.6417982530964417
405,8617,29.999444444444446,4,1.5488588447579394,1.8034956459435625,2.0166666666666666,9.466666666666669,99.43135662063362,1.0617484336628413,10.854145969435512,4.4700454819637825,0.591051395060911
406,8615,29.999444444444446,4,1.528519629915451,1.4934413580246912,2.05,10.366666666666667,99.43122460824144,1.0733745032993969,10.478818678902833,4.4292669686024295,0.5496013108578401
407,8612,29.999444444444446,4,1.5744700990099851,1.700557992606081,1.8,9.166666666666666,99.43102647468648,1.030916194196037,10.551132554290938,4.263619555084952,0.39560613239781844
408,8615,29.999444444444446,4,1.5201019410073384,1.8174575617283952,1.8166666666666669,8.083333333333334,99.48926291352292,0.9948757460796617,10.45472952854845,4.313329624525213,0.45278592369132126
409,8613,29.999444444444446,4,1.5356229338987961,1.4438423170194004,1.7833333333333334,8.616666666666667,99.44270289097875,1.064802620336383,10.359678352015518,4.161935815000949,0.2995534159327262
41,3095,10.758113425925925,1,0.11929225325025003,0.13993355481727573,0.2666666666666666,19.33333333333333,99.96768982229402,2.8080864546768187,5.610078467574429,2.281749365335795,0.10652050157704436
410,8615,29.999444444444446,4,1.5955892624174692,1.369656635802469,1.8,10.033333333333331,99.43122460824144,1.0378060715482336,10.394889039831003,4.4121934936154314,0.5380179174665535
411,8616,29.999444444444446,4,1.560021179171597,1.5789351851851852,1.75,10.566666666666668,99.39647168059425,1.0325630444858784,10.882895266164766,4.3853136321276995,0.4995110829024478
412,8617,29.999444444444446,4,1.3002823184513448,1.4408495921516757,1.5333333333333334,9.116666666666667,99.47777648833701,1.5930549363331103,10.81126427632172,4.6241484406274935,0.7588443238321386
413,8615,29.999444444444446,4,1.7909339968408455,1.8575727513227511,2.0666666666666664,10.183333333333334,99.39640162507256,1.6703640787547183,10.16524684446913,4.471466544676062,0.5970184893458252
414,8615,29.999444444444446,4,1.5818364918437464,1.5238618827160495,1.7666666666666666,9.035714285714285,99.46604759141033,1.3302067705873004,10.471827667399344,4.23283374521912,0.37181362971844684
415,8616,29.999444444444446,4,2.0606945002923416,1.8052290013227517,2.55,10.35,99.3732590529248,1.0242352890146869,10.692736001231824,4.404805527960124,0.5281219360954736
416,8616,29.999444444444446,4,2.3861555913523183,2.4174520502645502,2.6,10.583333333333332,99.3732590529248,0.9999583326420529,10.340732889827596,4.514659879736482,0.640309833311226
417,8613,29.999444444444446,4,1.8304231317336506,1.6830880731922397,2.033333333333333,10.683333333333332,99.38465110878903,1.068399698052833,10.602697017883365,4.578263596253843,0.6845161585321807
418,8614,29.999444444444446,4,1.428010258837981,1.3486634700176368,1.8666666666666665,9.016666666666666,99.45437659623867,1.0324981110525122,10.477952791732683,4.464100714315481,0.5893941288183219
419,8614,29.999444444444446,4,1.489325307686406,1.4176311728395061,1.6333333333333335,11.85,99.39633155328535,1.0507419635367485,10.302430621515832,4.621791665754981,0.7165546943060292
42,8616,29.999444444444446,1,3.5150210320474944,4.446450617283951,1.1333333333333333,95.4,96.25116063138347,3.5419358320591945,1.803486018005517,1.3666257221706386,0.8302811951924068
420,8616,29.999444444444446,4,1.7812295454661402,1.6978532848324515,2.3166666666666664,9.916666666666666,99.38486536675951,1.1110954560846138,10.39544679631727,4.468685059910686,0.5964172414555421
421,8616,29.999444444444446,4,1.232299424983095,1.2524994488536156,1.3833333333333335,7.916666666666666,99.48932219127205,1.1285541714370342,10.365272915725562,4.551691190270578,0.6842176741549999
422,8619,29.999444444444446,4,1.969012373952767,1.8782921810699589,2.283333333333333,83.25,98.79336349924586,1.1951082295018849,11.318016985785869,6.624008483362816,2.144646839669464
423,8615,29.999444444444446,4,1.7711064085846444,1.9911747685185186,1.8666666666666665,75.56666666666666,98.81601857225769,3.2378464752900613,10.879860909065785,7.0823356272282565,2.498918000165824
424,8612,29.999444444444446,4,1.8024608519673544,1.7615736908900292,1.9166666666666663,78.7,98.88527635856944,3.3437030026223495,10.921529206201756,6.657048396847514,2.1084632738371707
425,8618,29.999444444444446,4,1.9214992522111345,1.8217647707231046,2.1,76.95,98.83963796704572,3.6457728285540867,11.36811619828561,6.781216501453215,2.2616271959391008
426,8617,29.999444444444446,4,1.7456771498201231,1.8993461347459029,1.85,74.88333333333333,98.95555297667403,3.3354671635895152,11.193833469149705,6.7920442638093785,2.2492669529225178
427,8617,29.999444444444446,4,1.7230691545505286,1.9353587962962964,1.9833333333333332,82.56666666666666,98.88592317511895,3.640895605651042,11.015974003173724,6.777209056465178,2.2200087058506464
428,8618,29.999444444444446,4,1.742656863198172,1.587008101851852,2.05,87.38333333333334,98.90925968902297,3.622199323111005,10.914842018621897,6.805743232425758,2.2559675336653755
429,8618,29.999444444444446,4,1.775034969929377,2.0015625000000004,1.9333333333333331,83.55,98.89765606869344,3.6350305222387522,10.917130903572074,6.932972101581408,2.3538637292930633
43,8632,29.999444444444446,2,1.1268860281284983,1.3734729349445456,1.9666666666666663,62.3,99.73354958294718,9.4938153436121,172.78322929226835,176.01134979028282,6.997693010187217
430,8616,29.999444444444446,4,1.7578756187521858,1.9249710648148148,1.85,76.23333333333333,98.92061281337048,3.592961151020457,10.98534916414443,6.790942101074413,2.251086572047575
431,8616,29.999444444444446,4,1.799553636326791,1.718985615079365,1.9666666666666663,78.31666666666666,98.89740018570102,3.6241314783128886,10.929781202561495,6.685152438799723,2.1754196695700876
432,8614,29.999444444444446,4,2.0022784103263556,2.1007908950617287,2.1333333333333333,75.36666666666667,98.80427211516137,3.245646803668274,10.920611011605324,6.879292476993893,2.300621358364567
433,8615,29.999444444444446,4,2.012486373979409,1.8222224521326493,2.1666666666666665,84.35,98.88566453859548,3.091712861180898,10.821290108614543,6.8585306635712895,2.288187823010806
434,8618,29.999444444444446,4,1.921152985445745,1.7726535341830825,2.0166666666666666,76.33333333333333,98.85124158737526,3.196445929848989,10.874535578910143,6.661942888085845,2.1106360994153985
435,8619,29.999444444444446,4,1.8104122211566522,1.78899360670194,1.9666666666666663,82.06666666666666,98.95579533588584,3.385834410312059,10.745856337781154,6.76430806885036,2.1451319641799977
436,8614,29.999444444444446,4,1.9758051509154366,2.0072035534955583,2.1,79.78333333333333,98.85070814952404,3.082951966668558,10.953380985549549,6.7383206463453735,2.1593729384796254
437,8614,29.999444444444446,4,1.854467026730203,1.8744020061728395,1.9666666666666663,81.7,98.78105409798003,3.164270223602988,11.090586337855317,7.058581913533155,2.447879973907371
438,8617,29.999444444444446,4,1.913487874822301,2.0535283389450054,2.1666666666666665,79.45,99.05999767900661,2.812502862004768,10.436757018528516,6.023709374774129,1.527020618415535
439,8614,29.999444444444446,4,1.9090036903574457,1.860814525462963,2.25,75.7,99.04806129556536,2.902755414963685,10.47604755066155,6.128194731126006,1.6025722033558116
44,8634,29.999444444444446,2,2.504467451705117,2.6872023809523813,2.6333333333333333,6.9,99.88417882788974,17.366336660056316,3.4012505723242343,0.0755073928979419,0.04719840746595437
440,8614,29.999444444444446,4,1.991918603270037,2.176291325379867,2.3,82.63333333333334,98.8971441838867,2.592840206819705,10.45431664438804,12.286019843673081,7.461797872431726
441,8616,29.999444444444446,4,1.9778490199190064,2.1491017373829875,2.25,76.5,99.04828226555246,2.9054655821817104,10.56116879355041,5.957303505519034,1.4599652984228193
442,8614,29.999444444444446,4,1.8453806008440905,1.8683337471721018,2.1,79.68333333333334,99.0712793127467,2.877585764359888,10.454862574801048,5.916765209225158,1.4482260329253593
443,8617,29.999444444444446,4,2.144762212131221,2.050564236111111,2.566666666666667,86.45,98.99036787745155,2.7694868075274353,10.475995339425188,6.127586521894285,1.6107333410339097
444,8618,29.999444444444446,4,1.9857568039860916,2.0420607363315697,2.45,88.43333333333334,99.0252958923184,2.8486142960554015,10.541158684666462,6.122128824606198,1.5733709606707982
445,8615,29.999444444444446,4,2.020878451689537,2.011904761904762,2.6333333333333333,77.25,99.03656413232733,2.8609574447349586,10.514911033378823,6.034424510164499,1.5376753716393878
446,8614,29.999444444444446,4,2.0467416805906473,2.418952546296296,2.4,82.05,99.00162526120269,2.7113360664563855,10.478745784051101,6.177120476458762,1.6594686986258846
447,8618,29.999444444444446,4,1.9865008666586756,2.0428819444444444,2.3833333333333333,84.63333333333334,99.0252958923184,2.797061668227723,10.550509525671977,6.164040604711294,1.6514321120204156
448,8615,29.999444444444446,4,1.9436591972546704,1.930730481902357,2.533333333333333,81.41666666666667,99.04817179338363,2.78875918310986,10.55095374155734,6.139287108068304,1.6190891960944196
449,8615,29.999444444444446,4,1.9468735945810816,1.815550595238095,2.216666666666667,75.81666666666666,99.02495647127104,2.738746608969992,10.550727312926965,6.1365577925009145,1.618457018573095
45,8636,29.999444444444446,2,2.956089721257334,1.978849189005439,8.066666666666666,87.7,91.22278832792959,14.1701042805693,375.7039237996192,41.83689377468036,23.823637107000355
450,8614,29.999444444444446,4,1.93616440057118,1.8987461419753087,2.4333333333333336,82.45,99.02484327838403,2.8338478376256475,10.59717927185422,6.131149128133687,1.6052333878488978
451,8615,29.999444444444446,4,2.1681124609091813,2.2520216738315693,2.3,79.45,98.82762623331399,1.1931574158282525,10.970306497526462,6.656658928225963,2.1328447060774396
452,8612,29.999444444444446,4,2.225145008072899,2.334220679012345,2.3166666666666664,82.05,98.86205294937297,1.2019921738045056,10.93339083891801,6.350728219759803,1.8757237962532898
453,8615,29.999444444444446,4,2.3956779552426677,2.4904128086419752,2.683333333333333,89.31666666666666,98.66511897852583,1.2904128517236602,10.987782706427513,12.641560032796248,7.761193930851506
454,8614,29.999444444444446,4,2.144271516734948,2.1380208333333335,2.216666666666667,85.01666666666667,98.8274901323427,1.2554654912959817,11.058431868804519,6.58999336125526,2.0870288677346953
455,8616,29.999444444444446,4,2.123021952513596,2.054248744689069,2.216666666666667,79.61666666666667,98.8393686165274,1.2522115803348557,10.992795795198301,6.86266856789141,2.3024787770261304
456,8619,29.999444444444446,4,2.4181469234636657,2.520563271604938,2.55,82.06666666666666,98.73535212901729,1.205634070303996,11.069027084864189,6.612884049083143,2.1686744125658146
457,8612,29.999444444444446,4,2.234201930307655,2.18653549382716,2.3166666666666664,73.43333333333334,98.85044124477473,1.275931368285762,11.00415588436954,6.8325183022582,2.20449815318603
458,8614,29.999444444444446,4,2.2121896411962,2.6797024060044894,2.65,87.68333333333334,98.7926631065707,1.290114237055894,11.126587025182337,6.835185983688422,2.3399631828584697
459,8618,29.999444444444446,4,2.2043048280269795,2.107566550925926,2.8131249999999985,87.86666666666666,98.68879090276165,1.2561566832814615,11.23603729404089,6.924667075015184,2.4670413480694284
46,8637,29.999444444444446,1,3.7387481628016532,3.55462962962963,4.333333333333333,52.0,96.90864883640153,18.60010239523098,36.89551485429394,0.7184284666743854,0.5540426845741191
460,8616,29.999444444444446,4,2.2169491623356525,2.076369598765432,2.566666666666667,79.91666666666667,98.68848653667595,1.2618313257008715,11.106428976728418,6.771746363354998,2.3015867489056903
461,8619,29.999444444444446,4,2.3755888154078195,2.3390046296296294,2.466666666666667,75.43333333333334,98.665738484743,1.2833076677486335,11.186479483312063,6.974212012221062,2.500398344742236
462,8619,29.999444444444446,4,2.0052945043895267,1.9570023148148148,2.05,83.61666666666666,98.75855667710871,1.2508994949774501,11.228247669876628,7.016173570019724,2.5403565765556717
463,8614,29.999444444444446,4,1.4720916360166418,1.5733028012286414,1.8,5.466666666666666,99.98839099140933,4.089037169719553,10.405808742504819,3.4220331612251744,0.032707183949347844
464,8615,29.999444444444446,4,1.551760218887323,1.5279899691358025,1.85,5.35,99.9883923389437,4.165605259986995,10.383264856636881,3.414750637252088,0.02691446684482086
465,8618,29.999444444444446,4,1.6703454287261434,1.407936507936508,1.95,8.566666666666666,99.97679275934091,4.099725004894893,10.486933218402235,3.42502013986117,0.03307197559924408
466,8614,29.999444444444446,4,1.361848237089124,1.463830491640457,1.5666666666666669,4.983333333333333,100.0,4.0901125998614605,10.523720521410329,3.4103513659933444,0.02430373588952645
467,8612,29.999444444444446,4,1.5727691978410452,1.5773726851851853,1.8333333333333333,4.916666666666667,100.0,4.162210325000624,10.475006011754154,3.41831007957053,0.03185817897847622
468,8612,29.999444444444446,4,1.6267707052005123,1.7172860453567294,1.9166666666666663,5.383333333333334,99.98838829540176,4.094704446715903,10.499055399946599,3.406733989226441,0.02294135748908158
469,8617,29.999444444444446,4,1.6603696527995877,1.5795295047031161,2.083333333333333,5.516666666666667,99.97679006614831,4.0799175090984985,10.432241729619006,3.4174563570350966,0.029510601966212947
47,8633,29.999444444444446,1,7.906332417148471,7.218727954144621,11.8,64.73333333333333,6.185567010309279,19.958869991966843,91.22311401386752,3.748374714979603,3.363497859721652
470,8614,29.999444444444446,4,1.7352088792331422,1.7343364197530864,1.9833333333333332,5.566666666666666,99.97678198281866,4.092543922198601,10.458433285621584,3.421716542879765,0.03364401251561686
471,8619,29.999444444444446,4,1.6447749888404257,1.7067791005291004,1.9618131868131854,5.416666666666666,99.98839772595429,4.09799141861383,10.401390169176457,3.4082429623849744,0.0240296907717722
472,8615,29.999444444444446,4,1.7626106245273396,1.7520447530864198,1.9666666666666663,5.55,99.9651770168311,4.034727324770334,10.379485393693171,3.411360030953763,0.024746980626260937
473,8615,29.999444444444446,4,1.8346409225326812,1.652536651234568,2.1166666666666667,5.95,99.97678467788741,4.155730683440778,10.389403310947129,3.4192338943702842,0.029074979962966013
474,8614,29.999444444444446,4,1.8352350686037127,1.6062144788390444,2.083333333333333,6.0,99.98839099140933,4.112533394984022,10.484182863997702,3.4240332736298607,0.031217867922650813
475,8618,29.999444444444446,4,1.7233614030434639,1.7019538139329806,1.9166666666666663,5.583333333333334,99.96518913901137,4.100870019043034,10.541190386931858,3.4124368707798736,0.027032014941042546
476,8618,29.999444444444446,4,1.591036065157091,1.6429632385361552,1.8166666666666669,5.5,99.97679275934091,4.109480967706939,10.508652985445744,3.4091019987979836,0.023302279835118067
477,8618,29.999444444444446,4,1.6757596227165732,1.6295331790123457,1.9166666666666663,5.416666666666666,99.98839637967045,4.0518677124230456,10.414652057156118,3.4110499618738186,0.024572047431179467
478,8617,29.999444444444446,4,1.5354096075098163,1.5692363866843035,1.7666666666666666,5.333333333333334,99.97679006614831,4.0176046351452825,10.55755298303749,3.42462890673985,0.03421288780462505
479,8619,29.999444444444446,4,1.4710407239819003,1.5333912037037036,1.65,4.8,100.0,4.065132357736161,10.397455234559308,3.408972425262018,0.02105425996828711
48,8051,27.974965277777777,1,0.007455484591865165,0.0,0.0,4.0,100.0,3.1912884966411945,3.4936334539334166,0.020187968368318637,0.0004181675154225145
480,8612,29.999444444444446,4,1.6300935295158472,1.6537615740740739,1.8,5.616666666666666,99.97677659080352,4.117749541936609,10.57155270608011,3.424152622033486,0.03152135447769445
481,8614,29.999444444444446,4,1.5588467555585037,1.750559413580247,1.8833333333333333,6.116666666666666,99.98839099140933,4.158757569179381,10.394874346302256,3.417822039426404,0.024418167545634445
482,8612,29.999444444444446,4,1.6369438822904916,1.6538580246913581,1.8166666666666669,5.35,99.98838829540176,4.090032915164579,10.515917435250923,3.4214882887665046,0.03581409107999909
483,8616,29.999444444444446,4,1.624403549773501,1.9296397131032548,2.0666666666666664,5.333333333333334,99.98839368616528,4.081168527565741,10.36402087093243,3.413318982034163,0.029553275827649068
484,8619,29.999444444444446,4,1.2701406729687272,1.3219135802469137,1.4666666666666666,5.016666666666667,99.98839772595429,4.142143715926625,10.401147888478205,3.4215067486560695,0.036725064779363395
485,8613,29.999444444444446,4,1.6112327434166516,1.5862654320987655,1.9,5.516666666666667,99.98838964356206,4.155155511101508,10.53856554967666,3.42566312642941,0.03053689605413741
486,8613,29.999444444444446,4,1.6166717580380068,1.8734760802469137,1.95,5.416666666666666,99.97677928712412,4.150004369007965,10.422786279473845,3.41370233157067,0.027451406134791696
487,8612,29.999444444444446,4,1.671146711122907,1.7293209876543207,1.8333333333333333,5.516666666666667,99.98838829540176,4.09230160941388,10.41463793599186,3.4238020591422815,0.029386736115718914
488,8615,29.999444444444446,4,1.5489616670812258,1.6875537367724869,1.7666666666666666,4.766666666666667,100.0,4.179969759533828,10.563593400215572,3.4086261504021227,0.024074289030760285
489,8615,29.999444444444446,4,1.6268490727689797,1.716607418430335,1.8166666666666669,5.25,99.9883923389437,4.069354441738971,10.492861288450378,3.409284470607744,0.02219992814305059
49,8058,27.988854166666666,1,4.981123770950652,5.833333333333333,5.833333333333334,10.4,24.547034003474806,6.762202431818556,20.93088420638681,0.6025575266546971,0.5819214241124143
490,8612,29.999444444444446,4,1.6799073275385397,1.7024305555555557,1.8833333333333333,5.035714285714286,99.98838829540176,4.115043428631579,10.506670371353373,3.413272454824939,0.02548160927166964
491,8614,29.999444444444446,4,1.5681512324259597,1.6525270061728394,1.7666666666666666,5.05,99.98839099140933,4.032075945046645,10.139742526647563,3.4200440589516514,0.025296582528994863
492,8616,29.999444444444446,4,1.5416603108281381,1.611347459029962,1.7666666666666666,5.3,99.98839368616528,4.101822782873524,10.525359243047266,3.412384213202458,0.026568510412521534
493,8614,29.999444444444446,4,1.6367545797790168,1.702951388888889,1.9333333333333331,5.133333333333334,99.98839099140933,4.016287813037838,10.416481944390002,3.4089289022769402,0.02387973067100068
494,8612,29.999444444444446,4,1.6649598152080152,1.7269290123456789,1.85,5.516666666666667,99.98838829540176,3.9993334682110446,10.491079999115298,3.423094574569261,0.03344779156437305
495,8616,29.999444444444446,4,1.6996889175510346,1.652594424447723,2.033333333333333,5.116666666666667,99.97678737233055,4.080721793561745,10.426151184586073,3.4136516490189885,0.02777769468229076
496,8616,29.999444444444446,4,1.5790835184398033,1.7002269062598925,1.8333333333333333,5.016666666666667,99.97678737233055,4.077528803954093,10.479982389618531,3.418885635024214,0.031196003715154113
497,8618,29.999444444444446,4,1.5765724823866214,1.4970460015071836,2.216666666666667,5.866666666666666,99.96518913901137,4.066801252309577,10.417093939491828,3.412055914225791,0.026966489069065055
498,8615,29.999444444444446,4,1.512095547049842,1.6207045834942706,1.9833333333333332,5.55,99.9651770168311,4.068372114811621,10.390349267357392,3.4162476422139796,0.03229271341285269
499,8615,29.999444444444446,4,1.47992621971438,1.5882535579522834,1.8166666666666669,5.5,99.97678467788741,4.02718942202776,10.478465190577785,3.418033973184872,0.027601650300431477
5,16140,29.999444444444446,0,0.24111420900454356,0.0,0.0,92.25,99.67781908302355,2.068225485604485,15.988031805039238,1.1982527881040892,0.24911813300289135
50,8632,29.999444444444446,1,5.957979177140437,6.203369793392994,7.0,23.133333333333336,6.98563484708063,14.149829351336427,45.94823206154879,0.8000600592641834,0.7391852413110522
500,8615,29.999444444444446,4,1.7650964340038628,1.5362029921274711,2.3,5.983333333333333,99.9651770168311,3.9717059999911384,10.442950589746875,3.4156210765438852,0.02986080566753809
501,8615,29.999444444444446,4,1.5439540681154147,1.5611502855426467,1.9166666666666663,7.033333333333334,99.9651770168311,4.07052129973364,10.460589335537103,3.4127958631295834,0.02884424887036609
502,8619,29.999444444444446,4,1.6706848518500101,1.53383487654321,2.1666666666666665,5.55,99.94198862977144,4.061117978257559,10.494869294503824,3.4155652793661844,0.03056777760919771
503,8615,29.999444444444446,4,1.7458966108052008,1.6237854834209002,2.25,5.933333333333334,99.9535693557748,4.003147382405906,10.380953143393654,3.4154514531705473,0.028573026895719854
504,8620,29.999444444444446,4,1.7194263739289841,1.6598759249366888,2.2,5.483333333333333,99.95359628770302,4.093930718889505,10.365116105858565,3.4141090657215947,0.02734039355849099
505,8615,29.999444444444446,4,1.5553133419427674,1.5784715332892416,1.8833333333333333,5.596153846153847,99.97678467788741,4.068816114992007,10.526173744679259,3.4152971333818694,0.03407640853375035
506,8619,29.999444444444446,4,1.8098954845865738,1.5447716876102293,2.216666666666667,5.533333333333334,99.96519317786287,4.15575548969755,10.445722932235288,3.417312441912163,0.0312681044059394
507,8615,29.999444444444446,4,1.5949974230161403,1.711735002555315,2.216666666666667,5.1,99.97678467788741,3.7207127024662774,10.789492696959325,3.6041400664209715,0.046158868216326115
508,8617,29.999444444444446,4,1.6371961399334616,1.657476495019898,2.083333333333333,5.383333333333334,99.98839503307416,4.137454213699332,10.416451857878688,3.4217810492732155,0.034168256858868415
509,8619,29.999444444444446,4,1.7075987377958315,1.6163727837555963,2.1666666666666665,5.533333333333334,99.96519317786287,4.113363027086561,10.48244134653811,3.4187718135855962,0.0325120722440597
51,8633,29.999444444444446,2,1.906682204110676,2.034452160493827,2.1,12.766666666666667,99.9768330823584,5.8776036356471755,19.914797614062067,0.6987074076932759,0.5311223382201027
510,8612,29.999444444444446,4,1.6029006334372393,1.539722504706572,1.9166666666666663,5.283333333333334,99.97677659080352,4.049599848723787,10.524450890364731,3.424058801032791,0.03361873457089433
511,8619,29.999444444444446,4,1.7624580453483167,1.4054802322163436,2.5166666666666666,6.566666666666666,99.97679545190857,4.08001373865507,10.403468882254126,3.422474397178539,0.027687456411786365
512,8617,29.999444444444446,4,1.5020422041499564,1.3677662037037037,1.85,4.766666666666667,100.0,4.079576061003777,10.438116301322752,3.4144888437159526,0.025499321768324888
513,8610,29.999444444444446,4,1.5103615117944384,1.8902199074074075,1.9666666666666663,4.9,100.0,4.00949212555231,10.537984803298391,3.411198333219239,0.028604038238184564
514,8616,29.999444444444446,4,1.6138427931168182,1.7773148148148148,1.9666666666666663,5.3,99.96518105849582,4.095513814565549,10.39491155251949,3.4185085206498855,0.02927580711355083
515,8616,29.999444444444446,4,1.723270539668085,1.492407958553792,2.216666666666667,5.816666666666666,99.96518105849582,4.069129985387306,10.427801521830073,3.4180761323170796,0.03295417249108055
516,8616,29.999444444444446,4,1.5536721910285631,2.0296489197530865,2.083333333333333,5.3,99.97678737233055,4.035994713169065,10.370647520551769,3.413225798819462,0.024690115672009804
517,8618,29.999444444444446,4,1.641944056417397,1.9484425521751914,2.216666666666667,5.45,99.97679275934091,4.056037067420909,10.388347325748695,3.4163591465778747,0.028541428402184942
518,8619,29.999444444444446,4,1.524668445121804,1.762692901234568,1.9,5.1,99.96519317786287,4.0308513181201615,10.423120739723593,3.4224233708048537,0.03698277976036414
519,8616,29.999444444444446,4,1.5401036722807266,1.323167438271605,1.9666666666666663,5.214285714285714,99.97678737233055,4.0712388039223635,10.484902091421938,3.4192082171800138,0.03279948251222622
52,8054,27.981909722222223,1,4.640386525567802,5.0,5.0,16.666666666666668,7.7477030047181525,12.478637757155852,15.040769555886266,0.7303623741542788,0.7100582638948668
520,8620,29.999444444444446,4,1.6123856778533403,1.556045157260435,2.216666666666667,6.083333333333334,99.96519721577725,4.166558181219172,10.428955012826822,3.425041226819069,0.034158832273681446
521,8619,29.999444444444446,4,1.6781482382335149,2.0022762345679013,2.1333333333333333,5.083333333333333,99.97679545190857,4.099766383961405,10.407555757851616,3.4185797102434763,0.0336691405434879
522,8618,29.999444444444446,4,1.6710497766267667,1.6551343878600822,2.15,6.133333333333334,99.95358551868183,4.081718746638365,10.4666193319071,3.423078711147289,0.03356786099591853
523,8616,29.999444444444446,4,1.784899107150587,2.015721450617284,2.4166666666666665,6.05,99.98839368616528,4.02801805251643,10.389818383411699,3.414191074967537,0.029390481462208465
524,8618,29.999444444444446,4,1.6069700785245284,1.9835841049382716,2.15,4.883333333333333,100.0,4.057615077889841,10.495298667127978,3.406843054446907,0.020506614913669903
525,8619,29.999444444444446,4,1.6913034841941907,1.9306905864197532,2.0,5.333333333333334,99.98839772595429,4.10863238073579,10.402299651464288,3.417153877178242,0.03099012021740875
526,8615,29.999444444444446,4,1.6544671075844901,1.984657462522046,2.1166666666666667,5.15,99.9883923389437,4.075484461428188,10.479669419057116,3.409740861447187,0.022576964532855407
527,8616,29.999444444444446,4,4.116925257889743,4.226051311728395,5.366666666666666,93.75,93.7674094707521,7.708335721822877,66.54227595369656,1019.6578559227061,943.6834923491086
528,8613,29.999444444444446,4,1.288033539470321,1.5625992063492065,1.5666666666666669,4.983333333333333,100.0,2.7796603136771503,7.99157043209638,3.3437201625986024,0.039117276160118356
529,8612,29.999444444444446,4,1.432977102824409,1.5972222222222223,1.7,4.95,100.0,3.1022929490844673,8.212873605532106,3.2923635071771393,0.02738095238095237
53,4025,13.973530092592593,0,0.8700082815734991,0.5374807098765432,0.8,95.0,99.45341614906832,7.729646993356883,37.087408459035785,0.6725276545400768,0.2669115646258503
530,8615,29.999444444444446,4,1.3882524942652628,1.3395103064373899,1.6,6.516666666666667,99.97678467788741,3.1966616143852367,7.868032331375338,3.2907326645109576,0.02427438299754027
531,8618,29.999444444444446,4,1.9260647703035727,2.0242091049382713,2.2666666666666666,6.766666666666667,99.66349501044326,6.2857728128860035,14.215419946920877,38.45095797165883,15.832026392356514
532,8612,29.999444444444446,4,1.8197090892283647,1.857465277777778,2.05,5.466666666666666,99.95355318160706,4.117205224051079,13.32034084960815,32.83202701656603,10.976561313486533
533,8631,29.999444444444446,2,0.011664579321861214,0.005410879629629629,0.0,1.7,100.0,0.19210674645287204,0.5293985150780423,0.01732404235011117,0.016474391865424192
534,8634,29.999444444444446,2,5.459074313070144,6.512588975335208,19.066666666666663,65.0,67.21102617558489,8.806415386134308,66.97552974398006,27.13248177195363,13.488664967956142
535,8631,29.999444444444446,2,0.5131717504936134,0.5081112398609502,0.5,11.0,99.988413857027,1.4324969734246495,1.5429470409223622,0.0,0.0
537,12095,29.999444444444446,2,0.19466396723941165,0.0,0.3666666666666666,6.038461538461538,99.99173212071103,8.957840508101146,0.27203872123466993,7.165495383767395e-05,6.614303431169904e-05
538,8611,29.999444444444446,2,0.2607975561000761,0.02094907407407407,0.9333333333333332,9.3,99.98838694692834,0.33769656995560804,13.484657846250576,6.4476405644446535,2.230967680688967
539,8632,29.999444444444446,2,0.8338100271806249,0.7071631481434264,1.8483333333332967,11.333333333333332,99.50185356811862,2.42515432093354,6.925618771288952,1.1420007703140231,0.8601340175888368
54,8635,29.999444444444446,1,0.5316428408495577,0.5916366041366041,0.7333333333333333,14.0,99.95367689635205,8.520937936701879,9.372134219765952,0.28095442484556554,0.2303440585664094
540,8635,29.999444444444446,2,1.339490106496476,1.759532076719577,3.166666666666667,19.066666666666663,98.22814128546614,3.6011112132019254,14.316091735582182,3.7745446061369625,1.6237230285637927
541,8615,29.999444444444446,4,10.560384893126479,5.347783013668431,25.688333333333322,38.85,24.863609982588507,6.6265128516210945,89.44090237485477,882.1555097501325,462.5891513464932
542,20267,29.999444444444446,2,0.5076168913404321,0.0,3.9,10.466666666666669,99.84704198944097,8.60559886219463,2.676796651153981,0.4448336141087905,0.1492494249389695
543,23685,29.999444444444446,1,0.21123073675321935,0.0,0.0,5.4,99.91133628879038,13.566167994383282,2.1205573147561747,0.2378214059531349,0.048883259446907336
544,8614,29.999444444444446,1,0.003204642402459909,0.0006952491309385865,0.0,1.0,100.0,0.34028777982383474,1.7140684396866195,0.0,0.0
545,8617,29.999444444444446,1,0.8827646564619989,1.196064814814815,1.2,94.93333333333334,99.19925728211675,2.113171571250371,3.165270478621993,0.5115846121822679,0.26195703030738426
546,8614,29.999444444444446,1,2.2556298163565405,2.365376984126984,4.2,26.2,99.1061063385187,6.965082087651955,12.339997969293302,15.047577881963765,0.8861827708704886
547,8610,29.999444444444446,1,0.21177980652719325,0.12226084717394102,1.0,3.666666666666667,100.0,1.4861732845458897,0.909188789336873,2.790446920481764,1.4687109290245177
548,8613,29.999444444444446,1,0.16426152217688267,0.10705721747388415,0.4,14.266666666666667,99.98838964356206,2.52115584871323,1.0565124752951296,0.27667100788835375,0.07544750230225673
549,8615,29.999444444444446,1,0.1600921777648417,0.10825617283950617,0.4,14.2,99.9883923389437,2.5838295913276297,0.9818233069567951,0.2779319123515293,0.07557709846740607
55,8632,29.999444444444446,1,1.8860686418668344,4.329749489598852,4.666666666666667,13.4,98.30861909175162,14.210062405705898,6.856467735487661,1.6803446775266746,1.4764563582334667
550,8616,29.999444444444446,1,0.1843096466877804,0.10787037037037038,0.4,13.266666666666667,99.98839368616528,2.589366165934045,1.0598067718802398,0.2784866801928083,0.0759710416221558
551,8614,29.999444444444446,2,1.565256448527867,1.538888888888889,2.0,2.7142857142857144,100.0,5.717773110998785,13.602394219819342,9.3726762634471,4.038409786947051
554,8636,29.999444444444446,1,1.4839659713067541,0.6914025403608739,10.6,84.6,88.13107920333488,5.380392434262645,4.575923046383908,4.978829208848895,4.799995313085864
555,8616,29.999444444444446,1,1.8691768064417786,2.1064373897707234,3.466666666666667,12.533333333333331,99.44289693593315,9.44587517840249,3.8912757935477296,752.9718613646104,364.0079349056108
556,8636,29.999444444444446,2,2.3968479628420574,3.232339891975309,4.7375,63.23333333333333,95.21769337656323,7.04091537215822,11.65583827261977,2.8141179503297384,1.859145410132557
558,8617,29.999444444444446,1,1.1673648904703797,1.0546296296296296,2.0,11.0,99.98839503307416,1.830007055015896,0.612029557808251,0.002444779699044524,0.000990290511005377
559,8619,29.999444444444446,1,0.997862908513796,1.0124703415549303,1.0,2.933333333333333,100.0,8.697187079313675,4.394992395610217,0.33561511389565685,0.16413350350001932
56,8633,29.999444444444446,1,1.300938505745641,1.294862881421398,1.5333333333333334,10.0,99.95366616471678,12.41732913837502,10.951442854865768,0.5015579115660198,0.36378771041692387
560,8634,29.999444444444446,1,0.001816462049262605,0.00030935808197989165,0.0,1.0,100.0,3.033445400954341,1.67189807335742,0.0002625279901165933,0.0
561,20680,29.999444444444446,4,0.29053016441435203,0.0,2.4,3.916666666666667,100.0,10.152870760634913,0.9649279580831804,0.06753059923635359,0.06753059923635359
562,8637,29.999444444444446,2,3.416598109125897,3.7781498015873014,4.6,59.43333333333333,98.50642584230636,12.312062360391096,74.99815075800662,3.9836145879129545,0.5051852454596463
563,8616,29.999444444444446,1,0.15348293155570317,0.040123456790123455,1.0,42.4,99.80269266480965,0.4885210031738857,6.2603699148267395,6.539258909227572,3.6264001100003878
564,8618,29.999444444444446,1,0.07662155570893098,0.005279982363315696,0.4666666666666666,2.733333333333333,100.0,0.3054086875183722,9.339596525544541,9.423586511861055,8.76589612393743
565,8613,29.999444444444446,1,0.2647103969987982,0.004243827160493828,2.0,2.8,100.0,0.30464815268744966,9.345609750686378,9.424693938103898,8.729863126797992
566,8614,29.999444444444446,1,0.10366458960898245,0.006018518518518518,1.0,3.066666666666667,100.0,0.3068553320787375,9.384876761591993,9.460976367233624,8.801446037387528
567,8613,29.999444444444446,1,0.09316299919748197,0.005478395061728394,1.0,2.4,100.0,0.2992766692157897,9.057054581575654,9.153402110873378,8.482834917317676
568,8616,29.999444444444446,1,0.1241773150634571,0.004320987654320988,1.0,2.333333333333333,100.0,0.3035570566340086,9.385110566082018,9.443720984215414,8.767556484060663
569,8617,29.999444444444446,1,0.009412414594032326,0.00470679012345679,0.0,2.0,100.0,0.2976895718195166,9.361946155078918,9.442324695922235,8.761317467685695
57,8616,29.999444444444446,1,4.140005877105459,4.286111111111112,5.6,17.8,75.68477251624884,10.548413496651829,11.646150242772807,0.8535605665741459,0.6346170764781488
570,8613,29.999444444444446,1,0.05228281239253026,0.005140817901234568,0.0,21.53333333333333,99.95355857424822,0.31044314621185076,9.373703514386204,9.477593947134174,8.775198343589151
571,8612,29.999444444444446,1,0.009093591937298392,0.005735596707818929,0.0,2.0,100.0,0.31039886533209343,9.4571744596942,10.250123996416958,9.530409810231571
572,8618,29.999444444444446,1,0.009097597691238907,0.004552469135802469,0.0,2.0,100.0,0.30008774040738717,9.31121103954708,9.488593088662709,8.825296444871752
573,8613,29.999444444444446,1,0.009997610075979982,0.004629629629629629,0.0,2.0,100.0,0.30851818174213946,9.32841123329629,9.40646033404654,8.744856059223876
574,8636,29.999444444444446,1,2.3452391980414213,2.478847001763668,4.066666666666666,11.466666666666669,99.25891616489115,11.790800738832642,16.53948362506723,1.4731092436974786,1.264139041443349
575,8637,29.999444444444446,1,0.02304523175485315,0.007455632716049382,0.0,38.06666666666666,99.98842190575431,3.220808397233024,5.591671066766587,0.7176648637919913,0.22670790673569413
577,8618,29.999444444444446,1,0.0406615106226385,0.04639550264550265,0.2,4.2,100.0,2.5768522110077274,1.1282956580821515,0.012539645702792604,0.0005956525102498646
578,8618,29.999444444444446,1,0.018015258123171788,0.01412037037037037,0.0,4.066666666666666,100.0,0.2419202674021427,1.0832154482015237,0.012547381449678966,0.0005956525102498646
579,8616,29.999444444444446,4,0.6556663682185967,0.5376648457760855,1.2833333333333334,1.7833333333333334,100.0,0.5453580763945067,9.709637661935712,6.170764524472742,5.674538234513861
58,8614,29.999444444444446,1,0.4654538016739085,0.46666666666666673,0.4666666666666666,15.533333333333331,99.97678198281866,8.553112794828714,7.237843709575772,0.15653531902661225,0.11896856722721594
580,8619,29.999444444444446,2,1.586856280973928,2.2528163580246914,2.0,35.333333333333336,99.8259658893143,6.385838138081456,4.853570093389098,3.361348405239808,0.8646898601649731
581,8614,29.999444444444446,1,0.013614050217254304,0.011574074074074077,0.0,15.266666666666667,99.98839099140933,3.118098018228581,0.8594295979540929,0.22551638826307968,0.00897882397766307
582,8618,29.999444444444446,1,2.0317721189617224,1.8859678130511464,7.0,92.6,91.62218612207008,4.874451204526325,92.35289924742233,29.755732740996148,23.760643835162284
583,8615,29.999444444444446,1,1.424709017686383,1.0933641975308643,3.4085714285714075,29.333333333333336,96.79628554846198,3.7898380466701878,36.643763659761916,60.57868782407378,33.483531609616925
584,8617,29.999444444444446,1,0.9610387736127554,0.5830721747388414,1.6,6.533333333333334,99.96518509922247,4.008466144872575,5.347335788011198,5.843626869758354,2.83167962039379
585,8614,29.999444444444446,1,0.521617356020653,0.5282958553791888,1.0666666666666669,14.8,99.90712793127466,4.298831861139038,5.649674533152012,5.689881919798335,2.766113303923845
586,8616,29.999444444444446,1,0.2743317518909441,0.18871264730639728,1.2,36.4,99.8259052924791,2.8647703918190723,18.271420175885705,18.218402974565933,0.5907282384127789
587,8618,29.999444444444446,1,3.4082712184156834,0.6323302469135802,18.73833333333332,100.8,89.40589463912741,5.566340151402355,41.68304604101192,228.52132035887837,21.731442487400948
588,8616,29.999444444444446,1,0.7668219798616734,2.039197530864197,2.4,4.666666666666667,100.0,4.006589865760335,0.991048152172804,0.26421582131888544,0.07443052537063677
589,8612,29.999444444444446,1,9.910189640699395,18.6984067207416,19.2,95.13333333333334,52.64746864839759,9.93694158481343,109.37741862662031,45.779739364469975,2.4942020963502616
590,8616,29.999444444444446,1,0.50046404996788,0.23059096176129779,1.4,4.866666666666667,100.0,4.348120036954436,1.0139902267339593,0.3275470290181292,0.10425983120098718
591,8636,29.999444444444446,2,54.39911581506214,54.4743537808642,54.5,54.73333333333333,0.0,17.61646704965836,4.018701008797697,0.0,0.0
592,8616,29.999444444444446,16,0.8443369358737568,0.8265828235229277,0.9375,2.459821428571429,100.0,0.8365282369681429,10.176964369904828,3.954175530829431,0.147968781708336
593,8616,29.999444444444446,8,3.807862687258579,3.184670489618406,12.558333333333334,95.0,94.63788300835655,2.184246589053332,925.1127890186647,6.618596291707364,0.8797381896964068
594,8613,29.999444444444446,16,0.754616827138379,0.7826123649691357,0.8458333333333333,1.6875,100.0,0.0780858387087439,9.58437084414096,3.7098118569382934,0.05599287898138471
595,8632,29.999444444444446,1,1.3714567059446579,2.597145061728395,1.8,85.2,98.10009267840594,1.3609166904500998,70.08128638815617,372.0785292267973,330.4566411249393
596,8632,29.999444444444446,4,27.83549180608741,37.93706562775573,96.98333333333332,97.6,69.67099165894346,7.56633123230325,702.3888712075691,29.74262599849949,4.631630367624344
597,8635,29.999444444444446,4,29.006500851011563,37.105921065816894,96.8775,97.18333333333334,69.73943254198032,5.581185689335226,932.8550498989526,28.270045742715112,4.635450147227797
598,8637,29.999444444444446,4,28.92163718387668,37.00856205908289,96.71666666666664,97.15,69.74643973601945,5.703033910527319,930.6715006058356,29.117667259990988,4.673285668058159
599,8634,29.999444444444446,4,29.01175584896919,37.09569331788335,96.98333333333332,97.31666666666666,69.7359277275886,5.767637380783669,936.7657822680756,28.209383805909173,4.677257218883348
60,8635,29.999444444444446,1,0.6689710257573606,0.6558256172839506,0.8666666666666667,30.333333333333336,99.95367689635205,9.804038627551686,11.126236737913057,0.49665109612127556,0.3674796094338653
600,8618,29.999444444444446,1,4.6567539278493095,2.3624999999999994,11.4,15.6,69.61011835692736,6.534508592503144,47.54538311441015,3.8953917205251622,1.8703225180482084
601,8618,29.999444444444446,1,1.1715354521835144,0.9285493827160494,2.0666666666666664,6.666666666666666,99.96518913901137,5.1823869318022435,26.14439196314631,2.609626404126288,1.7412124208016526
602,8617,29.999444444444446,1,0.69167300469958,0.5624779541446209,2.0,4.133333333333333,100.0,3.3132203579449735,12.052165526245833,0.38800146799160373,0.12648413988497542
603,8614,29.999444444444446,1,0.26159463553241125,0.2547839506172839,0.6,2.733333333333333,100.0,3.3743988705573726,8.159564302851393,0.6065217751832565,0.4138249472066514
604,8613,29.999444444444446,2,7.264393504762714,5.559987225351809,62.37999999999999,102.33333333333334,89.62034134447927,3.3200963326199306,17.857687222281438,65.0084708482044,6.132520115113288
605,8632,29.999444444444446,2,0.00037898848139811996,0.0006952491309385863,0.0,0.3,100.0,0.7261206582996593,0.11759801250649259,0.0,0.0
606,8616,29.999444444444446,1,0.1123527934461082,0.14491442199775534,0.2666666666666666,2.2,100.0,3.9764332011622368,0.8933138420951791,0.24816951850378033,0.07385318565680682
607,8613,29.999444444444446,1,2.1282409019956914,1.105446118192352,10.0,25.133333333333336,86.89190758156275,2.8431589571711435,2.3725669853064493,5.909962506758048,2.134795124119402
608,17269,29.999444444444446,4,9.230947637061918,0.0,94.4,103.75,85.73165788406972,11.276678082779505,5.396663458082764,4.820171077852472,2.398005091658459
609,8616,29.999444444444446,4,18.66603930604627,0.483545524691358,102.4708333333333,104.45,71.92432683379758,5.420472732277313,10.805468363267806,9.650602837467392,4.800045319892116
61,23690,29.999444444444446,1,0.034412752015115886,0.0,0.0,16.866666666666667,99.98733642887294,9.10885223657592,0.6008989125409555,0.021459660830703463,0.008222007812552343
610,8616,29.999444444444446,4,22.63862242533465,0.33383487654320987,101.91666666666666,104.78333333333336,65.91225626740948,5.333189580255611,12.635963904879297,11.209666125038687,5.517746192023698
611,8615,29.999444444444446,4,22.500873553962638,0.42704888668430335,99.96999999999996,104.61666666666666,66.33778293673825,6.249561052672854,11.835108962746803,11.012641850636628,5.5180951707736385
612,8618,29.999444444444446,4,17.903917231414187,0.251099537037037,101.33333333333334,104.73333333333332,71.04896727779068,5.861054700398933,11.940170433663702,10.573079592463442,4.567518695558844
613,8617,29.999444444444446,4,19.626184141377944,0.41494984567901233,100.65666666666667,104.53333333333336,66.41522571660671,8.061506689866897,10.76458736613663,9.951047210110689,4.922633532573186
614,17270,29.999444444444446,4,10.985508798004092,0.0,95.08333333333334,104.71666666666664,82.18297625940937,15.130260510871421,5.182818087946924,5.239427427105482,2.656486440761195
615,17270,29.999444444444446,4,9.414418461331824,0.0,90.42749999999997,104.73333333333332,84.77127967573827,10.875634794563835,5.353989610723832,5.117393742621016,2.394350463439925
616,17269,29.999444444444446,4,12.547521201172252,0.0,101.77666666666666,104.53333333333336,81.71868666396432,13.51828059028842,5.860678242173986,5.761148998279116,2.9354880975183253
617,8616,29.999444444444446,4,30.57474990126452,33.152507716049385,103.11666666666666,104.66666666666666,57.648560817084494,6.465855403884191,18.190173108383412,16.63500837312641,6.116687891766234
618,8617,29.999444444444446,4,31.207431491567498,32.63109567901235,104.28333333333336,104.81666666666666,58.001624695369614,6.489191784065739,18.02148451815099,16.45127139149711,6.149517860899432
619,8616,29.999444444444446,4,30.92776926129555,31.97260802469136,104.05,104.76666666666668,57.01021355617456,7.863349772729332,18.46623410215854,16.89824477724896,5.9525070201515184
62,8616,29.999444444444446,1,4.877114318931867,5.152673059964726,6.719047619047619,18.73333333333333,68.23351903435469,18.23597478417993,11.258498443421843,14.918254152481172,9.930951927470034
620,8617,29.999444444444446,4,33.529969452716635,36.648533950617285,103.06666666666666,104.6,53.53371242891958,6.474468813384721,13.937746611826917,13.28649478253749,6.371242891957758
621,8613,29.999444444444446,4,31.307370905472613,36.06905864197531,103.19,104.51666666666668,59.82816672471844,6.408104734006075,12.443506080784031,12.043587454768227,6.076801920166601
622,8616,29.999444444444446,4,32.496640050972836,37.013078703703705,103.45416666666667,104.63333333333334,52.90157845868152,5.813761226491585,14.243392404691152,13.136958250598571,6.303025810398722
623,17368,29.999444444444446,4,9.08555969199214,0.0,92.04249999999975,104.5,85.62874251497006,10.606821133759464,4.5674206988952495,4.355399069077961,2.28281614426824
624,17367,29.999444444444446,4,9.938129504514025,0.0,99.46166666666666,104.71666666666664,82.9676973570565,11.788298854746689,4.092831818699844,4.3707526864030575,2.424372441439292
625,17370,29.999444444444446,4,8.88837112625109,0.0,101.5,105.01666666666668,86.5572826712723,8.627714085483118,5.174990286691495,4.794666969632427,2.260601854487865
626,17366,29.999444444444446,4,9.616353003785344,0.0,86.62916666666666,104.96666666666664,83.1221927905102,11.40610896081664,4.682795285287224,4.503970027534751,2.3047388396087003
627,17372,29.999444444444446,4,9.106777069741538,0.0,101.68333333333334,105.11666666666666,86.51853557448767,10.683351580695614,4.574325657233498,4.426813011450647,2.357852537745469
628,17367,29.999444444444446,4,9.015040264336344,0.0,100.42833333333334,104.78333333333336,86.57223469799045,13.243135387316473,4.498104939947226,4.432276046250826,2.3199945435651084
629,17370,29.999444444444446,4,9.067465369818564,0.0,98.50749999999952,105.06666666666666,86.31548647092688,9.557230727949163,4.346272027403288,4.350541827199859,2.3413828840512774
63,8619,29.999444444444446,1,0.9072514212785705,0.9000771604938272,1.1333333333333333,32.733333333333334,99.93038635572572,7.85660217877639,9.362432346630047,4.094875662296477,1.6546621804540356
630,17366,29.999444444444446,4,9.435333377353704,0.0,102.61666666666666,104.68333333333334,86.16261660716343,10.28108221923385,3.9552636626876523,4.132831232646965,2.285858033286917
631,17387,29.999444444444446,4,9.782663017743108,0.0,101.13500000000003,104.68333333333334,83.85000287571174,11.096878131156988,3.9896904593013756,4.299317794447777,2.36982894536239
632,17385,29.999444444444446,4,8.938085726787193,0.0,86.5,104.75,85.4127121081392,9.12706366316651,4.747823908108637,4.177868344386894,2.03408118852036
633,17388,29.999444444444446,4,9.360212691155366,0.0,88.9,104.93333333333334,85.426731078905,11.137096052289403,4.130221996327932,4.219937507282228,2.2299311387561906
634,17385,29.999444444444446,4,9.126347029125286,0.0,101.93333333333334,104.75,85.7003163646822,14.399027003349605,5.01159926642239,4.243142921054915,1.9199625657951804
635,17387,29.999444444444446,4,9.080694221304665,0.0,102.00166666666671,104.58333333333334,85.42014148501754,9.245555077465378,5.460616351753408,4.365496366104579,1.946364050499324
636,17386,29.999444444444446,4,9.031226916209807,0.25,101.25416666666666,104.81666666666666,85.89669849304038,9.098970788648339,5.362996863241313,4.339289697705952,1.9531573075300785
637,17387,29.999444444444446,4,8.959057453525302,0.0,102.09500000000001,104.73333333333332,85.97227813883936,13.267371552443175,4.873276741152165,4.2252826849537035,1.977832022083474
638,17385,29.999444444444446,4,9.260208075007471,0.0,99.38666666666663,104.78333333333336,83.14639056658038,9.186593127009504,5.475239601736582,4.430829327416903,1.980148869441363
639,17388,29.999444444444446,4,8.778260162089527,0.0,101.72749999999995,104.81666666666666,85.92132505175984,9.803057126754222,5.383325781393414,4.186899330317205,1.8385604832378468
64,11261,29.999444444444446,1,0.9309000925664633,0.9974539156830823,1.2,14.4,99.97335938193767,7.700915311742185,8.182032128839696,0.7068076655901893,0.46353096330895815
640,17384,29.999444444444446,4,8.720369487724525,0.0,100.51416666666665,104.66666666666666,86.21145881270134,12.148844023053636,4.850682218245782,4.1626599912653175,1.9053579979934676
641,17388,29.999444444444446,4,9.232740280425105,0.0,102.83333333333334,104.66666666666666,86.15136876006441,9.145703159290074,4.8027548524054735,4.140520004814346,1.9729194965694274
642,17382,29.999444444444446,4,11.027742317586336,0.0,101.17916666666673,104.76666666666668,83.51167874813025,12.381893758331097,5.444498322475541,4.9352586842835375,2.297990210386655
643,17384,29.999444444444446,4,11.046006034475317,0.0,98.18999999999991,105.65,83.5020708697653,11.736078811755037,5.349378537777353,4.871169491940028,2.3204589261725133
644,17385,29.999444444444446,4,11.029166162944206,0.0,98.18999999999997,104.73333333333332,83.27868852459017,12.400391957146457,5.388967399040737,4.882709921018808,2.3089419628720753
645,17383,29.999444444444446,4,9.342106177466516,0.0,102.5,104.55,86.4350227233504,13.299975967941652,4.572437582903268,4.138593260817561,2.036279999475363
646,17386,29.999444444444446,4,12.335369260342658,0.0,103.33333333333334,104.91666666666666,82.85402047624527,12.091092013832906,5.091525512142676,4.999783871400402,2.5074824056907343
647,17389,29.999444444444446,4,9.476265987416713,0.0,103.11666666666666,104.83333333333334,86.82500431307149,7.707129873376131,4.154944077175085,4.182319812442303,2.1027615418811
648,17387,29.999444444444446,4,12.431170883692523,0.0,103.43333333333334,104.9,83.20009202277564,10.857341681461643,4.8996569002018475,5.162926691509828,2.5848590560976255
649,17388,29.999444444444446,4,9.056172354543,0.0,101.26666666666668,104.61666666666666,87.46836899010813,9.300730387311107,3.9322569018091786,4.0609139127557,2.044657738230892
65,8630,29.999444444444446,1,0.8766799873230928,0.8230866854273575,1.3333333333333337,6.2,99.97682502896872,14.07715490609156,40.86160460885837,15.40651102245251,9.578282899024499
650,17388,29.999444444444446,4,8.527066590433568,0.0,102.36083333333329,104.9,88.18725557855993,9.210127809447721,3.4638723347876215,3.5906780596394126,1.9179721979066355
651,17370,29.999444444444446,4,8.290827737077738,0.0,92.9425,104.68333333333334,87.6741508347726,9.968221359015924,4.1414824275705096,3.7767903694846696,1.836757893804526
652,17368,29.999444444444446,4,11.217354713649623,0.0,101.81666666666666,104.1,83.7344541685859,11.805499748857715,4.975499001996009,4.848682355568583,2.3100990327038233
653,17370,29.999444444444446,4,7.899726471475176,0.0,86.5,104.71666666666664,88.06563039723662,10.135868623303747,4.122550922499109,3.845200612091804,1.9199525479318227
654,17370,29.999444444444446,4,7.855251665433012,0.0,83.83499999999997,104.63333333333334,87.13874496257917,10.342047037706129,5.150705650135702,3.968610332289089,1.6773472948084347
655,17367,29.999444444444446,4,9.741102583717888,0.0,80.91166666666705,104.68333333333334,83.7623078251857,11.074638953068943,5.08265309286211,4.453074385739786,2.06395462659066
656,8614,29.999444444444446,2,50.68735638732446,50.689043209876544,51.4,52.53333333333333,0.0,17.477388253869368,23.559037184083618,23.532963072451118,17.63992817413992
657,8612,29.999444444444446,2,2.161779430992448,2.406137014991182,3.0,7.433333333333334,99.75615420343706,5.971645018815261,26.70664401527151,6.618189550940364,4.1983050784432585
658,8619,29.999444444444446,2,1.8150218158876354,1.7090856481481482,2.8,9.766666666666666,99.88397725954286,3.6545067162974374,7.822237670993327,3.3233196815688983,0.02755170343057567
659,8614,29.999444444444446,2,1.9749566044202682,1.8817000496606522,2.3666666666666667,14.066666666666668,99.860691896912,2.7659220174848915,8.205783454994043,3.343064446581976,0.0423524273884153
66,8620,29.999444444444446,1,0.6438550776369801,0.6739281575898031,0.8,32.733333333333334,99.94199535962876,7.533155596157916,9.569375717090333,0.27313501270577834,0.23185062424041541
660,8614,29.999444444444446,2,1.7781877784780036,1.72777685813607,2.3255952380952314,8.533333333333333,99.84908288832133,2.8446930226683915,7.836775978452319,3.3536026623326363,0.041880880515661086
661,8614,29.999444444444446,2,1.7279699713644454,1.850121392705402,2.1333333333333333,9.633333333333333,99.87230090550267,1.5866755529836851,8.122765857636416,3.341176324256194,0.038501553395911395
662,8614,29.999444444444446,2,1.9419411367983457,1.8306764884401037,2.3666666666666667,8.533333333333333,99.84908288832133,2.6048266554698567,8.181006131087393,3.349892202063087,0.04273773591163884
663,8617,29.999444444444446,2,1.7309780085876756,1.8277391975308643,2.1,8.366666666666667,99.90716026459324,1.4049885539570384,8.230523666693447,3.341620937570804,0.03975101819769335
664,8616,29.999444444444446,2,1.509757870186143,1.5860563924295097,1.8333333333333333,8.833333333333334,99.91875580315693,3.0149171951459355,7.751524147084732,3.333160896670646,0.03157801653623378
665,8614,29.999444444444446,2,1.4943077852222848,1.594598765432099,1.8333333333333333,8.1,99.930345948456,2.978891774863648,7.817140159005145,3.329250279169016,0.03215695379614579
666,8614,29.999444444444446,2,1.547502957533141,1.7503086419753087,1.9333333333333331,8.0,99.895518922684,2.688753023976116,7.893231458967471,3.34006655831592,0.03913396795913627
667,23691,29.999444444444446,1,0.0017585540822212971,0.0,0.0,1.3333333333333337,100.0,2.869677083932333,0.03844377310250426,0.0016546367819002994,0.000230748666863647
669,8637,29.999444444444446,1,0.13996482464700596,0.04606481481481481,1.0,10.933333333333332,99.22426768553896,4.191894799184707,0.6889983043855916,0.08081904908928181,0.07045316293319072
67,8613,29.999444444444446,1,0.640242672365626,0.6016406408063417,0.8666666666666667,10.866666666666667,99.96516893068618,3.718152460938992,9.010169803943752,0.32856064752616476,0.25578555118785
670,20284,29.999444444444446,1,0.0007912640504831392,0.0,0.0,1.0666666666666669,100.0,1.262148360295092,0.20049470676565923,4.6248039740447514e-05,0.0
671,14459,29.999444444444446,1,2.074832284390345e-05,0.0,0.0,0.3,100.0,7.238106876467025,0.008970850253096605,6.455033773658848e-05,0.0
672,3088,10.754386574074074,1,0.538597932364124,0.4459357547031158,1.1130681818181694,69.0,99.8380829015544,2.0607142754188086,5.645907293268043,0.7280938027861602,0.08482267408757045
675,8614,29.999444444444446,2,6.781317189440593,2.732118256727179,22.684166666666638,102.43333333333334,66.29904806129557,19.240001857398898,56.25657040989349,171.42564001569983,140.77888335157607
676,8615,29.999444444444446,2,1.5992689893778111,2.655643738977073,4.333333333333333,95.5,96.00696459663378,6.233230338038172,98.69605557755585,243.98669729573967,94.60929124174336
677,8617,29.999444444444446,2,6.025445992169476,2.1077274480920316,21.833333333333336,101.46666666666664,81.75699199257282,17.081174042278548,53.2188511062133,186.9435752309403,144.07377908830557
678,8616,29.999444444444446,2,1.2330449842636473,1.4952546296296296,2.1333333333333333,23.73333333333333,99.9071494893222,4.150989022516885,25.31890385870191,74.60129746807152,31.962309870440087
679,8615,29.999444444444446,1,9.564991425837334,35.53014839616402,91.2,105.95,90.33081834010447,7.5671512644339725,69.15725699978746,47.09681959299487,27.226897714396262
68,20256,29.999444444444446,1,0.18547137762185154,0.0,1.2666666666666666,19.53333333333333,99.98518957345972,9.503307074925496,1.3401005228315659,0.06770645264424885,0.04962785864740841
680,8616,29.999444444444446,2,0.6509321400512207,0.6307098765432099,1.0,16.833333333333332,99.79108635097494,3.9320149751762417,24.709248297740636,1.5476053156067082,1.255606444777754
681,8619,29.999444444444446,2,0.7583719367481985,0.691559109614665,1.2,17.96666666666667,99.80276134122288,3.233446426890842,23.380716264243933,1.311691806923272,1.0959740405267726
682,8615,29.999444444444446,2,0.12831799463836607,0.13104332010582012,0.3,1.142857142857143,100.0,1.603901736230185,0.9059715888677001,0.28634662686897155,0.07783986955199954
683,8619,29.999444444444446,1,2.995716044471701,1.0622685185185186,16.53333333333333,46.26666666666667,91.0546467107553,11.106187819785456,4.940889682631764,517.0915317884601,254.7694707762233
684,8619,29.999444444444446,1,1.0132796603558873,1.0159985269360268,1.0,18.53333333333333,99.89557953358859,10.238141079118364,4.741806187585861,4.4742404296789955,2.026355508525714
685,8617,29.999444444444446,1,0.2729397985867755,0.3636925453843183,0.6,26.53333333333333,99.90716026459324,3.579536367338012,1.6931033233139532,0.3425986454070474,0.09471267292144626
686,8616,29.999444444444446,1,3.589704923287793,1.1314814814814815,13.2,95.2,90.94707520891365,4.457085411638938,20.91341681183255,265.6955189502543,135.58662215608595
687,3091,10.740763888888889,1,1.0746943232546595,0.5674618258241951,3.0,42.06666666666667,99.5470721449369,1.4825415656751415,37.396512858434576,3.29368456770592,2.679509853531206
688,8613,29.999444444444446,1,3.6928017510567144,1.19308964500158,12.933333333333332,97.0,90.73493556252177,4.708954163392075,20.548507150318365,264.20720286943725,134.5333402249285
689,8615,29.999444444444446,2,7.1237618562517,7.724749228395062,11.6,59.03333333333333,13.824724318049913,12.44888017792423,99.60231069697697,50.98183810997798,8.846185777851476
69,8635,29.999444444444446,1,23.353968728948463,23.251306216931216,23.933333333333334,31.933333333333334,0.0,8.194010106815957,8.564831293007321,4.081413570987977,2.684963315652372
690,8616,29.999444444444446,2,6.36294328124934,6.742446225649352,9.433333333333334,101.0,30.919220055710305,11.076751607762425,58.92860265315001,47.673989181083535,38.95985181704193
691,8273,28.811840277777776,2,1.6420075022818887,2.0612296075837744,4.0,54.86666666666667,96.59132116523631,3.490869105719756,11.769394814058176,3.4287049144899986,1.0536319577114934
692,8616,29.999444444444446,2,0.9413298993382558,1.0368827160493828,1.2,15.433333333333332,99.60538532961931,3.5475302524650196,73.47158591627603,6.09757328809383,5.466915151481656
693,8614,29.999444444444446,2,1.3099910801733414,1.219576260288066,2.0666666666666664,14.766666666666667,99.88390991409334,2.4411284657009493,37.78500028239696,5.032064204466689,1.24174970219781
694,2537,8.806550925925926,1,3.4650189319286673,3.96610725308642,4.0,92.66666666666666,96.13716988569176,8.120509263466332,130.07524874284826,5.208830264466843,2.238386170392477
695,2539,8.81349537037037,2,1.6664669254862243,1.7086033950617288,2.0666666666666664,16.166666666666668,99.60614415124066,2.766960661723762,32.89226354582794,2.1841294847990396,1.1807685815562932
696,2233,7.7509143518518515,0,1.9048255893979136,1.89642781986532,2.2333333333333334,43.36666666666667,99.59695476936857,3.622848535607937,26.019624819624813,2.55849771465535,1.1899928205346924
697,8617,29.999444444444446,1,3.750550875890321,0.5552888594603542,1.2,95.06666666666666,96.55332482302425,8.391854081259664,5.519770407599699,1.1311919522201521,0.8788846795925825
698,8615,29.999444444444446,1,0.6620166349417655,0.952459031452087,1.2,19.266666666666666,99.86070806732444,3.069389160370918,4.207935242999085,1.2619756721642967,1.0479663423569403
699,8308,28.936863425925925,0,4.588845089070775,21.452723059096176,7.5,69.03333333333333,89.347616754935,5.604359913857148,30.903213771196437,5.042256994730514,1.2358874114170213
7,16140,29.999444444444446,0,0.23991893845518378,0.0,0.0,92.16666666666666,99.68401486988847,2.0116926844088905,15.874344869298403,1.1886462205700123,0.24411193721602648
70,8614,29.999444444444446,1,1.023801203311303,1.130087081128748,1.3333333333333337,34.4,99.87230090550267,8.45316352343176,9.844714523667392,0.6652433608493511,0.5016777485084891
701,8259,28.76670138888889,2,3.007071101195692,5.345521935626102,5.857142857142857,55.76666666666667,79.93703838237074,5.593909331409672,17.525289706056142,2.0298383952488566,1.0207147576562758
702,8308,28.93337962962963,0,2.601169939399658,3.8332560834298963,6.066666666666666,59.4,92.79008184882042,5.344048328716457,18.806902889546123,2.925981985235115,1.096002848659926
703,8616,29.999444444444446,1,3.0659590145488473,0.938888888888889,1.2,95.26666666666668,97.38857938718662,6.699496801360622,7.671197927665545,2.0184893507142814,1.3737602443208292
704,8614,29.999444444444446,1,2.9747956922730547,1.237160422299472,2.733333333333333,95.5,97.53889017877874,5.459445863141551,9.148091898234108,1.7002399504373036,1.2214296577194184
705,8312,28.94033564814815,0,0.6832160938062046,0.8283179012345678,1.1333333333333333,74.26666666666667,99.79547641963427,5.628789669226393,6.6833445755666645,1.9121477128635453,1.1623669407536106
706,8617,29.999444444444446,8,0.9998814760310931,0.9124710648148148,1.0,26.525,99.53580132296624,6.6511818173143595,100.3175939082258,0.15865788982592974,0.09203087346292638
707,8636,29.999444444444446,1,0.21179274928406466,0.07758797915047914,1.0,55.13333333333333,99.55998147290413,1.8180216046010407,8.782803178628791,0.8675450495158693,0.5355742296918768
708,8633,29.999444444444446,4,28.258288508986414,34.558294663573086,94.86666666666666,98.35,59.63164600949844,8.745228088641422,11.674531638483915,11.437679857499157,5.320781659554392
709,8635,29.999444444444446,4,27.299038314754153,29.457865971798263,95.33333333333334,97.96666666666664,62.20034742327736,6.424020937411783,10.176727007792438,10.527768215185702,5.248203872946201
71,8614,29.999444444444446,1,1.1821586547497855,1.122304894179894,1.6666666666666663,29.866666666666664,99.94195495704666,9.184881170375343,10.84971136942927,19.69972541292776,12.396076123203475
710,8633,29.999444444444446,4,28.601165661484348,30.24993647110816,94.9,98.21666666666664,55.46160083400904,9.158982718397802,14.816547147075351,13.82533548796725,5.244357501964938
711,8633,29.999444444444446,4,27.39458839357484,29.16812307098765,95.46666666666664,98.1,60.454071585775516,7.492049013697798,12.126114620542976,11.069693071899723,4.854735792799039
712,8635,29.999444444444446,4,26.53609073066803,27.130555555555556,94.67166666666665,98.25,63.381586566299944,6.748709239219203,12.065710291767036,11.08932666317148,4.729093474241129
713,8634,29.999444444444446,4,30.871895185300765,25.459259259259262,95.25,97.91666666666666,56.833449154505445,8.130643875629792,12.780991292058005,12.935270527608958,5.783996049249699
714,8635,29.999444444444446,4,21.065199363462245,23.18985339506173,95.48333333333332,98.26666666666668,68.89403590040533,7.316418085704367,12.104225880276838,11.42836133691953,4.542508307493832
715,8636,29.999444444444446,4,20.043066493777182,22.340432098765433,95.05,97.98333333333332,68.66604909680407,5.519959260724887,12.738658064312302,10.182519292888678,4.027311070896063
716,8636,29.999444444444446,4,22.520467917266203,22.390547839506173,95.35,98.0,64.34691987031033,6.009134426098773,10.987247269096505,9.997843589558503,4.559347347495795
717,8635,29.999444444444446,4,8.161007012433618,7.908526234567902,11.266666666666667,36.35,0.6601042269832079,14.504897222270769,700.9694706785848,1073.225141203132,551.1960647076659
718,8637,29.999444444444446,2,37.95949945571776,17.206327160493828,91.53333333333336,92.43333333333334,0.0,16.769781529823675,54.63567517317952,481.9484498356416,242.5157609506776
719,8634,29.999444444444446,2,0.24742349284566098,0.12575406032482597,0.5,7.833333333333334,99.66411860088023,1.4129392861512986,11.904709083287958,0.1879298795560088,0.16702162596881148
72,20268,29.999444444444446,1,0.7164071793993345,0.0,5.333333333333334,21.73333333333333,91.91336096309453,19.78872172014359,1.7344389023526088,0.7544180937201955,0.19019582757001346
720,8637,29.999444444444446,8,0.042513556018679295,0.07448881172839503,0.1083333333333333,2.1083333333333334,100.0,0.1525816767467606,2.0713384135579345,0.15635830342325652,0.05514921958131405
721,8612,29.999444444444446,2,15.28607153671018,14.548628814213982,17.366666666666667,37.73333333333333,0.0,18.692174913446216,471.8975461258177,0.06306542969339067,0.04816153037239893
722,8616,29.999444444444446,2,1.818520072855031,1.5685142596600927,2.6,18.5,99.23398328690809,6.544237263857626,78.6148970416641,1.5475085112968106e-05,7.737542556484053e-06
723,8634,29.999444444444446,2,39.14495446707053,41.75582561728395,57.76666666666667,68.8,9.369932823720175,23.717061167073847,4582.868638471661,193.21609065528455,23.674119815016272
724,8636,29.999444444444446,1,0.006050092154770245,0.0010030864197530863,0.0,1.3333333333333337,100.0,0.082160943149554,0.20981436992321664,0.0,0.0
725,8636,29.999444444444446,1,0.5483262131826282,0.5732253086419752,2.2,80.06666666666666,99.86104678091709,5.09248165182533,22.396792593889053,5.587390048387617,3.498117306179488
726,8632,29.999444444444446,1,0.25288916655633525,0.22673950228990786,1.9333333333333331,86.8,99.89573679332715,5.491759624798508,23.405277265726756,0.1356716666610086,0.0624025264201353
727,8635,29.999444444444446,2,0.002825626249193128,0.0006952491309385865,0.0,0.8125,100.0,0.07816063328868139,0.2116765470905598,0.0,0.0
728,8614,29.999444444444446,1,3.5389919125582,3.515839947089947,4.0,20.133333333333333,99.81425586254935,7.928587506479801,870.4235740976511,86.94017600759533,3.109465718413362
729,8614,29.999444444444446,1,0.1059421539686225,0.10402336860670196,0.2,14.066666666666668,99.98839099140933,3.0855769358026763,1.0699766161398387,0.28372942165024817,0.07585879023074285
73,23687,29.999444444444446,1,0.04909825964412869,0.0,0.0,14.733333333333333,99.99155655000634,9.487241270024525,0.5382643081296351,0.04305878048437258,0.02676292199659448
730,8616,29.999444444444446,1,0.15199748377847264,0.10829475308641977,0.4,9.8,99.98839368616528,2.9775848977874753,1.070275348748538,0.2798438929532244,0.07589260205903657
731,20256,29.999444444444446,1,0.01940663653859744,0.0,0.2,2.0,100.0,2.624394302544773,0.1578182204292986,0.015626723964994108,0.0012667224604428387
732,8614,29.999444444444446,1,3.8440890778596835,4.166743827160494,7.089999999999963,28.8,79.67262595774321,7.118712318793448,22.392214492934254,15.806605364168632,3.6260780998533493
733,8615,29.999444444444446,1,1.502041630259854,2.3604607583774246,2.466666666666667,24.4,99.87231572838073,2.1128841767152795,4.557895979045138,1.4882002597905095,0.019674709117541378
734,8637,29.999444444444446,2,4.735122367855087,7.184058090828923,17.273333333333298,76.83333333333333,70.059048280653,7.40052610188289,107.22660036051839,12.907753827804193,7.343905342081793
735,8612,29.999444444444446,1,22.748244557475864,28.927314814814817,67.22999999999999,95.4,45.28564793311658,8.651764286057716,113.08694240392161,18.046073847322106,15.43874815899897
736,8616,29.999444444444446,1,10.97999778289646,10.178703703703704,21.883333333333333,95.42857142857144,54.80501392757661,5.8461513836334715,34.25960305524198,2.9178838519367765,1.9611738990917262
737,8614,29.999444444444446,1,2.4341408240264752,2.114072145061728,3.1333333333333333,17.6,99.64012073368934,3.1059762046745574,5.160539789777078,0.10536225634902206,0.05960507258394419
738,8619,29.999444444444446,1,4.027663173930143,5.469808201058201,5.666666666666666,40.0,78.55899756352245,7.281526445738994,9.851143314665766,2.2171357551448048,0.570942519019442
739,8616,29.999444444444446,8,0.7564597165833238,0.9274026850849769,0.9833333333333332,7.141666666666667,99.97678737233055,0.6567141921163896,21.09328125642541,5.358121857251383,3.798555126976088
74,8620,29.999444444444446,1,3.808549883990719,1.5850308641975308,12.066666666666668,95.0,76.16009280742459,14.58746908841351,18.164234232511497,3.872122927343345,3.1398222607503348
740,8619,29.999444444444446,32,1.685542412119052,0.7735325727513227,2.954166666666667,11.05,99.98839772595429,0.07996604179797502,13.730679585204472,2.1720829572639526,0.7646730343562923
741,8618,29.999444444444446,1,3.5525807004166254,4.824305555555556,5.142857142857143,40.266666666666666,89.71919238802506,5.201524142609622,14.437659942942492,3.33095141398402,0.7998899037452066
742,8617,29.999444444444446,8,1.1471092871047175,1.7953180114638447,1.8,4.941666666666666,100.0,1.042658585820776,25.985964174118404,8.55280216186274,5.287403649887693
743,8613,29.999444444444446,32,0.6624677453651462,0.7005837924132194,0.8604166666666667,11.935416666666669,99.98838964356206,0.09685874489500564,19.95175754428628,3.4344320217883437,0.731936603200971
744,8614,29.999444444444446,1,2.0857516661034188,2.919483024691358,3.1333333333333333,29.066666666666663,99.44276758764802,5.248007972205987,15.357282764767671,3.5962271405038995,0.9536009420499785
745,8619,29.999444444444446,8,0.680093377821145,0.9628038194444444,0.9916666666666668,27.591666666666665,99.90718180763429,0.6495636561385181,27.449305285025787,8.337650999720266,4.767778003602925
746,8619,29.999444444444446,32,0.6454240729543658,0.7157074997244268,0.7625,1.6604166666666669,100.0,0.3389056304121237,21.68353792499285,4.980430169152759,1.5646689473525532
747,8616,29.999444444444446,8,0.7400126852990712,0.8520061728395063,0.9,12.783333333333331,99.94196843082636,0.7039526312179112,27.8401117143457,6.746217497296885,3.5365122825951523
748,8617,29.999444444444446,32,0.6517932480161033,0.8044136491402116,0.8666666666666667,9.391666666666666,99.98839503307416,0.07938313379579003,20.676808087081383,3.9073935947615883,1.4740005787412076
749,8617,29.999444444444446,1,1.9118158500687223,2.782078884335829,3.533333333333333,31.666666666666664,97.4817221770918,4.651207942864239,15.017270531036923,5.561276692824795,1.9682187376019336
75,8612,29.999444444444446,1,1.8988881622067875,0.9807098765432097,2.6,95.0,99.70970738504413,12.66604557867296,18.723386748334498,2.304814214788669,1.4850293050217576
750,8613,29.999444444444446,8,1.4338105690509033,1.4185943064274467,1.5333333333333334,73.11666666666667,98.2584465343086,1.3314282008188822,62.18317086083543,71.68952599318325,35.49239360720552
751,8619,29.999444444444446,32,0.7183848077513236,0.9922302138447973,1.0708333333333333,4.952083333333333,100.0,0.18356743611911508,49.98511275242915,33.922381226114254,11.265201565654055
752,5198,18.123171296296295,1,2.8260123408185165,1.3826260288065844,13.807499999999983,112.19166666666666,93.26664101577529,5.755605188153811,979.2538301423257,10.613529806305875,6.702435272072633
754,8632,29.999444444444446,1,0.015721041392959833,0.01368411680911681,0.0,7.2,99.96524559777572,0.7669920896552199,1.2531271188650708,0.10742778807537844,0.002394192153228298
755,8617,29.999444444444446,1,0.038399849476790406,0.023214975445566402,0.2,3.6,100.0,3.907593799847812,0.6387640008824875,0.0004409887431820815,0.0
757,8634,29.999444444444446,1,0.10432564501362278,0.07180886243386243,0.0,84.53333333333335,99.76835765577947,2.924945357301959,4.608087075460251,1.5888701368895952,1.0745452640171196
758,8635,29.999444444444446,1,2.354622659718201,3.8893738977072307,5.133333333333334,64.66666666666667,93.93167342211927,6.278289693739937,148.7520902606369,60.60319574268619,40.601957702594646
759,8632,29.999444444444446,1,1.1044910410874267,1.2119598765432098,1.3333333333333337,13.4,99.51343836886005,1.244946757485356,143.66676171758422,42.459041661150096,1.1664509687100049
76,8613,29.999444444444446,1,1.3099032016656538,0.7774691358024691,2.0666666666666664,95.06666666666666,99.8374550098688,9.065000650242725,10.797589382185341,0.7847046654082531,0.6965334992677381
760,8633,29.999444444444446,1,1.5419098399059015,1.3586233565351895,4.666666666666667,84.66666666666666,95.47086760106568,8.675384324820422,50.47157717792202,3.973070636327904,2.334941227736316
761,8636,29.999444444444446,1,0.13288758357077024,0.1224757495590829,0.7333333333333333,13.0,99.96526169522927,3.2328379215763756,4.422050172050172,0.14222423400283518,0.07714698262984507
762,8637,29.999444444444446,1,0.31582584371747274,0.05881834215167547,1.0,13.266666666666667,99.96526571726294,3.2179811047568316,3.9815444760043586,0.13357481929902906,0.07044774144461535
763,8635,29.999444444444446,4,19.569180207459016,19.51496913580247,19.866666666666667,23.15,0.0,25.104694350797953,4.576672163968052,0.133733020501984,0.06958033473957041
764,8635,29.999444444444446,1,2.27637722246871,2.2664349169563534,2.8,6.866666666666666,99.90735379270411,4.966062695381312,2.1176656464554555,0.10512256321173516,0.0721537485868696
765,8634,29.999444444444446,2,2.4650149426860684,2.4191964285714285,2.566666666666667,8.933333333333334,99.43247625665973,4.741544154984375,7.2569277790003985,0.06185939925516019,0.03413664714046923
766,8634,29.999444444444446,4,4.717437256637656,4.756896219135803,4.85,14.516666666666667,97.2550382209868,3.6593838633885243,11.0952581341393,1.1937114618838038,1.1106568347360566
767,8635,29.999444444444446,1,19.506779566698498,18.560525392817063,19.866666666666667,31.066666666666663,0.3474232773595831,4.674003068921191,2.4914443171188974,61.990463290810716,51.90050375025476
768,8632,29.999444444444446,2,1.233375810936052,1.2381751543209873,1.5,5.5,99.98841519925857,5.522447875470493,17.583353147020315,1.9555455019571097,1.5982794449140603
769,8633,29.999444444444446,1,0.419940163508448,0.4278356481481482,0.4,11.285714285714286,99.98841654117919,3.0790390083974355,5.749743081287735,0.20059454940724486,0.15573989925026643
77,8614,29.999444444444446,1,1.2341103076940085,0.6868165784832451,1.4,95.0,99.67494775946135,11.656486374722409,22.307235452806612,0.7578901179696398,0.38964338231229334
770,8637,29.999444444444446,1,0.00022191347304233725,0.0,0.0,1.0,100.0,2.3424040272086257,1.8695023262407773,0.0,0.0
771,8637,29.999444444444446,0,0.08134162545416453,0.2067157186948854,0.2,2.857142857142857,100.0,10.728333006568022,0.8732038666825052,3.7215302932565855e-05,2.7566891061159893e-05
772,8616,29.999444444444446,2,5.405854384318869,3.9137731481481484,30.608333333333334,79.56666666666666,87.66248839368616,6.575535750503734,653.9518236290171,795.1853856449957,782.9644339411749
773,8614,29.999444444444446,2,0.5172146772042292,0.900270061728395,1.5,60.53333333333333,99.88390991409334,3.5965354715132807,24.95445922006173,4.874257852665097,4.161905867524627
774,8614,29.999444444444446,2,1.1172907890808983,1.1381668871252204,1.2666666666666666,103.0,99.0712793127467,8.620567910648738,33.876219084104505,4.925446670425774,2.4941056640905725
775,8616,29.999444444444446,2,6.370074317253982,8.339511684303352,11.5,97.53333333333336,33.61188486536676,12.423548196522798,238.1722853448393,23.789729195221884,10.767537140204272
776,8614,29.999444444444446,2,5.660658324339542,6.413016608729239,9.9,68.7,48.59530996052937,11.743037165248948,118.64008575783014,20.93566895529979,6.24083468771767
777,8614,29.999444444444446,2,0.8830308567422569,0.751850014697237,1.0666666666666669,69.43333333333334,99.40794056187602,2.9865238994328935,25.502697971481346,2.5969250797959873,1.1917977676684433
778,8612,29.999444444444446,2,0.6465390875574341,0.6128086419753087,1.1,61.3,99.96516488620529,2.3958365625476397,5.996566346836319,2.551946460155935,1.0637602469523042
779,8615,29.999444444444446,2,2.465590671661478,1.6575038580246912,3.3,60.53333333333333,99.07138711549622,3.9398333251838955,33.59440173774765,2.189831228293213,0.8984137117799335
78,8616,29.999444444444446,1,5.622552731945142,5.431198559670783,6.266666666666667,23.0,0.01160631383472609,12.191343918486876,10.032816039126972,1.0998792190992748,1.0084746298012315
780,8612,29.999444444444446,2,1.5403621930270792,1.5154968824146113,2.0,7.633333333333334,99.96516488620529,1.8890099638171844,4.144131548703657,1.3520851303828543,0.6042814013668635
781,2026,7.0735879629629625,1,0.18948667324777888,0.12729276895943564,0.3,67.66666666666667,99.85192497532083,1.5636994897681917,8.7876233958539,0.9771973008893046,0.12127088114254947
782,8617,29.999444444444446,2,0.626126114289048,0.6192738509076864,0.7666666666666667,6.433333333333334,99.98839503307416,2.6297795573820637,16.0949561443933,0.49326070690234547,0.17641498251339263
783,8613,29.999444444444446,2,1.1352432369673748,1.1064814814814814,1.6333333333333335,47.8,99.52397538604436,4.557226725741116,29.648795425519566,2.412109601764774,1.408951584813654
789,8621,29.999444444444446,2,0.16350957794090837,0.15540123456790123,0.3666666666666666,5.3,99.98840041758497,1.7967636118155872,2.701704288828752,4.292640893499263,1.4719069161129248
79,6610,23.02306712962963,0,1.1506727421175227,1.0449955908289241,1.142857142857143,92.0,99.63691376701966,7.73878277307287,26.94878718734619,0.5447454570979532,0.24852076147083707
790,2849,9.893449074074073,1,1.3455843501298046,1.7693672839506174,1.4,64.8,99.26289926289927,4.233981428012491,43.8048350502896,5.64464532191805,2.784260988806443
791,8615,29.999444444444446,4,1.0576477213055855,1.0481433256172838,1.5,2.3,100.0,3.314140824043748,4.805593971386194,64.66234419478761,58.175888216381544
792,8621,29.999444444444446,4,1.3201011096933843,1.2640845458553793,1.5,3.375,100.0,2.6458302313696174,6.88622632442375,7.30799376936716,4.972103004291847
793,8616,29.999444444444446,4,0.9907591740896058,0.9817690227887215,1.05,2.4375,100.0,2.5896604935401175,4.7546070192832035,6.675130588100643,4.654649262709848
794,8634,29.999444444444446,8,1.7793256622489162,1.990833057760141,2.0583333333333336,4.891666666666667,100.0,4.608644295695,66.15323066825847,2.8937693265090765,1.44453563063709
795,8634,29.999444444444446,2,1.015380448059392,0.9361331569664902,3.533333333333333,48.03333333333333,97.04656011118833,11.616427993058817,9.34448956379116,2.9226424664054966,2.6388214962398426
796,8634,29.999444444444446,1,0.7886631128118271,0.6189464085297418,1.0,52.8,97.75306926106092,3.9725294801565827,23.382641566988337,0.5151190751955173,0.1228360744344066
797,8614,29.999444444444446,1,0.0288003479377986,0.00016534391534391528,0.0,3.0,100.0,1.895694609097718,0.408399613504675,0.0,0.0
798,8616,29.999444444444446,1,0.13565272548559457,0.0,2.0,3.0,100.0,1.1969218872777108,1.569546617109291,0.0,0.0
799,8621,29.999444444444446,2,0.6603176904679051,0.6323688271604937,0.9,13.633333333333333,99.91880292309477,6.399040373983821,8.25502084171612,0.05475831441496677,0.01658740285349727
8,16142,29.999444444444446,0,0.24133239375542062,0.0,0.0,92.36666666666666,99.6778590013629,2.1048007474287163,15.770883409738568,1.18823359352414,0.24611159294593812
80,8617,29.999444444444446,1,0.9264863526091331,0.8935185185185185,1.2,20.4,99.29209701752349,10.125611474931048,21.424345045564728,0.5060062859529031,0.3569067761246013
800,8621,29.999444444444446,1,1.389735198104297,1.4030092592592593,2.0,21.4,99.7912075165294,12.689585708354862,12.904606482718071,7.035112955713815,3.007330936086301
801,8620,29.999444444444446,4,2.2586547066622473,2.2427083333333333,2.5,7.966666666666666,99.97679814385151,30.309066488497592,4.900770420608008,7.2739491598888355,3.6831368824524278
802,8611,29.999444444444446,1,0.48013536580195504,0.39212050984936264,1.1333333333333333,15.866666666666667,99.9767738938567,3.2917027682190367,1.429416349080151,0.41139613783034984,0.10767166580951275
803,8635,29.999444444444446,1,0.3364481776989015,0.12709986772486773,1.2,12.466666666666669,99.97683844817603,3.646067695474339,3.9591555520333745,0.22723605481567263,0.14760801830865525
804,8615,29.999444444444446,0,1.1054170676167192,2.282137345679012,6.840476190476173,60.63333333333333,93.18630295995357,3.4354999074163204,10.932157012072857,0.45946346939962723,0.16271430542759616
805,8615,29.999444444444446,1,2.90246305574222,3.1686728395061725,10.133333333333333,73.06666666666666,87.63784097504353,4.31047562344619,19.617163471081057,2.4539027774315065,1.3318179209067196
806,8617,29.999444444444446,0,0.1112490812734517,1.110814986481267,0.5,97.56666666666666,99.84913542996402,4.763292861436269,7.0039302154655525,0.2847704150709837,0.19183783992882286
807,23688,29.999444444444446,4,0.11830040526849038,0.0,0.0,7.183333333333334,99.99155690645051,1.7563970000655562,0.532559383091298,0.1557666328942925,0.09606833277046041
808,8634,29.999444444444446,1,2.0475095516791137,2.042236384704519,2.2,5.933333333333334,99.97683576557795,5.284246607886049,2.30897341790323,0.6150979701969973,0.09432407026222174
809,20256,29.999444444444446,1,0.14920297963840617,0.0,1.0,12.333333333333332,99.98518957345972,3.114777227885817,0.4016709726610497,0.020761201070738984,0.0038080623573810775
81,8621,29.999444444444446,1,1.6177225048469683,1.7413580246913583,2.2666666666666666,16.866666666666667,99.94200208792483,12.023445114139196,10.123884921095222,3.3073280361906976,2.199830839423114
810,20265,29.999444444444446,2,0.22506206831521414,0.0,1.5,21.833333333333336,99.99013076733284,1.6411625760861788,0.5165551030650956,0.007726898208023298,0.0015079922407827651
811,8616,29.999444444444446,0,0.09908862802316841,0.9881338183421516,0.5,98.64285714285714,99.84911792014856,2.7848444607933023,6.0187055091302994,0.12352212937171154,0.048870318786753325
812,8615,29.999444444444446,4,18.12642619496,8.395592206790123,41.09999999999988,103.5,26.279744631456765,4.684299769459059,86.08370127969665,730.415854153585,275.5127927950041
813,8613,29.999444444444446,1,0.033619722125469244,0.0,0.2666666666666666,2.0,100.0,3.1513613570174313,1.0732325996693812,0.011184643368551414,0.007763458338170981
814,8612,29.999444444444446,4,3.2078188065095867,2.0587625385802473,7.416666666666666,104.08333333333334,90.43195541105435,3.453021193580907,113.33530517516236,328.5235975435,141.56738994864864
815,8613,29.999444444444446,4,4.268207230898802,1.982889660493827,9.246666666666655,101.93333333333334,90.8278184140253,3.3381342112615924,100.36600561383739,493.53075873647106,193.15935895251462
816,8619,29.999444444444446,4,1.5457567843553748,1.0923032407407407,2.9,84.13333333333334,97.06462466643461,1.8190997011366659,26.932943743420594,161.04705616024793,78.934436902258
817,8615,29.999444444444446,4,2.8361785594620765,3.1071662808641975,9.526666666666642,65.07142857142857,88.1369704004643,3.0900410361315913,110.89500763310977,485.074618025297,243.2423265297932
818,8616,29.999444444444446,4,0.7155089288902834,0.48649277998236334,1.2333333333333334,20.766666666666666,99.80269266480965,0.9110430889531274,15.399576911598153,19.96470137691412,7.732327941711646
819,8614,29.999444444444446,4,3.0645699439610516,3.574961419753086,9.766666666666666,55.13333333333333,88.98305084745762,2.5371565428920344,35.031632510808855,121.34234563066116,82.5927229517896
82,20284,29.999444444444446,1,0.0988282415343153,0.0,0.7333333333333333,14.533333333333331,99.98521001774799,9.853576571353237,1.5254564924711345,0.03910495837014275,0.02377925009432601
820,8617,29.999444444444446,4,3.116538465612244,1.9103395061728394,4.083333333333333,102.25,95.28838342810722,2.024907024042736,21.429964162756896,213.76956674294203,60.674421271351754
821,8618,29.999444444444446,4,2.1561710974103643,2.9908547278338946,7.490833333333315,81.9,93.20027848688791,1.9559303891424018,43.29903512528832,299.3854501439614,195.74329189608255
822,8614,29.999444444444446,4,4.79825629411478,6.688387345679013,23.117499999999975,74.9,83.23659159507778,3.6049047660664857,119.35669118565565,142.02599852486085,60.66236842640372
823,8618,29.999444444444446,4,6.194759494843621,3.906365740740741,19.752499999999994,92.28333333333336,56.68368530981667,4.38348262895008,313.2108039809653,1546.4912455002645,685.484995282431
824,8615,29.999444444444446,2,3.033218500078628,5.731865585168019,13.0,84.56666666666666,90.70226349390597,2.295514399480342,33.12389001853889,5.968543702702146,1.8124556616402232
825,8612,29.999444444444446,4,4.92649788395405,6.677188051146384,7.083333333333334,26.03333333333333,51.89270784951231,3.796864669881989,15.555027795912606,7.276882763015484,2.332171074397038
826,8617,29.999444444444446,4,15.613721178986061,32.406076388888884,32.68333333333334,59.23333333333333,53.63815713125217,1.4161227233435703,56.66392200149598,12.872882768528005,7.413885344214925
827,8614,29.999444444444446,4,46.33796729819339,59.824461254409165,80.83333333333333,89.65,2.507545855583933,5.148402975181711,178.22010004803133,29.06532398347467,7.170780493917247
828,8614,29.999444444444446,4,3.1599592005007606,2.916455853174603,7.733333333333333,32.88333333333333,90.79405618760158,3.0145533920684144,19.944783377175412,3.054690762375926,1.3903438775449457
829,8615,29.999444444444446,4,0.9342146494119796,0.6664627425044093,1.1666666666666667,21.8,99.65177016831109,2.91969007416077,12.2996700745569,1.244544122930658,0.14336290523173864
830,8619,29.999444444444446,1,1.1195641964872731,1.133333333333333,1.1333333333333333,17.666666666666668,99.97679545190857,2.4077372036275273,5.753825159255023,0.038883087751866025,0.0020110608345902457
831,8614,29.999444444444446,1,0.0077100401340011275,0.0,0.0,12.0,99.965172974228,3.527183806757789,0.675101993432618,0.043785310734463276,0.0069692748239300354
832,8616,29.999444444444446,2,0.5030461047000044,0.5208188489764387,0.6,7.2,99.98839368616528,1.0905292040263275,2.5308092364150863,0.10747115001989653,0.036511252597603565
833,8635,29.999444444444446,4,4.384376928723339,0.31394360757049056,5.666666666666666,33.35,23.12680949623625,1.8650381611552214,5.8831521563426605,1.6477167277167277,1.0240337369636732
834,8637,29.999444444444446,4,4.38573563848833,0.31080246913580245,5.65,27.633333333333336,23.109876114391568,1.9054106663064765,5.820526545161835,1.6423637096440151,1.0220091442911865
835,8630,29.999444444444446,1,2.942566001334831,3.040100127759456,3.1333333333333333,11.133333333333333,98.79490150637311,12.341131281850693,12.741115206089134,5.4312073879513045,2.336480457870956
836,8636,29.999444444444446,1,3.676067480522668,3.49320987654321,7.133333333333334,85.0,74.74525243168134,5.790169952890371,13.796891150188394,7.2292290049382455,4.460695568905388
837,8636,29.999444444444446,1,0.011463361981541693,0.011200142450142449,0.0,3.4,100.0,1.307036901832713,0.9801263812611659,0.0,0.0
838,8635,29.999444444444446,4,1.019127305815204,1.022559799382716,1.1,3.283333333333333,100.0,6.410505753596334,10.984822014503543,0.003373866049025285,0.0024705655278903687
839,8614,29.999444444444446,1,0.3810821215133961,0.6187951773988853,1.0,16.0,99.98839099140933,2.3125720839752435,2.350303032944663,1.8195769967333704,1.5122518002596943
84,8617,29.999444444444446,1,1.1950625374264692,1.15040233686067,1.4,17.333333333333332,99.96518509922247,10.41207279209367,8.4593492993023,0.33418270864307764,0.2855058507054561
840,8634,29.999444444444446,2,25.7850181813785,25.811359126984126,27.31166666666668,29.73333333333333,0.0,0.0008191321726006431,0.0,0.0,0.0
841,8634,29.999444444444446,2,0.0756185402120079,0.03547178130511464,0.5,8.366666666666667,99.93050729673384,3.9561856301011904,6.095001834317332,0.033622886263608986,0.02209426740350993
842,23692,29.999444444444446,2,0.06850413641735607,0.0,0.0,3.5,100.0,8.16593738911091,3.5085619618436605,0.004369266700433336,0.002236690303337272
843,8636,29.999444444444446,2,29.72295976227339,28.086653169156065,34.56666666666666,39.23333333333333,0.0,0.0003060009514179514,0.0,0.0,0.0
844,23691,29.999444444444446,1,0.04981464396432105,0.0,0.0,6.0,99.99577898780127,11.677807357282509,1.3027284153851204,2.8140081324835e-06,0.0
845,8636,29.999444444444446,1,3.3072997839353793,3.475273664149678,6.0,43.6,87.67948124131543,6.897707438750752,779.6681175705695,321.73095425076957,268.5830024958702
846,8635,29.999444444444446,2,22.665125186207987,13.477744708994708,47.476666666666645,64.3,0.09264620729588882,14.575453776203908,28.127648826757103,366.2220509144076,66.5668030483317
847,8618,29.999444444444446,1,0.016361355825268566,0.016126543209876547,0.0,4.333333333333333,100.0,3.2384040075346827,1.0280275318915373,0.0,0.0
848,8612,29.999444444444446,1,2.3925596916888137,3.464506172839506,4.266666666666667,101.0,95.66883418485834,7.18213273550054,171.91912163576987,172.82400772029484,166.84525187616222
849,8634,29.999444444444446,1,1.0149240102419395,1.001543209876543,1.0,11.733333333333333,99.8725967106787,0.6834057911115108,7.687385373808237,6.204208169253339,6.148498185468303
85,8618,29.999444444444446,1,1.0679728873277259,1.0447007275132276,1.2666666666666666,10.733333333333333,99.95358551868183,10.129115245693564,8.20469878809981,0.2288310532972867,0.19135135963286343
850,8634,29.999444444444446,2,6.01021542384468,6.554891424162257,11.102500000000003,56.53333333333333,32.22145008107482,50.21012520781412,1594.0766530875376,186.21534526041995,170.67922586769006
851,8633,29.999444444444446,2,0.6933009142742144,0.5668272506814174,1.6333333333333335,8.466666666666667,99.98841654117919,5.161781523260339,221.18713124623295,0.533876625388846,0.4313613211505022
852,8635,29.999444444444446,1,1.2424504119698099,1.3389017788089712,2.0,25.73333333333333,99.65257672264042,19.03504772949078,126.51959259488501,4.006558003535421,2.3249433799810175
853,8635,29.999444444444446,1,1.1739205602349783,1.1396189458689459,1.2666666666666666,37.4,99.39779965257672,2.9019075576956412,59.00438291779635,2.6763316089430735,2.568201776991586
854,8635,29.999444444444446,2,2.4068029246054725,1.60452988620042,8.0,52.26666666666667,87.26114649681529,4.749569722515956,40.817158463038595,9.49676539313482,5.363758827224374
855,8637,29.999444444444446,2,3.8119236251443613,2.6418525533108865,11.739999999999963,59.43333333333333,77.80479333101772,5.8193423237039035,53.027607633191174,12.839193606169989,7.36356554757041
856,8635,29.999444444444446,1,2.1293639352990827,2.0813731600189933,3.8,14.866666666666667,95.52982049797336,31.83912479097961,31.0498538005776,7.342167043854941,1.4839992359824439
857,8634,29.999444444444446,1,0.08185582852017877,0.03147718484145398,0.6666666666666667,12.0,99.8725967106787,5.305809226713828,2.8791053726599247,5.84671287197347,3.742582603353972
858,8636,29.999444444444446,2,2.992248599465482,3.3755366109363787,9.633333333333333,58.0,91.91755442334414,11.400415687285872,440.891366355198,13.72367811476774,2.7801578747792273
859,8619,29.999444444444446,1,0.9586877348972719,0.4309027777777778,1.2666666666666666,102.4,97.29667014734889,10.116016990480844,58.02582202543044,0.9523140020181441,0.2665738413911055
86,8618,29.999444444444446,1,1.40136701698549,1.211587485515643,2.0,19.8,99.94198189835228,8.46147110855662,10.836108383764453,23.313487104679957,10.739819544577028
860,8619,29.999444444444446,2,13.729875280480048,14.197749944885361,14.633333333333333,108.86666666666666,0.0,10.0891000326689,33.88085663804424,2.349918912545087,0.36578891258668494
861,8619,29.999444444444446,1,3.719410494366986,3.3053167254556146,4.367272727272707,17.866666666666667,98.79336349924586,5.899523322044639,9.727417299476123,20.62086759136881,8.456253311474335
862,8619,29.999444444444446,1,1.2400458876442166,1.027792934303351,2.0,18.666666666666668,99.8259658893143,3.4755980446075023,3.2771499104600395,1.5254360521328847,0.7660285415941525
863,8616,29.999444444444446,1,1.382205839657093,1.3225565843621399,2.0,15.2,99.84911792014856,2.4949442107722994,3.37377580314558,0.8575788272776433,0.5412838602514786
864,8616,29.999444444444446,2,14.95469391268486,10.06797839506173,31.666666666666664,102.63333333333334,0.0,6.671382669324882,154.10245925924897,126.77883103723111,39.17881106983649
865,8614,29.999444444444446,2,6.827886427963338,5.604969962522046,16.4,87.96666666666665,64.02368237752496,36.465671276250355,3074.7009713514817,111.74799591193835,79.01173180198023
866,8616,29.999444444444446,1,1.2560994338762446,1.264488260582011,2.0,14.133333333333333,99.94196843082636,1.7422171745914552,4.5782082819687275,0.0,0.0
867,8636,29.999444444444446,4,6.130794944209719,5.638773148148148,10.1,46.3125,32.225567392311255,7.390911455980476,37472.72730117137,384.35788715523836,373.5222381640283
868,8634,29.999444444444446,1,2.0880901142714903,2.1525958994708994,3.666666666666667,29.666666666666664,96.7685892981237,9.453802606873744,658.4348326505554,14.100226472238285,0.43572042388929105
869,8637,29.999444444444446,4,6.627379452105919,3.9679811507936504,28.1,35.18333333333334,73.47458608313072,6.828189092737542,1750.696450809042,160.4860777770208,112.04159188071135
87,8532,29.714699074074073,0,1.2940693858415377,12.793742757821548,21.2,21.2,93.89357712142522,84.40281998856054,229.959748174938,64.89245306186235,1.826926082200344
870,8636,29.999444444444446,1,3.0116533632339557,2.811702935920781,6.133333333333334,24.866666666666664,91.44279759147753,10.660176158360615,318.2366170651951,51.4810048393015,1.1655142969582524
871,8634,29.999444444444446,4,5.491319230951789,5.558596505731923,36.161666666666676,49.28333333333333,87.14384989576095,5.863376418451542,14533.425246244375,1816.2379261271635,1490.932975903398
872,8637,29.999444444444446,1,5.889515759991619,6.335989858906525,20.0,55.86666666666667,72.38624522403613,5.628771992502973,166.37219286348324,21.867845978266264,1.0947595340092735
873,8632,29.999444444444446,2,2.594393646012622,2.596661971052922,3.333333333333333,26.666666666666664,99.55977757182578,1.7213900072169188,40.83906532724304,0.7512627432808155,0.29176044838695436
874,8636,29.999444444444446,1,0.6024364434392225,0.3810185185185186,1.2,18.0,99.25891616489115,8.017544000278694,18.77012441009662,0.3757963994473952,0.21468619062991456
875,8637,29.999444444444446,2,3.331747108236341,3.3135030864197534,4.033333333333333,41.0,97.16336690980665,18.23653501818629,337.42551938368194,36.481742128042924,27.38417104424399
876,8637,29.999444444444446,2,2.1131545907683456,2.147225922225922,2.733333333333333,8.8,99.59476670140094,10.836634898951662,13.638632093981172,0.9798468567311914,0.8824595088315129
877,8636,29.999444444444446,2,2.52539407770707,2.1028222934472933,3.333333333333333,18.666666666666668,98.08939323761,17.67110509291645,22.932579346827843,2.792252264872691,1.4367079732063521
878,8634,29.999444444444446,1,1.9735100378863413,1.9465804883438298,2.666666666666667,16.266666666666666,98.83020616168635,19.86872491114922,27.383186159515212,0.7352431751580465,0.6908046596545555
879,8634,29.999444444444446,2,3.619103173099003,3.3650462962962964,4.433333333333334,88.26666666666667,97.41718786194117,9.094037881430987,728.386353233478,22.346541673522214,20.002433303319332
88,8635,29.999444444444446,1,0.3887112125473446,0.29548160173160176,1.0,30.933333333333334,99.94209612044007,7.7844182244274975,9.497647870047984,0.44849321655633173,0.3563330342050666
880,8636,29.999444444444446,2,3.7007441088323443,3.6998732363315696,4.4,12.6,98.65678554886522,5.802698308319464,693.2779025741769,4.907395148467404,0.4362100960641952
881,8637,29.999444444444446,2,2.8294187658854204,2.9304308586860666,4.533333333333333,11.133333333333333,96.88549264791016,17.254928867649905,45.742960518698624,70.79472190520298,50.74704221042359
882,8635,29.999444444444446,2,2.655569338015777,3.1162528058361394,3.766666666666667,27.1,97.49855240301099,11.777793487075574,60.30999157022608,51.14267739594897,24.924990543137618
883,8636,29.999444444444446,2,1.297221608482609,1.3285356040564376,1.5666666666666669,89.5,98.64520611394164,10.182826599952206,32.86753065523329,5.061577780718586,2.9549140916209002
884,8637,29.999444444444446,2,4.550824939215005,3.999396494708995,7.633333333333334,34.13333333333333,88.02825054995948,11.785080088334421,1874.4789068093603,1001.4691284218462,963.0822693679676
885,8633,29.999444444444446,2,4.61685032054834,4.151135361552028,6.6,21.166666666666664,71.66685972431368,6.938811818477438,1251.3904014556947,18.67676402615879,0.8436292355468772
886,8632,29.999444444444446,1,0.48635835125640503,0.39537037037037037,0.7333333333333333,13.8,99.96524559777572,7.3499140423204015,9.178042419235075,0.16814418686812102,0.13669090119796787
887,8636,29.999444444444446,1,0.09941386003220185,0.02901234567901234,0.6666666666666667,8.6,99.65261695229273,1.2045344522733328,0.3883169439792876,0.0003165045545777366,0.000254747568318666
888,8636,29.999444444444446,1,1.0881770364111727,1.0687499999999999,1.8,13.666666666666668,99.94210282538212,0.8276001582118885,1.494141491003464,12.3482919989665,11.911169276595977
889,8632,29.999444444444446,1,4.421241835473762,1.2619929453262786,2.733333333333333,128.93333333333334,96.10750695088045,6.242283589445388,898.882778906296,971.9589252614854,34.282200781146564
89,8632,29.999444444444446,1,0.4018544959057007,0.5061358494730454,0.8,15.266666666666667,99.96524559777572,7.628854418258867,9.036543253819087,0.3794677920807438,0.30563152447130665
890,8632,29.999444444444446,4,5.863605934727923,5.999074074074074,22.724166666666648,56.73333333333333,74.35125115848007,7.114522246229376,5298.078531348557,187.0493782823602,106.73399532194713
891,8636,29.999444444444446,1,2.1567910098624545,2.009567901234568,3.066666666666667,18.6,99.79157017137564,0.7855265227409923,288.14688753426594,24.61989708801311,0.47758019925111167
892,8634,29.999444444444446,4,13.792604542396065,15.78568672839506,29.766666666666666,65.81666666666666,0.08107482047718323,5.943393795983989,72359.86630280575,483.08940125969315,441.66398237312063
893,8637,29.999444444444446,1,2.0022938480736325,1.7418209876543211,2.6,18.53333333333333,99.74528192659488,0.8740919356100785,188.0698753287673,9.618106226425088,0.25687841547515045
894,8633,29.999444444444446,4,5.632188374195787,9.519020061728396,23.466666666666665,46.13333333333333,74.59747480597706,6.111793198833393,13041.619365718647,1744.1141715344772,1377.452460381813
895,8636,29.999444444444446,1,6.836766205849115,6.827065055454395,55.81666666666666,76.73333333333333,88.03844372394627,14.821752953894043,4775.189165136624,1545.6097344796628,32.91290782997302
896,8636,29.999444444444446,1,4.006169642847503,4.095679012345678,24.866666666666664,42.33333333333333,89.20796665122742,15.288803424430052,4375.218928911523,1399.6003534041224,2.7470935207039884
897,8634,29.999444444444446,2,1.5693112680951458,2.1691772885283895,2.2,6.9,99.98841788278897,3.1804431472476207,10.021870776188011,0.04616852532071433,0.009238117299270878
898,8637,29.999444444444446,1,1.1294579797879556,1.117146164021164,1.1333333333333333,66.4,98.92323723515109,3.193219323001073,15.264765547832583,0.6028300170363387,0.2538690131604338
899,8634,29.999444444444446,2,0.9977074861282644,1.1299620132953465,1.3,36.4,98.6333101690989,2.1645529734230378,8.935214917311859,3.1387897193404495,2.1682007312045535
9,16141,29.999444444444446,0,0.24168964128616566,0.0,0.0,92.23333333333332,99.67783904342977,2.01088398861323,15.893583627614975,1.1974516242281559,0.25316688350577204
90,8636,29.999444444444446,1,0.4702250871715902,0.3821268341546442,1.2,14.0,99.96526169522927,7.364474917197338,8.360682948362431,0.1366136218266834,0.060488762434107494
900,8633,29.999444444444446,1,0.8460362883188088,0.2789636504253673,1.0666666666666669,62.6,99.00382254141087,3.182744099693677,12.448961906916846,0.08503765048419283,0.021652878956249736
901,8636,29.999444444444446,1,2.95805353040763,2.939891975308642,4.0,80.33333333333333,98.81889763779527,5.300402944887159,8.872720621203715,3.071274884924144,0.8003162789811701
902,8637,29.999444444444446,1,2.2352983790809424,2.178858024691358,3.2,118.66666666666666,97.0244297788584,24.244543696740855,89.79476298693909,16.890396797829933,0.7922393688284622
903,8618,29.999444444444446,2,3.9341385470142143,4.2855131172839505,11.504999999999988,77.5,89.68438152703644,6.069426426669495,44.28659364603319,7.419471282243967,4.433289306165843
904,8634,29.999444444444446,1,1.1545077583472303,1.0644675925925926,1.8666666666666665,14.8,99.86101459346769,2.8360999921926044,10.07741057105199,0.0697315154924606,0.046946733291417096
905,8640,29.999444444444446,2,0.3933757716049383,0.3533179012345679,0.5,16.3,99.93055555555556,0.22953207734493192,0.004544753086419753,0.045555555555555544,0.017199074074074075
906,8619,29.999444444444446,1,1.272793227257202,1.252854938271605,1.6,27.2,99.88397725954286,6.460606518206565,0.028946342747247722,81.82259718115095,40.494794096403915
907,8620,29.999444444444446,1,0.14711805531411098,0.12985848063973063,0.6,10.4,99.91879350348027,6.403466397104096,0.02628398670162011,38.329074418427666,18.967182266689225
908,8635,29.999444444444446,1,0.00505280282350346,0.02183641975308642,0.0,10.8,99.95367689635205,3.8141046101830764,1.1721626414504236,6.565457993078143,3.4173338878839745
909,8634,29.999444444444446,1,2.158861383835324,1.881346450617284,4.410000000000011,67.13333333333333,96.53694695390317,4.7464381671012825,0.3969350129704542,540.9301465209821,270.4963150585805
91,8635,29.999444444444446,1,0.5305344202217394,1.0156365239698573,1.0666666666666669,13.8,99.96525767226404,7.644969024465812,9.622103995213434,0.4257278911013711,0.32420211326986076
910,8616,29.999444444444446,1,0.6329388568333554,0.007870370370370371,3.2,4.0,100.0,9.656807046830027,2.724672101987562,1.014596498492738,0.5503343652891006
911,8614,29.999444444444446,1,1.3632563821906754,0.039739557468410305,4.0,10.0,99.97678198281866,7.391863679570069,2.7723423662476367,2.060239698386901,1.0808313155770783
912,8617,29.999444444444446,1,0.0012146532049050326,0.008101851851851851,0.0,3.2,100.0,8.733145842973906,0.9045319237903664,0.07399188757550136,0.04145616546103954
913,8619,29.999444444444446,1,1.3040364863894276,0.015432098765432098,4.0,4.533333333333333,100.0,6.284223797235712,0.9853004712733219,0.17663854496433684,0.08883750738954359
914,8616,29.999444444444446,1,0.006553698545341999,0.0,0.0,5.4,99.98839368616528,7.869526510297169,2.6190429257629813,2.888516512567697,1.601611934890138
915,8614,29.999444444444446,1,0.02597322188685086,0.06820987654320987,0.0,6.066666666666666,99.98839099140933,7.857318920255793,2.628243459581978,10.517093913361617,5.397827884135058
916,8615,29.999444444444446,1,0.060709569014850494,0.07978395061728394,0.2,23.53333333333333,99.87231572838073,3.0831868884448306,0.03712229925230505,41.357468295875144,21.04378020863511
917,8617,29.999444444444446,1,20.340165334774827,20.123236331569665,30.933333333333334,59.0,0.06962980155506557,4.955751409039315,0.036679272721398745,2837.732526418432,1456.4271322439245
918,8611,29.999444444444446,1,0.092978645182222,0.24220679012345678,0.7333333333333333,14.933333333333332,99.9767738938567,2.406769628852839,0.03801763340725133,20.099247880469573,10.20296835965748
919,8613,29.999444444444446,1,0.19067959531212753,0.3056327160493827,1.3333333333333337,45.22222222222223,99.60524788110995,5.827052781881726,0.08766952985866257,102.06712030084549,51.89360169610953
92,8634,29.999444444444446,1,1.9594757609003615,1.9785108024691358,2.1333333333333333,16.0,99.96525364836693,8.809181822343822,9.740978847806504,0.047043802464233314,0.014366237576800465
920,8617,29.999444444444446,1,0.0009584113100418079,0.0,0.0,0.6666666666666667,100.0,1.9705732934346822,0.0353822547161296,1.4261783868781661,0.7365639482820636
921,8634,29.999444444444446,1,0.006461994109666104,0.011574074074074073,0.0,0.9333333333333332,100.0,4.4224540742273595,0.135383711339236,9.266578701585651,4.608885246480798
922,8617,29.999444444444446,1,0.033543595908688176,0.030372299382716048,0.0,9.133333333333333,99.90716026459324,2.539347615474465,0.03674991404479625,42.009754486097755,21.419799139843818
923,8619,29.999444444444446,1,2.303335962229105,0.36666666666666664,17.2,58.33333333333333,90.1496693351897,8.8660293963628,1.690772023673172,1130.466064346181,565.3772249955507
924,8612,29.999444444444446,1,0.08414552173841537,0.02449156746031746,0.0,49.11111111111112,99.51230840687413,8.092034791643247,1.3678069862608877,14.071586145959113,6.8731095709265695
925,8616,29.999444444444446,1,0.05784328478444077,0.014535108024691358,0.0666666666666666,9.066666666666666,99.9535747446611,6.35844560318612,0.05855661670424901,24.723547595239793,12.315159886538716
926,8616,29.999444444444446,1,0.05412238836681734,0.008101851851851853,0.0,8.933333333333334,99.96518105849582,6.88523874886755,0.05517435404273844,14.518586055180764,7.284864642411648
927,8616,29.999444444444446,1,0.0007505416279789539,0.0006944444444444445,0.0,0.6,100.0,6.157092675352349,0.054857150226231,0.20544941717469573,0.08196608405522054
928,8615,29.999444444444446,1,0.01122957393415896,0.0,0.0,3.333333333333333,100.0,6.01296313053783,0.06284933967174244,1.1224606650201543,0.5644043368767687
929,8616,29.999444444444446,1,0.018558956389736335,0.015432098765432098,0.0,29.133333333333336,99.9535747446611,8.02088554736001,0.3528615550986721,2.2319616696879927,1.073389485785029
93,8619,29.999444444444446,1,0.3207902705640262,0.18369708994708991,1.0666666666666669,17.2,99.98839772595429,2.4816257941597746,1.2652997203902179,10.379556600597326,6.544923649335414
930,8615,29.999444444444446,1,0.0011685045463339138,0.0002314814814814815,0.0,2.2,100.0,7.088211034808767,0.05311278777326368,4.6547508498466135,2.3601066799325654
931,8614,29.999444444444446,1,0.03253244704370778,0.018623737373737376,0.0,8.6,99.83747387973068,7.715411063483373,0.047498535053677834,20.386299587727493,10.437968474525242
932,8614,29.999444444444446,1,0.016277243639676888,0.0010030864197530865,0.0,4.866666666666667,100.0,7.073478776577971,0.052244639309301476,10.280128223168623,5.1226226595683295
933,8614,29.999444444444446,1,0.01964184720163359,0.0010802469135802466,0.0,46.8,99.94195495704666,6.935685461671063,0.054247238714385214,18.21211309779919,9.05530892372081
934,8616,29.999444444444446,1,0.21767612320363017,0.7700617283950616,1.4666666666666666,16.866666666666667,99.57056638811514,7.96813593757411,0.05250471763354771,436.75016401825246,218.46122842358045
935,8617,29.999444444444446,1,0.02896501780684211,0.02253086419753086,0.0,5.933333333333334,99.97679006614831,8.51672977428279,0.09437657780178377,15.056047645635092,7.525402550913169
938,3785,13.140127314814816,0,0.8860149391192984,3.7988828686745353,1.3333333333333337,86.2,98.73183619550858,2.563027242917182,2.0776166120683954,572.6298689480195,286.69602356838817
939,8636,29.999444444444446,4,9.348914017959293,8.164874063051146,24.924999999999997,67.9,25.578971746178787,14.92418930159914,574.1457373788402,510.3774659424641,423.240001465456
94,20265,29.999444444444446,1,0.1057269752754579,0.0,0.7333333333333333,3.0,100.0,5.4172038788473085,0.2965219531133669,0.002718320142450414,0.0013449149200444525
940,8634,29.999444444444446,4,8.104519817829843,8.420763406635801,19.372500000000006,31.53333333333333,34.93166550845495,11.579984375126662,1987.2843820664705,913.2011000253704,601.907469638307
941,8619,29.999444444444446,4,32.00173338814567,32.387180335097,32.684999999999995,40.11666666666667,0.0,12.756739956174547,5.9821329435669846,141.4426577283695,51.12753456789307
942,8616,29.999444444444446,4,20.388385408502053,20.415817901234572,42.520833333333336,72.26666666666667,0.0,16.932738861435155,4070.2687109605804,3175.7938987132234,1838.560167415634
943,8635,29.999444444444446,6,39.91269091210319,38.838293650793645,50.32222222222222,62.14444444444444,0.0,55.06224903470368,18621.501621954252,711.6088284760983,60.97582084421402
944,8630,29.999444444444446,2,2.3125666280417154,3.191139100651862,3.8,63.5,96.73232908458864,5.674196653415729,320.446120555124,65.70248798806448,40.69445933910302
945,8635,29.999444444444446,2,0.10410767415689245,0.013014155982905982,0.5,5.166666666666666,99.988419224088,1.5106463497789664,1.0904009851693697,0.02976829257084034,0.0025632117351862575
946,8615,29.999444444444446,4,0.5347293353612274,0.30958305776014106,1.0,4.5,100.0,0.36408877235214404,8.519949039481832,1.3925365148812623,0.8449320229006823
947,8619,29.999444444444446,2,0.2574833861076465,0.26258492664742666,0.5,8.0,99.61712495649148,2.06144927593992,5.355302506146572,0.5188685565121347,0.23519857178054182
949,8617,29.999444444444446,4,18.988823742260987,23.844160604056437,67.5,106.8,42.18405477544389,2.933667431040033,33799.040580227476,9163.746308176176,7147.091822655508
95,8616,29.999444444444446,1,0.057441179603435866,0.057793209876543204,0.2,8.666666666666666,99.96518105849582,3.0686413800250314,4.3228321463175226,0.8556159511591266,0.10489486913581618
950,8614,29.999444444444446,2,5.030570389288753e-05,0.00011574074074074075,0.0,0.1,100.0,0.21911632168684747,0.0012277908609461894,0.013881794494750146,0.006533660596813604
951,8614,29.999444444444446,2,5.235621275443077,4.701234567901235,32.233333333333334,108.5,88.49547248664965,1.5408866998983175,3587.5633730444156,377.0924535916061,360.47920715999425
952,8618,29.999444444444446,2,16.162992367538088,11.534573412698412,69.33333333333333,112.5,67.97400789046183,1.7896524839346255,10790.256917236666,3886.26755033761,2409.0465027517157
953,8614,29.999444444444446,2,3.740112251310591,4.071471327026883,9.611666666666649,108.13333333333334,93.48734618063618,2.4221501349876275,1622.416844709801,293.58119767972914,258.4933766778845
954,8618,29.999444444444446,2,5.377146129765648,6.585965057319224,31.953333333333283,102.9,88.25713622650267,3.763636399282921,2977.020092362834,861.8872288344439,841.501632242593
955,8635,29.999444444444446,1,0.5488830666856144,1.8959876543209877,1.3333333333333337,64.73333333333333,97.9154603358425,2.4900174505333736,1.4481472763869985,65.84420249312548,33.593459393337795
956,8614,29.999444444444446,1,0.15345796433270312,0.14066358024691358,0.2666666666666666,15.066666666666668,99.08288832133736,2.4560608199636844,5.261485593773148,2.8089881366988405,2.15913780998817
957,8634,29.999444444444446,4,1.7733361878514764,1.6449074074074075,6.866666666666666,32.016666666666666,92.84225156358582,1.7441498912989368,1348.1339388001134,345.040901557519,337.38611938405194
958,8616,29.999444444444446,4,44.02442302358737,42.978472222222216,53.9,62.3,0.0,23.66104218542695,19.238294180285823,2925.4669388855496,1253.485064892551
959,8640,29.999444444444446,1,0.201983024691358,0.20231481481481484,0.4,15.4,99.98842592592592,2.0677274292609167,0.7962808641975309,0.3254706790123456,0.07810185185185184
96,4021,13.963113425925926,0,0.12262171220141872,0.11415328587982121,0.2,41.26666666666667,99.90052225814475,1.597900558681308,6.067411457811857,1.3013739555644552,0.17390485664546843
960,8640,29.999444444444446,1,0.20833333333333334,0.21566358024691357,0.4,15.866666666666667,99.94212962962963,2.1915040049871624,0.7889506172839506,0.29790895061728395,0.07912037037037035
961,8640,29.999444444444446,1,0.21127314814814813,0.21689814814814815,0.4,15.933333333333332,99.94212962962963,2.569791504740174,0.7486882716049382,0.2983333333333334,0.07929012345679011
962,8640,29.999444444444446,1,0.14026234567901233,0.1483796296296296,0.4,9.466666666666669,99.97685185185186,2.317518940292324,12.940493827160495,0.28843364197530863,0.07752314814814813
963,8640,29.999444444444446,1,0.1155787037037037,0.11682098765432099,0.2666666666666666,15.533333333333331,99.98842592592592,1.9734723669039997,0.854158950617284,0.28488425925925925,0.07721450617283948
964,8632,29.999444444444446,1,0.3370187350493189,0.21879208754208757,0.8,2.0,100.0,5.940146257994335,1.411050459683453,0.00032685687806169707,0.00029789487620812894
965,8640,29.999444444444446,1,7.32153549382716,8.235339506172838,26.139999999999905,105.26666666666668,75.59027777777779,3.264899158870242,21.94218364197531,18.122445987654324,7.158641975308642
966,8640,29.999444444444446,4,2.8747029320987654,3.1006944444444446,6.85,54.91666666666667,91.94444444444444,5.557562150218763,25.289699074074075,11.486257716049382,4.88204475308642
967,8640,29.999444444444446,4,1.3989081790123457,1.4640046296296296,2.2666666666666666,48.0,99.54861111111111,2.0574950684302946,16.174097222222223,3.0013271604938274,1.8870756172839505
968,3767,13.140127314814816,4,2.009112898428003,2.1121527777777778,1.9333333333333331,55.53333333333333,98.56649853995222,1.7855400390141862,18.18032299971509,6.9506238385983545,2.5921245907441817
969,8640,29.999444444444446,1,1.3058564814814813,1.3203703703703704,2.2,11.866666666666667,97.93981481481482,4.239844288355039,28.647700617283952,10.650100308641976,7.259351851851852
97,23686,29.999444444444446,1,0.0472553608118921,0.0,0.0,2.285714285714286,100.0,4.641955833042876,0.19378274488043973,0.003055049597310848,0.002415330735857629
970,8640,29.999444444444446,1,72.22468364197532,81.17816358024692,100.26666666666668,108.13333333333334,0.0,17.567238780625427,384.420524691358,102.3304012345679,25.349930555555556
971,8640,29.999444444444446,8,15.60621141975309,17.312201003086418,22.991666666666664,53.1,0.0,32.78449941744724,2937.7898070987653,506.12390432098766,177.0420061728395
972,8640,29.999444444444446,8,8.070681905864197,8.00216049382716,15.32541666666666,25.683333333333334,12.939814814814815,9.301150154539622,1307.2852314814816,311.731612654321,3.9417592592592596
973,8640,29.999444444444446,1,6.25359582739791,4.731655092592593,19.603333333333286,103.46666666666664,79.13194444444444,14.87334953645477,780.5110992826618,145.6687363909239,2.392804529575363
974,8640,29.999444444444446,1,1.2772916666666665,1.1847993827160495,2.0,12.2,98.79629629629629,4.443081345087216,28.50395833333333,7.479274691358024,5.311087962962963
975,8640,29.999444444444446,4,0.7711516203703703,0.6681134259259259,1.0174999999999879,68.48333333333333,98.4375,1.747109557036855,19.339236111111113,1.9038811728395062,0.7279012345679013
976,8640,29.999444444444446,2,6.848514660493827,7.672800925925926,8.668333333333308,114.03333333333336,86.4699074074074,11.035576837212924,159.78381944444448,2.5777854938271605,1.649567901234568
977,8640,29.999444444444446,2,30.028773148148147,28.34050925925926,66.0,87.66666666666666,0.0,15.238198510762645,982.4326554232803,538.5401697530864,240.30700617283952
978,8640,29.999444444444446,1,27.75400462962963,29.483796296296298,94.93999999999991,111.06666666666666,0.0,36.54659103464197,510.61852623456787,133.02332561728397,1.6995601851851851
979,8640,29.999444444444446,2,5.087989969135803,4.150501543209877,7.2,25.066666666666663,40.03472222222222,22.028866820865208,24.281859567901233,2.012631172839506,1.479050925925926
98,8614,29.999444444444446,2,1.2158591621210613,1.4927385090768637,1.6,8.366666666666667,99.88390991409334,5.260870796750656,9.754690060732548,3.0869658615769597,1.6445069899272362
980,8640,29.999444444444446,4,43.95329089506173,44.65237268518518,50.08333333333333,68.61666666666667,0.0,27.003305114572203,1141.0249228395062,372.780262345679,33.01257716049382
981,8640,29.999444444444446,4,3.8615760030864195,4.240972222222222,4.616666666666667,57.75,95.4050925925926,10.921952383700928,411.4271450617284,3.5397839506172835,2.347229938271605
982,8640,29.999444444444446,4,3.867503858024692,4.017766203703704,4.8,27.8,96.04166666666667,10.82875565044058,228.94446759259256,8.138541666666667,4.3805401234567904
983,8640,29.999444444444446,2,38.40784336419753,50.57743055555555,72.46666666666667,101.73333333333332,0.0,10.826471194440938,311.2161105599647,88.4252700617284,28.595856481481484
984,8640,29.999444444444446,2,30.906323302469133,35.77276234567901,69.2,83.6,0.49768518518518523,13.214498637929376,228.58770833333332,119.5705324074074,10.405239197530864
985,8640,29.999444444444446,2,1.9954398148148147,2.029166666666667,2.2,40.4,98.88888888888889,3.240688559081099,5.179776234567901,1.4797608024691355,0.7904552469135802
986,8640,29.999444444444446,2,1.950991512345679,2.2243827160493828,2.4,46.4,99.23611111111111,2.68390767310668,6.088433641975309,0.28855709876543206,0.1404475308641975
987,8640,29.999444444444446,2,4.680883487654321,4.580825617283951,5.633333333333334,19.366666666666667,75.05787037037037,11.304419956089538,12.011936728395062,2.7696527777777775,1.6128395061728393
988,8640,29.999444444444446,2,1.1574614197530864,1.1956404320987655,1.2666666666666666,22.833333333333336,98.26388888888889,5.099027581420946,9.378989197530865,1.3043132716049382,0.7169367283950617
989,8640,29.999444444444446,2,2.4712229938271606,2.4914351851851855,2.8666666666666667,21.2,99.87268518518519,4.431021365854475,7.230424382716049,0.13145833333333332,0.07039351851851852
99,8619,29.999444444444446,1,0.27989717254423135,0.2045524691358025,0.7333333333333333,12.6,99.95359090381714,5.852235734924744,4.090569228247613,0.22143731209168027,0.05596370698180653
990,8640,29.999444444444446,4,6.302235725308642,6.547434413580247,15.7,35.1,42.245370370370374,21.751032391827767,4343.2422916666665,402.47031635802466,271.6231481481482
991,8640,29.999444444444446,2,4.3493055555555555,4.032716049382716,5.666666666666666,67.73333333333333,79.39814814814815,8.366214685234024,112.61228395061728,29.80096450617284,11.161682098765432
992,8640,29.999444444444446,2,0.3754166666666666,0.5371527777777778,0.8,12.966666666666669,99.61805555555556,2.8438909120029874,6.401882716049382,0.6898765432098765,0.43
993,8640,29.999444444444446,2,13.099702932098765,13.376774691358024,15.7,18.933333333333334,0.0,8.179015431875063,108.62652777777777,0.243341049382716,0.1065972222222222
994,8640,29.999444444444446,4,0.354579475308642,0.32914737654321,0.15,23.516666666666666,98.17129629629629,2.744646468897447,20.59846450617284,17.168773148148148,3.0202237654320987
995,8640,29.999444444444446,2,3.962249228395061,4.062461419753086,12.534999999999973,64.26666666666667,84.27083333333333,15.863850524018515,31.949830246913578,27.139830246913583,1.1238734567901234
996,8640,29.999444444444446,4,5.288184799382717,4.76622299382716,27.316666666666663,65.86666666666667,73.28703703703704,18.75272613076485,2280.383603395062,17.43416666666667,5.512438271604938
997,8640,29.999444444444446,8,47.91390914351852,47.10647183641975,65.04208333333334,86.51666666666667,0.0,72.36249743463699,89993.4650369268,418.30069940476193,118.51286430776015
998,8640,29.999444444444446,2,49.70104938271605,49.879938271604935,53.5,57.0,0.0,0.0,0.0,0.0,0.0
999,8640,29.999444444444446,4,0.003288966049382714,0.0025462962962962956,0.0,5.216666666666666,99.98842592592592,5.2918888215632505,0.7127006172839506,0.10060185185185185,0.002029320987654321
